work_wikidata_id,work_name,work_type,release_or_first_broadcast_date,imdb_id,tmdb_movie_id,tmdb_tv_id,wikidata_work_url
Q913078,Traffic Crossing Leeds Bridge,short film,1888-01-01,tt0343112,16464,,https://www.wikidata.org/wiki/Q913078
Q267176,郎德海花园场景,silent short film,1888-10-14,tt0392728,16463,,https://www.wikidata.org/wiki/Q267176
Q20501379,Hyde Park Corner,short film,1889-01-01,tt2116898,355764,,https://www.wikidata.org/wiki/Q20501379
Q1989298,"Leisurely Pedestrians, Open Topped Buses and Hansom Cabs with Trotting Horses",short film,1889-01-01,tt0466876,32406 | 355764,,https://www.wikidata.org/wiki/Q1989298
Q18465764,"Traffic in King's Road, Chelsea",short film,1890-01-01,tt2116968,355846,,https://www.wikidata.org/wiki/Q18465764
Q2913387,伦敦特拉法加广场,short film,1890-01-01,tt1202028,33316,,https://www.wikidata.org/wiki/Q2913387
Q130455548,Hyde Park Bicycling Scene,short film,1896-01-01,tt1318026,181376,,https://www.wikidata.org/wiki/Q130455548
Q124713861,Negro Street Dancers,short film,1896-03-10,tt0928159,190564,,https://www.wikidata.org/wiki/Q124713861
Q16988802,Diving Lucy,film,1903-01-01,tt1056050,196060,,https://www.wikidata.org/wiki/Q16988802
Q3986838,The Eternal City,film,1915-01-01,tt0005250,655787,,https://www.wikidata.org/wiki/Q3986838
Q969250,戰火浩劫,film,1918-03-12,tt0009150,174924,,https://www.wikidata.org/wiki/Q969250
Q2003242,夏洛克·福尔摩斯,film,1922-01-01,tt0013597,53800,,https://www.wikidata.org/wiki/Q2003242
Q7977678,We Moderns,film,1925-01-01,tt0016507,456384,,https://www.wikidata.org/wiki/Q7977678
Q1058426,父兒情深,film,1927-01-01,tt0018429,183587,,https://www.wikidata.org/wiki/Q1058426
Q7738807,The Happy Ending,film,1931-01-01,tt0150827,473693,,https://www.wikidata.org/wiki/Q7738807
Q2156798,Jew Suss,film,1934-01-01,tt0025329,172214,,https://www.wikidata.org/wiki/Q2156798
Q17017833,Play Up the Band,film,1935-01-01,tt0168127,232417,,https://www.wikidata.org/wiki/Q17017833
Q501105,三十九级台阶,film,1935-01-01,tt0026029,260,,https://www.wikidata.org/wiki/Q501105
Q7679685,Talk of the Devil,film,1936-01-01,tt0029637,578806,,https://www.wikidata.org/wiki/Q7679685
Q7997600,Whom the Gods Love,film,1936-01-01,tt0029772,238759,,https://www.wikidata.org/wiki/Q7997600
Q5152094,Command Performance,film,1937-01-01,tt0028733,23424,,https://www.wikidata.org/wiki/Q5152094
Q16952906,Cross My Heart,film,1937-01-01,tt0159381,,,https://www.wikidata.org/wiki/Q16952906
Q5521276,Gangway,film,1937-01-01,tt0028918,291758,,https://www.wikidata.org/wiki/Q5521276
Q113642168,Haifa Celebrates the Coronation of King George VI,short film,1937-01-01,,,,https://www.wikidata.org/wiki/Q113642168
Q5880305,Holiday's End,film,1937-01-01,tt0144237,,,https://www.wikidata.org/wiki/Q5880305
Q6182136,Jericho,film,1937-01-01,tt0029064,113749,,https://www.wikidata.org/wiki/Q6182136
Q113642165,Jerusalem Celebrates the Coronation of King George VI,short film,1937-01-01,,,,https://www.wikidata.org/wiki/Q113642165
Q6483026,Lancashire Luck,film,1937-01-01,tt0029107,1474196,,https://www.wikidata.org/wiki/Q6483026
Q6670579,London Melody,film,1937-01-01,tt0029160,253928,,https://www.wikidata.org/wiki/Q6670579
Q6842728,Midnight Menace,film,1937-01-01,tt0029240,246883,,https://www.wikidata.org/wiki/Q6842728
Q113642166,Netanya Celebrates the Coronation of King George VI,short film,1937-01-01,,,,https://www.wikidata.org/wiki/Q113642166
Q7110631,Our Fighting Navy,film,1937-01-01,tt0029357,292738,,https://www.wikidata.org/wiki/Q7110631
Q12127543,Smash and Grab,film,1937-01-01,tt0033813,370127,,https://www.wikidata.org/wiki/Q12127543
Q7578589,Splinters in the Air,film,1937-01-01,tt0169263,1225965,,https://www.wikidata.org/wiki/Q7578589
Q7641378,Sunset in Vienna,film,1937-01-01,tt0029619,,,https://www.wikidata.org/wiki/Q7641378
Q113642163,Tel Aviv Celebrates the Coronation of King George VI,short film,1937-01-01,,,,https://www.wikidata.org/wiki/Q113642163
Q7721771,The Cavalier of the Streets,film,1937-01-01,tt0165134,,,https://www.wikidata.org/wiki/Q7721771
Q2605272,The Edge of the World,film,1937-01-01,tt0028818,44407,,https://www.wikidata.org/wiki/Q2605272
Q7735334,The Frog,film,1937-01-01,tt0027646,1009473,,https://www.wikidata.org/wiki/Q7735334
Q7745639,The Last Curtain,film,1937-01-01,tt0029117,546599,,https://www.wikidata.org/wiki/Q7745639
Q498983,年少無知,film,1937-01-01,tt0029811,2762,,https://www.wikidata.org/wiki/Q498983
Q20814810,The Fatal Hour,film,1937-05-01,tt0134651,,,https://www.wikidata.org/wiki/Q20814810
Q25136827,Night Ride,film,1937-06-01,tt0159597,322107,,https://www.wikidata.org/wiki/Q25136827
Q20022642,Mr. Smith Carries On,film,1937-09-01,tt0029268,,,https://www.wikidata.org/wiki/Q20022642
Q24886838,"Missing, Believed Married",film,1937-09-24,tt0029254,547737,,https://www.wikidata.org/wiki/Q24886838
Q4659765,A Spot of Bother,film,1938-01-01,tt0170615,333328,,https://www.wikidata.org/wiki/Q4659765
Q970195,Break the News,film,1938-01-01,tt0029944,281599,,https://www.wikidata.org/wiki/Q970195
Q5133664,Climbing High,film,1938-01-01,tt0031161,283404,,https://www.wikidata.org/wiki/Q5133664
Q16952460,Crackerjack,film,1938-01-01,tt0030021,258279,,https://www.wikidata.org/wiki/Q16952460
Q16992265,Follow Your Star,film,1938-01-01,tt0028885,,,https://www.wikidata.org/wiki/Q16992265
Q6014584,Incident in Shanghai,film,1938-01-01,tt0159492,425133,,https://www.wikidata.org/wiki/Q6014584
Q6383084,Keep Smiling,film,1938-01-01,tt0031939,284662,,https://www.wikidata.org/wiki/Q6383084
Q6404367,Kicking the Moon Around,film,1938-01-01,tt0030319,259339,,https://www.wikidata.org/wiki/Q6404367
Q12125730,Lightning Conductor,film,1938-01-01,tt0030367,,,https://www.wikidata.org/wiki/Q12125730
Q7400196,Sailing Along,film,1938-01-01,tt0030708,210718,,https://www.wikidata.org/wiki/Q7400196
Q7621343,Strange Boarders,film,1938-01-01,tt0030803,341028,,https://www.wikidata.org/wiki/Q7621343
Q7764664,The Sky's the Limit,film,1938-01-01,tt0030762,1282039,,https://www.wikidata.org/wiki/Q7764664
Q7786134,This Man Is News,film,1938-01-01,tt0032025,259526,,https://www.wikidata.org/wiki/Q7786134
Q1196539,卖花女,film,1938-01-01,tt0030637,25016,,https://www.wikidata.org/wiki/Q1196539
Q7549542,So This Is London,film,1939-01-01,tt0033068,342711,,https://www.wikidata.org/wiki/Q7549542
Q7618619,Stolen Life,film,1939-01-01,tt0031979,256093,,https://www.wikidata.org/wiki/Q7618619
Q7751395,The Mikado,film,1939-01-01,tt0031650,68201,,https://www.wikidata.org/wiki/Q7751395
Q7764665,天空的极限,film,1943-01-01,tt0036363,43515,,https://www.wikidata.org/wiki/Q7764665
Q2298679,死亡之夜,film,1945-09-09,tt0037635,13581,,https://www.wikidata.org/wiki/Q2298679
Q2377738,Green for Danger,film,1946-01-01,tt0038577,29589,,https://www.wikidata.org/wiki/Q2377738
Q1282209,孤星血泪,film,1946-01-01,tt0038574,14320,,https://www.wikidata.org/wiki/Q1282209
Q5036575,Captain Boycott,film,1947-01-01,tt0039242,197603,,https://www.wikidata.org/wiki/Q5036575
Q7677753,Take My Life,film,1947-01-01,tt0039883,126923,,https://www.wikidata.org/wiki/Q7677753
Q7775549,The Woman in the Hall,film,1947-01-01,tt0039999,291552,,https://www.wikidata.org/wiki/Q7775549
Q252529,黑水仙,film,1947-01-01,tt0039192,16391,,https://www.wikidata.org/wiki/Q252529
Q7732134,The End of the River,film,1947-12-01,tt0039356,259470,,https://www.wikidata.org/wiki/Q7732134
Q5401320,Esther Waters,film,1948-01-01,tt0040328,161041,,https://www.wikidata.org/wiki/Q5401320
Q1937179,London Belongs to Me,film,1948-01-01,tt0040548,130649,,https://www.wikidata.org/wiki/Q1937179
Q3190248,怒海情花,film,1948-01-01,tt0039195,129815,,https://www.wikidata.org/wiki/Q3190248
Q625780,红菱艳,film,1948-01-01,tt0040725,19542,,https://www.wikidata.org/wiki/Q625780
Q645752,雾都孤儿,film,1948-01-01,tt0040662,10949,,https://www.wikidata.org/wiki/Q645752
Q4729229,All Over the Town,film,1949-01-01,tt0041111,258094,,https://www.wikidata.org/wiki/Q4729229
Q4952717,Boys in Brown,film,1949-01-01,tt0041204,183918,,https://www.wikidata.org/wiki/Q4952717
Q5246907,Dear Mr. Prohack,film,1949-01-01,tt0041285,182063,,https://www.wikidata.org/wiki/Q5246907
Q5460134,Floodtide,film,1949-01-01,tt0041376,238364,,https://www.wikidata.org/wiki/Q5460134
Q5465694,Fools Rush In,film,1949-01-01,tt0041379,281194,,https://www.wikidata.org/wiki/Q5465694
Q7091817,Once Upon a Dream,film,1949-01-01,tt0039679,336141,,https://www.wikidata.org/wiki/Q7091817
Q7207417,Poet's Pub,film,1949-01-01,tt0041754,252753,,https://www.wikidata.org/wiki/Q7207417
Q7619745,Stop Press Girl,film,1949-01-01,tt0041919,254281,,https://www.wikidata.org/wiki/Q7619745
Q7765846,The Spider and the Fly,film,1949-01-01,tt0041911,211490,,https://www.wikidata.org/wiki/Q7765846
Q7969833,Warning to Wantons,film,1949-01-01,tt0040950,418658,,https://www.wikidata.org/wiki/Q7969833
Q7091902,亡命英雄,film,1949-01-01,tt0040666,79495,,https://www.wikidata.org/wiki/Q7091902
Q3230478,深情的朋友,film,1949-01-01,tt0041735,51618,,https://www.wikidata.org/wiki/Q3230478
Q1217963,藍色珊瑚礁,film,1949-01-01,tt0041190,228074,,https://www.wikidata.org/wiki/Q1217963
Q3509730,隱密的房間,film,1949-01-01,tt0041460,35852,,https://www.wikidata.org/wiki/Q3509730
Q353753,仁心与冠冕,film,1949-06-23,tt0041546,11898,,https://www.wikidata.org/wiki/Q353753
Q16981268,Four Men in Prison,film,1950-01-01,tt1883192,358129,,https://www.wikidata.org/wiki/Q16981268
Q2656457,Madeleine,film,1950-01-01,tt0042700,46995,,https://www.wikidata.org/wiki/Q2656457
Q3482816,So Long at the Fair,film,1950-01-01,tt0042980,67411,,https://www.wikidata.org/wiki/Q3482816
Q3580157,The Astonished Heart,film,1950-01-01,tt0041134,165355,,https://www.wikidata.org/wiki/Q3580157
Q7822258,Tony Draws a Horse,film,1950-01-01,tt0043055,305792,,https://www.wikidata.org/wiki/Q7822258
Q7843073,三重奏,film,1950-01-01,tt0042752,134168,,https://www.wikidata.org/wiki/Q7843073
Q7974065,人海波瀾,film,1950-01-01,tt0043121,106041,,https://www.wikidata.org/wiki/Q7974065
Q5579773,北菲艷影,film,1950-01-01,tt0043594,79399,,https://www.wikidata.org/wiki/Q5579773
Q7775538,千面女人妖,film,1950-01-01,tt0043140,27256,,https://www.wikidata.org/wiki/Q7775538
Q425904,四海本色,film,1950-01-01,tt0042788,19119,,https://www.wikidata.org/wiki/Q425904
Q5759531,細菌間諜戰,film,1950-01-01,tt0042553,87588,,https://www.wikidata.org/wiki/Q5759531
Q7240098,Prelude to Fame,film,1950-05-02,tt0042856,210715,,https://www.wikidata.org/wiki/Q7240098
Q2905565,Blackmailed,film,1951-01-01,tt0042257,181876,,https://www.wikidata.org/wiki/Q2905565
Q12100429,The Adventurers,film,1951-01-01,tt0043263,333025,,https://www.wikidata.org/wiki/Q12100429
Q113655728,The British Delegate Presents His Credentials,short film,1951-01-01,,,,https://www.wikidata.org/wiki/Q113655728
Q7723500,The Clouded Yellow,film,1951-01-01,tt0042333,38103,,https://www.wikidata.org/wiki/Q7723500
Q7735650,The Galloping Major,film,1951-01-01,tt0043574,191263,,https://www.wikidata.org/wiki/Q7735650
Q7912325,Valley of Eagles,film,1951-01-01,tt0044178,115829,,https://www.wikidata.org/wiki/Q7912325
Q4781641,孤島抗敵記,film,1951-01-01,tt0043293,140429,,https://www.wikidata.org/wiki/Q4781641
Q5375525,安可,film,1951-01-01,tt0044586,197647,,https://www.wikidata.org/wiki/Q5375525
Q1628022,峰途路轉 (1951年電影),film,1951-01-01,tt0043362,39946,,https://www.wikidata.org/wiki/Q1628022
Q5757328,智殲叛國黨,film,1951-01-01,tt0043637,87378,,https://www.wikidata.org/wiki/Q5757328
Q5911932,蕯哈拉妖姬,film,1951-01-01,tt0043658,39485,,https://www.wikidata.org/wiki/Q5911932
Q7994606,藥爐紅粉,film,1951-01-01,tt0044214,317677,,https://www.wikidata.org/wiki/Q7994606
Q12059508,香車美人,film,1951-01-01,tt0043618,127602,,https://www.wikidata.org/wiki/Q12059508
Q113667586,Children Reenact Olympic games,short film,1952-01-01,,,,https://www.wikidata.org/wiki/Q113667586
Q16991846,Escape Route,film,1952-01-01,tt0044596,270820,,https://www.wikidata.org/wiki/Q16991846
Q113655885,Inauguration of Childrens Home in Givatayim,short film,1952-01-01,,,,https://www.wikidata.org/wiki/Q113655885
Q6726728,Made in Heaven,film,1952-01-01,tt0044864,121700,,https://www.wikidata.org/wiki/Q6726728
Q6807763,Meet Me Tonight,film,1952-01-01,tt0045243,168315,,https://www.wikidata.org/wiki/Q6807763
Q7560135,Something Money Can't Buy,film,1952-01-01,tt0045172,789437,,https://www.wikidata.org/wiki/Q7560135
Q3545625,The Long Memory,film,1952-01-01,tt0044849,50208,,https://www.wikidata.org/wiki/Q3545625
Q3208719,The Planter's Wife,film,1952-01-01,tt0045005,176089,,https://www.wikidata.org/wiki/Q3208719
Q7919727,Venetian Bird,film,1952-01-01,tt0044378,84734,,https://www.wikidata.org/wiki/Q7919727
Q12105566,卡片,film,1952-01-01,tt0045056,43369,,https://www.wikidata.org/wiki/Q12105566
Q55597006,枝頭鳳,film,1952-01-01,tt0045020,50755,,https://www.wikidata.org/wiki/Q55597006
Q931739,獵殺（1952年電影）,film,1952-01-01,tt0045201,131074,,https://www.wikidata.org/wiki/Q931739
Q6092037,綺羅春夢,film,1952-01-01,tt0044759,248652,,https://www.wikidata.org/wiki/Q6092037
Q1360769,贵在真诚,film,1952-01-01,tt0044744,20324,,https://www.wikidata.org/wiki/Q1360769
Q735410,劫後英雄傳,film,1952-06-12,tt0044760,26175,,https://www.wikidata.org/wiki/Q735410
Q1508611,青樓情孽,film,1952-12-23,tt0044926,10910,,https://www.wikidata.org/wiki/Q1508611
Q4656335,A Day to Remember,film,1953-01-01,tt0045672,224921,,https://www.wikidata.org/wiki/Q4656335
Q113656329,Armistice Day,short film,1953-01-01,,,,https://www.wikidata.org/wiki/Q113656329
Q12113912,Desperate Moment,film,1953-01-01,tt0045681,181871,,https://www.wikidata.org/wiki/Q12113912
Q113668771,"News From the United Kingdom, June 1953",short film,1953-01-01,,,,https://www.wikidata.org/wiki/Q113668771
Q7170471,Personal Affair,film,1953-01-01,tt0046181,106477,,https://www.wikidata.org/wiki/Q7170471
Q7733947,The Final Test,film,1953-01-01,tt0045769,182946,,https://www.wikidata.org/wiki/Q7733947
Q6491056,The Net,film,1953-01-01,tt0046123,235081,,https://www.wikidata.org/wiki/Q6491056
Q7824671,Top of the Form,film,1953-01-01,tt0046444,392333,,https://www.wikidata.org/wiki/Q7824671
Q2605666,Turn the Key Softly,film,1953-01-01,tt0046471,143128,,https://www.wikidata.org/wiki/Q2605666
Q12129803,儍人艷福,film,1953-01-01,tt0046464,38388,,https://www.wikidata.org/wiki/Q12129803
Q1887789,生死一戰,film,1953-01-01,tt0046029,65489,,https://www.wikidata.org/wiki/Q1887789
Q1122534,红尘,film,1953-01-01,tt0046085,25009,,https://www.wikidata.org/wiki/Q1122534
Q7721274,船长的天堂,film,1953-01-01,tt0045607,43354,,https://www.wikidata.org/wiki/Q7721274
Q826565,飛車艷史,film,1953-01-01,tt0045808,43346,,https://www.wikidata.org/wiki/Q826565
Q1251157,寶劍玫瑰,film,1953-07-23,tt0046387,64851,,https://www.wikidata.org/wiki/Q1251157
Q3092,諜網亡魂,film,1953-12-10,tt0046031,3014,,https://www.wikidata.org/wiki/Q3092
Q2812289,小绑匪,film,1953-12-17,tt0046006,47675,,https://www.wikidata.org/wiki/Q2812289
Q5437015,Fast and Loose,film,1954-01-01,tt0045755,139154,,https://www.wikidata.org/wiki/Q5437015
Q5467315,Forbidden Cargo,film,1954-01-01,tt0046992,176546,,https://www.wikidata.org/wiki/Q5467315
Q6725903,Mad About Men,film,1954-01-01,tt0047199,112049,,https://www.wikidata.org/wiki/Q6725903
Q113656714,"News Flashes from Around the World: Italy, UK, USA",short film,1954-01-01,,,,https://www.wikidata.org/wiki/Q113656714
Q113637711,News From Around the World,short film,1954-01-01,,,,https://www.wikidata.org/wiki/Q113637711
Q3227123,The Black Knight,film,1954-01-01,tt0046786,35692,,https://www.wikidata.org/wiki/Q3227123
Q113657229,The British Ambassador Visits Tel Aviv Mayor Chaim Levanon,short film,1954-01-01,,,,https://www.wikidata.org/wiki/Q113657229
Q113656702,World news,short film,1954-01-01,,,,https://www.wikidata.org/wiki/Q113656702
Q12124737,怒海屠鯨,film,1954-01-01,tt0047072,125310,,https://www.wikidata.org/wiki/Q12124737
Q8057330,春滿蘭宮,film,1954-01-01,tt0047687,294890,,https://www.wikidata.org/wiki/Q8057330
Q319263,春色無邊滿杏林,film,1954-01-01,tt0046921,68242,,https://www.wikidata.org/wiki/Q319263
Q3090898,浪淘沙,film,1954-01-01,tt0046756,263271,,https://www.wikidata.org/wiki/Q3090898
Q490300,百万英镑,film,1954-01-01,tt0046072,34000,,https://www.wikidata.org/wiki/Q490300
Q1426983,紫色平原,film,1954-01-01,tt0047376,73907,,https://www.wikidata.org/wiki/Q1426983
Q7763228,英魂鹃血,film,1954-01-01,tt0047467,141173,,https://www.wikidata.org/wiki/Q7763228
Q3416446,青春之戀,film,1954-01-01,tt0046846,110338,,https://www.wikidata.org/wiki/Q3416446
Q113638047,A New British Plane is Purchased by El Al,short film,1955-01-01,,,,https://www.wikidata.org/wiki/Q113638047
Q4729957,All for Mary,film,1955-01-01,tt0047812,578301,,https://www.wikidata.org/wiki/Q4729957
Q2844865,An Alligator Named Daisy,film,1955-01-01,tt0047813,252721,,https://www.wikidata.org/wiki/Q2844865
Q4802930,As Long as They're Happy,film,1955-01-01,tt0047841,183656,,https://www.wikidata.org/wiki/Q4802930
Q113669850,Babies House Inaugurated by the WIZO Movement in Jerusalem,short film,1955-01-01,,,,https://www.wikidata.org/wiki/Q113669850
Q113637945,Disabled Athletes Train for an International Sports Competition,short film,1955-01-01,,,,https://www.wikidata.org/wiki/Q113637945
Q113638034,Foreign Representatives Visit Israel,short film,1955-01-01,,,,https://www.wikidata.org/wiki/Q113638034
Q4210005,Man of the Moment,film,1955-01-01,tt0048346,38382,,https://www.wikidata.org/wiki/Q4210005
Q113637828,"News from Around the World: UK, USA, Soviet Union (Georgia)",short film,1955-01-01,,,,https://www.wikidata.org/wiki/Q113637828
Q7092679,One Good Turn,film,1955-01-01,tt0047298,38385,,https://www.wikidata.org/wiki/Q7092679
Q3791672,Passage Home,film,1955-01-01,tt0048470,259579,,https://www.wikidata.org/wiki/Q3791672
Q113670906,Test Flight for Britannia Airplane Lands at Lod Airport,short film,1955-01-01,,,,https://www.wikidata.org/wiki/Q113670906
Q7912754,Value for Money,film,1955-01-01,tt0048772,171394,,https://www.wikidata.org/wiki/Q7912754
Q3421398,主教抗暴記,film,1955-01-01,tt0048512,52857,,https://www.wikidata.org/wiki/Q3421398
Q6683800,失孩記,film,1955-01-01,tt0048315,129084,,https://www.wikidata.org/wiki/Q6683800
Q3354874,威震大西洋,film,1955-01-01,tt0047797,28909,,https://www.wikidata.org/wiki/Q3354874
Q3715989,巴黎艷蹟,film,1955-01-01,tt0048730,59141,,https://www.wikidata.org/wiki/Q3715989
Q448831,春色无边满绿波,film,1955-01-01,tt0048001,68339,,https://www.wikidata.org/wiki/Q448831
Q3495081,辛巴,film,1955-01-01,tt0048620,76119,,https://www.wikidata.org/wiki/Q3495081
Q3230815,鐵血勤王,film,1955-01-01,tt0048528,76231,,https://www.wikidata.org/wiki/Q3230815
Q7775526,雜技團血淚史,film,1955-01-01,tt0048810,395360,,https://www.wikidata.org/wiki/Q7775526
Q12127508,香閨艷史,film,1955-01-01,tt0048621,153327,,https://www.wikidata.org/wiki/Q12127508
Q3415117,Checkpoint,film,1956-01-01,tt0049065,173707,,https://www.wikidata.org/wiki/Q3415117
Q6120037,Jacqueline,film,1956-01-01,tt0049377,233561,,https://www.wikidata.org/wiki/Q6120037
Q6311308,Jumping for Joy,film,1956-01-01,tt0048237,466752,,https://www.wikidata.org/wiki/Q6311308
Q1748960,The Iron Petticoat,film,1956-01-01,tt0049369,40953,,https://www.wikidata.org/wiki/Q1748960
Q1199631,The Spanish Gardener,film,1956-01-01,tt0049787,123354,,https://www.wikidata.org/wiki/Q1199631
Q7801529,Tiger in the Smoke,film,1956-01-01,tt0049854,80082,,https://www.wikidata.org/wiki/Q7801529
Q3552072,Up in the World,film,1956-01-01,tt0049906,38389,,https://www.wikidata.org/wiki/Q3552072
Q113640757,"World News, 1955 Highlights",short film,1956-01-01,,,,https://www.wikidata.org/wiki/Q113640757
Q113671619,"World News, September 1956",short film,1956-01-01,,,,https://www.wikidata.org/wiki/Q113671619
Q492861,大西洋爭霸戰,film,1956-01-01,tt0048990,17591,,https://www.wikidata.org/wiki/Q492861
Q1423235,白鲸记,film,1956-01-01,tt0049513,10339,,https://www.wikidata.org/wiki/Q1423235
Q3426437,百戰忠魂,film,1956-01-01,tt0049014,73449,,https://www.wikidata.org/wiki/Q3426437
Q5422875,目擊者,film,1956-01-01,tt0049196,170412,,https://www.wikidata.org/wiki/Q5422875
Q1289297,秘屋,film,1956-01-01,tt0049339,126081,,https://www.wikidata.org/wiki/Q1289297
Q3425311,萬劫哀鴻,film,1956-01-01,tt0049871,88558,,https://www.wikidata.org/wiki/Q3425311
Q303495,晴空浴血戰,film,1956-07-10,tt0049665,22350,,https://www.wikidata.org/wiki/Q303495
Q696057,环游世界八十天,film,1956-10-17,tt0048960,2897,,https://www.wikidata.org/wiki/Q696057
Q113656869,A Ceremony Marking the Armistice Day in the British Cemetery,short film,1957-01-01,,,,https://www.wikidata.org/wiki/Q113656869
Q113658052,"Britains New Prime Minister, 1957",short film,1957-01-01,,,,https://www.wikidata.org/wiki/Q113658052
Q3213431,Campbell's Kingdom,film,1957-01-01,tt0050225,75683,,https://www.wikidata.org/wiki/Q3213431
Q113656861,El Al's New Aircrafts,short film,1957-01-01,,,,https://www.wikidata.org/wiki/Q113656861
Q113658210,Hydrogen Bombs Nuclear Test Conducted by Britain During Operation Grapple,short film,1957-01-01,,,,https://www.wikidata.org/wiki/Q113658210
Q6316229,Just My Luck,film,1957-01-01,tt0050580,38381,,https://www.wikidata.org/wiki/Q6316229
Q3382446,Nice Time,short film,1957-01-01,tt0201798,117477,,https://www.wikidata.org/wiki/Q3382446
Q3235471,Seven Thunders,film,1957-01-01,tt0050174,137603,,https://www.wikidata.org/wiki/Q3235471
Q7763067,The Secret Place,film,1957-01-01,tt0050947,172585,,https://www.wikidata.org/wiki/Q7763067
Q3225937,寶劍飛龍,film,1957-01-01,tt0050287,169338,,https://www.wikidata.org/wiki/Q3225937
Q7340832,新金山羅賓漢,film,1957-01-01,tt0050904,269519,,https://www.wikidata.org/wiki/Q7340832
Q4677339,春色無邊滿人間,film,1957-01-01,tt0050323,68340,,https://www.wikidata.org/wiki/Q4677339
Q188718,桂河大桥,film,1957-01-01,tt0050212,826,,https://www.wikidata.org/wiki/Q188718
Q2597865,正午的高潮,film,1957-01-01,tt0050507,168317,,https://www.wikidata.org/wiki/Q2597865
Q453556,流氓斗智,film,1957-01-01,tt0050749,49843,,https://www.wikidata.org/wiki/Q453556
Q1161196,游龙戏凤,film,1957-01-01,tt0050861,24012,,https://www.wikidata.org/wiki/Q1161196
Q7355192,火箭雌威,film,1957-01-01,tt0050910,150780,,https://www.wikidata.org/wiki/Q7355192
Q6872471,窮街艷女,film,1957-01-01,tt0050707,246503,,https://www.wikidata.org/wiki/Q6872471
Q224926,逃脱者,film,1957-01-01,tt0050803,64735,,https://www.wikidata.org/wiki/Q224926
Q7847564,遊艇艷史,film,1957-01-01,tt0049886,470423,,https://www.wikidata.org/wiki/Q7847564
Q2832686,馬來喋血戰,film,1957-01-01,tt0052398,268554,,https://www.wikidata.org/wiki/Q2832686
Q1263875,地狱司机,film,1957-07-23,tt0051713,44940,,https://www.wikidata.org/wiki/Q1263875
Q4659962,A Tale of Two Cities,film,1958-01-01,tt0052270,4701,,https://www.wikidata.org/wiki/Q4659962
Q1489818,Carry On Sergeant,film,1958-01-01,tt0051453,32110,,https://www.wikidata.org/wiki/Q1489818
Q5692387,Heart of a Child,film,1958-01-01,tt0051708,687989,,https://www.wikidata.org/wiki/Q5692387
Q2995882,I Was Monty's Double,film,1958-01-01,tt0051759,77794,,https://www.wikidata.org/wiki/Q2995882
Q113657131,Special Newsreel Dedicated to the Years Event Summary in Israel,short film,1958-01-01,,,,https://www.wikidata.org/wiki/Q113657131
Q113657907,"The Epsom Derby, 1958",short film,1958-01-01,,,,https://www.wikidata.org/wiki/Q113657907
Q7933172,Violent Playground,film,1958-01-01,tt0052367,93181,,https://www.wikidata.org/wiki/Q7933172
Q112613618,"World News, July 1958",short film,1958-01-01,,,,https://www.wikidata.org/wiki/Q112613618
Q112613320,"World News, June 1958",short film,1958-01-01,,,,https://www.wikidata.org/wiki/Q112613320
Q633614,冰海沉船,film,1958-01-01,tt0051994,10971,,https://www.wikidata.org/wiki/Q633614
Q7142765,夏日戀火,film,1958-01-01,tt0052053,446104,,https://www.wikidata.org/wiki/Q7142765
Q1758405,女英烈傳,film,1958-01-01,tt0051454,44559,,https://www.wikidata.org/wiki/Q1758405
Q7439896,怒海艷姬,film,1958-01-01,tt0052170,284765,,https://www.wikidata.org/wiki/Q7439896
Q426284,戰地櫻花夢,film,1958-01-01,tt0052396,47706,,https://www.wikidata.org/wiki/Q426284
Q7764212,无声的敌人,film,1958-01-01,tt0052197,25387,,https://www.wikidata.org/wiki/Q7764212
Q7717709,橫財就手,film,1958-01-01,tt0049008,163169,,https://www.wikidata.org/wiki/Q7717709
Q1219349,沙漠奇兵,film,1958-01-01,tt0051532,30104,,https://www.wikidata.org/wiki/Q1219349
Q733003,治安官,film,1958-01-01,tt0052191,37123,,https://www.wikidata.org/wiki/Q733003
Q5391720,無處可到,film,1958-01-01,tt0052013,50697,,https://www.wikidata.org/wiki/Q5391720
Q7050038,非洲花月痕,film,1958-01-01,tt0052773,375304,,https://www.wikidata.org/wiki/Q7050038
Q7366338,風流女房東,film,1958-01-01,tt0052147,233559,,https://www.wikidata.org/wiki/Q7366338
Q3107558,蕩子淫娃,film,1958-01-15,tt0051692,169726,,https://www.wikidata.org/wiki/Q3107558
Q1323261,Count Your Blessings,film,1959-01-01,tt0052706,166672,,https://www.wikidata.org/wiki/Q1323261
Q4296494,Follow a Star,film,1959-01-01,tt0052815,38380,,https://www.wikidata.org/wiki/Q4296494
Q7392119,SOS Pacific,film,1959-01-01,tt0053234,71991,,https://www.wikidata.org/wiki/Q7392119
Q7739197,The Heart of a Man,film,1959-01-01,tt0052882,1212099,,https://www.wikidata.org/wiki/Q7739197
Q796445,The Square Peg,film,1959-01-01,tt0052233,38364,,https://www.wikidata.org/wiki/Q796445
Q3531955,Too Many Crooks,film,1959-01-01,tt0052301,61643,,https://www.wikidata.org/wiki/Q3531955
Q113671145,"World News, September 1959",short film,1959-01-01,,,,https://www.wikidata.org/wiki/Q113671145
Q7715904,兩性爭雄記,film,1959-01-01,tt0052607,43106,,https://www.wikidata.org/wiki/Q7715904
Q1215745,地心游记,film,1959-01-01,tt0052948,11571,,https://www.wikidata.org/wiki/Q1215745
Q7204254,小姐嬉春,film,1959-01-01,tt0053174,80534,,https://www.wikidata.org/wiki/Q7204254
Q232938,护士也疯狂,film,1959-01-01,tt0051452,32107,,https://www.wikidata.org/wiki/Q232938
Q3012116,春色無邊滿蕩娃,film,1959-01-01,tt0052672,285555,,https://www.wikidata.org/wiki/Q3012116
Q3055361,樓上春色,film,1959-01-01,tt0052780,185546,,https://www.wikidata.org/wiki/Q3055361
Q5460136,洪水情鴛,film,1959-01-01,tt0052812,86920,,https://www.wikidata.org/wiki/Q5460136
Q1702545,猛虎灣情殺案,film,1959-01-01,tt0053361,43112,,https://www.wikidata.org/wiki/Q1702545
Q909239,百萬軍中龍虎鬥,film,1959-01-01,tt0053126,58902,,https://www.wikidata.org/wiki/Q909239
Q3354838,艷屍兇案,film,1959-01-01,tt0053242,64291,,https://www.wikidata.org/wiki/Q3354838
Q2605525,荷蘭火海戰,film,1959-01-01,tt0053140,46039,,https://www.wikidata.org/wiki/Q2605525
Q288361,谍网惊魂,film,1959-01-01,tt0053354,25386,,https://www.wikidata.org/wiki/Q288361
Q492903,輪渡香港,film,1959-01-01,tt0052799,85800,,https://www.wikidata.org/wiki/Q492903
Q1571462,魔鬼門徒,film,1959-01-01,tt0052735,78078,,https://www.wikidata.org/wiki/Q1571462
Q1674808,學士嬉春,film,1959-08-25,tt0052676,32113,,https://www.wikidata.org/wiki/Q1674808
Q113672192,American Preacher Billy Graham Speaks at Nazareths Scottish Hospital,short film,1960-01-01,,,,https://www.wikidata.org/wiki/Q113672192
Q1325568,Carry On Constable,film,1960-01-01,tt0053699,21240,,https://www.wikidata.org/wiki/Q1325568
Q5163446,Conspiracy of Hearts,film,1960-01-01,tt0053732,73898,,https://www.wikidata.org/wiki/Q5163446
Q113672194,David Ben Gurion on Official Visit to the United States,short film,1960-01-01,,,,https://www.wikidata.org/wiki/Q113672194
Q5259554,Dentist in the Chair,film,1960-01-01,tt0053759,260970,,https://www.wikidata.org/wiki/Q5259554
Q6739042,Make Mine Mink,film,1960-01-01,tt0054049,44023,,https://www.wikidata.org/wiki/Q6739042
Q12126005,Man in the Moon,film,1960-01-01,tt0055133,92301,,https://www.wikidata.org/wiki/Q12126005
Q1756853,Never Let Go,film,1960-01-01,tt0054115,36631,,https://www.wikidata.org/wiki/Q1756853
Q7044328,No Kidding,film,1960-01-01,tt0053648,94131,,https://www.wikidata.org/wiki/Q7044328
Q7190568,Piccadilly Third Stop,film,1960-01-01,tt0054181,187592,,https://www.wikidata.org/wiki/Q7190568
Q7756208,The Party's Over,film,1960-01-01,tt0060816,41830,,https://www.wikidata.org/wiki/Q7756208
Q3523786,There Was a Crooked Man,film,1960-01-01,tt0054379,402695,,https://www.wikidata.org/wiki/Q3523786
Q1674813,Watch Your Stern,film,1960-01-01,tt0054463,78842,,https://www.wikidata.org/wiki/Q1674813
Q1621941,儿子与情人,film,1960-01-01,tt0054326,53939,,https://www.wikidata.org/wiki/Q1621941
Q698949,卑斯麦舰歼灭战,film,1960-01-01,tt0054310,18780,,https://www.wikidata.org/wiki/Q698949
Q478395,攝魂人,film,1960-01-01,tt0054167,11167,,https://www.wikidata.org/wiki/Q478395
Q5287492,春色無邊滿天下,film,1960-01-01,tt0053775,68334,,https://www.wikidata.org/wiki/Q5287492
Q735381,绅士联盟,film,1960-01-01,tt0052997,46724,,https://www.wikidata.org/wiki/Q735381
Q388288,錯有錯著,film,1960-01-01,tt0053683,14116,,https://www.wikidata.org/wiki/Q388288
Q2137376,雪海冰上人,film,1960-01-01,tt0053244,94393,,https://www.wikidata.org/wiki/Q2137376
Q2073030,Kidnapped,film,1960-02-24,tt0053994,43037,,https://www.wikidata.org/wiki/Q2073030
Q113673926,Commander of the British Navy in the Middle East Retires and Bids Farewell to IDF Personnel,short film,1961-01-01,,,,https://www.wikidata.org/wiki/Q113673926
Q7044600,No My Darling Daughter,film,1961-01-01,tt0055235,227664,,https://www.wikidata.org/wiki/Q7044600
Q7285173,Raising the Wind,film,1961-01-01,tt0055354,47834,,https://www.wikidata.org/wiki/Q7285173
Q7748268,The Long Shadow,film,1961-01-01,tt0055096,1287018,,https://www.wikidata.org/wiki/Q7748268
Q7770045,The Treasure of Monte Cristo,film,1961-01-01,tt0055544,253158,,https://www.wikidata.org/wiki/Q7770045
Q2747218,受害者,film,1961-01-01,tt0055597,43028,,https://www.wikidata.org/wiki/Q2747218
Q7739343,地獄之火,film,1961-01-01,tt0053903,95029,,https://www.wikidata.org/wiki/Q7739343
Q7991561,大話世界,film,1961-01-01,tt0055615,253815,,https://www.wikidata.org/wiki/Q7991561
Q3731438,寂寞的男人,film,1961-01-01,tt0055234,169618,,https://www.wikidata.org/wiki/Q3731438
Q5457161,情火,film,1961-01-01,tt0054879,171898,,https://www.wikidata.org/wiki/Q5457161
Q2006853,虎膽忠魂未了情,film,1961-01-01,tt0054740,79866,,https://www.wikidata.org/wiki/Q2006853
Q878987,蜜的滋味,film,1961-01-01,tt0055506,25062,,https://www.wikidata.org/wiki/Q878987
Q2783043,糊塗蟲嬉春,film,1961-04-01,tt0054727,32115,,https://www.wikidata.org/wiki/Q2783043
Q629076,绿野小英雄,film,1961-09-28,tt0054944,64868,,https://www.wikidata.org/wiki/Q629076
Q4658693,A Pair of Briefs,film,1962-01-01,tt0056325,351783,,https://www.wikidata.org/wiki/Q4658693
Q2822910,Life for Ruth,film,1962-01-01,tt0056181,173937,,https://www.wikidata.org/wiki/Q2822910
Q6785470,Masters of Venus,film,1962-01-01,tt0056229,257804,,https://www.wikidata.org/wiki/Q6785470
Q113674395,"News from the World, January 1962",short film,1962-01-01,,,,https://www.wikidata.org/wiki/Q113674395
Q3352307,On the Beat,film,1962-01-01,tt0056307,38384,,https://www.wikidata.org/wiki/Q3352307
Q3426138,The Iron Maiden,film,1962-01-01,tt0056105,122744,,https://www.wikidata.org/wiki/Q3426138
Q7769921,The Traitors,film,1962-01-01,tt0057599,299287,,https://www.wikidata.org/wiki/Q7769921
Q7774927,The Wild and the Willing,film,1962-01-01,tt0056696,257181,,https://www.wikidata.org/wiki/Q7774927
Q113674374,"World News, January 1962, Bonnets Fashion Show in London",short film,1962-01-01,,,,https://www.wikidata.org/wiki/Q113674374
Q2700853,保衛無尾猿,film,1962-01-01,tt0056311,392334,,https://www.wikidata.org/wiki/Q2700853
Q3206607,桃源春戀,film,1962-01-01,tt0056583,130401,,https://www.wikidata.org/wiki/Q3206607
Q7203033,英京花月夜,film,1962-01-01,tt0056353,171622,,https://www.wikidata.org/wiki/Q7203033
Q7857875,護士春光,film,1962-01-01,tt0056621,105656,,https://www.wikidata.org/wiki/Q7857875
Q102754,诺博士,film,1962-01-01,tt0055928,646,,https://www.wikidata.org/wiki/Q102754
Q228186,阿拉伯的劳伦斯,film,1962-01-01,tt0056172,947,,https://www.wikidata.org/wiki/Q228186
Q4729169,All Night Long,film,1962-02-06,tt0054614,37038,,https://www.wikidata.org/wiki/Q4729169
Q241840,碧海嬉春,film,1962-04-01,tt0055831,26190,,https://www.wikidata.org/wiki/Q241840
Q7966841,風流將軍,film,1962-04-12,tt0056673,43016,,https://www.wikidata.org/wiki/Q7966841
Q3129651,天涯历险记,film,1962-12-19,tt0056095,34774,,https://www.wikidata.org/wiki/Q3129651
Q4926526,Blind Corner,film,1963-01-01,tt0056874,78007,,https://www.wikidata.org/wiki/Q4926526
Q5435039,Farewell Performance,film,1963-01-01,tt0210676,1399471,,https://www.wikidata.org/wiki/Q5435039
Q6655226,Live It Up!,film,1963-01-01,tt0057504,241760,,https://www.wikidata.org/wiki/Q6655226
Q7742017,The Informers,film,1963-01-01,tt0059312,284440,,https://www.wikidata.org/wiki/Q7742017
Q7767716,The Switch,film,1963-01-01,tt0286187,170553,,https://www.wikidata.org/wiki/Q7767716
Q113662518,"World News, April 1963",short film,1963-01-01,,,,https://www.wikidata.org/wiki/Q113662518
Q113662569,"World News, May 1963",short film,1963-01-01,,,,https://www.wikidata.org/wiki/Q113662569
Q3222253,亡命天涯,film,1963-01-01,tt0057463,144299,,https://www.wikidata.org/wiki/Q3222253
Q4919000,春色梨花,film,1963-01-01,tt0056870,180641,,https://www.wikidata.org/wiki/Q4919000
Q106571,来自俄罗斯的爱情,film,1963-01-01,tt0057076,657,,https://www.wikidata.org/wiki/Q106571
Q1185312,痴呆症,film,1963-01-01,tt0056983,28503,,https://www.wikidata.org/wiki/Q1185312
Q7070206,白衣天使,film,1963-01-01,tt0057371,117609,,https://www.wikidata.org/wiki/Q7070206
Q1090322,空姐艷史,film,1963-01-01,tt0056941,153348,,https://www.wikidata.org/wiki/Q1090322
Q4658896,紅粉情深,film,1963-01-01,tt0057415,175164,,https://www.wikidata.org/wiki/Q4658896
Q1674811,继续做车夫,film,1963-01-01,tt0056912,19254,,https://www.wikidata.org/wiki/Q1674811
Q4378433,臨時抱佛腳,film,1963-01-01,tt0057530,38377,,https://www.wikidata.org/wiki/Q4378433
Q7751512,諜海奇波,film,1963-01-01,tt0057311,51539,,https://www.wikidata.org/wiki/Q7751512
Q6483655,風流武士,film,1963-01-01,tt0057547,42810,,https://www.wikidata.org/wiki/Q6483655
Q972963,風流醫生俏護士,film,1963-01-01,tt0057004,68337,,https://www.wikidata.org/wiki/Q972963
Q383814,鼠輩遊月殿,film,1963-01-01,tt0057328,49876,,https://www.wikidata.org/wiki/Q383814
Q5021551,行運一條龍,film,1963-04-04,tt0056897,108003,,https://www.wikidata.org/wiki/Q5021551
Q663034,多情貓,film,1963-12-11,tt0057579,15081,,https://www.wikidata.org/wiki/Q663034
Q113664268,Farma Sharp Company Inaugurates a New Razor Blade Factory,short film,1964-01-01,,,,https://www.wikidata.org/wiki/Q113664268
Q113663700,"Lord Bancroft, Director of Global London Tourism Company, Visits Israel",short film,1964-01-01,,,,https://www.wikidata.org/wiki/Q113663700
Q113663674,Monokini Swimwear Sold in Israel,short film,1964-01-01,,,,https://www.wikidata.org/wiki/Q113663674
Q113664946,"News From the United Kingdom, November 1964",short film,1964-01-01,,,,https://www.wikidata.org/wiki/Q113664946
Q113664315,"News from the World, April 1964",short film,1964-01-01,,,,https://www.wikidata.org/wiki/Q113664315
Q113664041,"News from the World, August 1964",short film,1964-01-01,,,,https://www.wikidata.org/wiki/Q113664041
Q113663696,"News from the world, July 1964",short film,1964-01-01,,,,https://www.wikidata.org/wiki/Q113663696
Q3205382,The Scarecrow of Romney Marsh,television series,1964-01-01,tt0055929,,289922,https://www.wikidata.org/wiki/Q3205382
Q113664839,"World News, October 1964",short film,1964-01-01,,,,https://www.wikidata.org/wiki/Q113664839
Q913311,一夜狂欢,film,1964-01-01,tt0058182,704,,https://www.wikidata.org/wiki/Q913311
Q1092932,大马戏团,film,1964-01-01,tt0057952,42782,,https://www.wikidata.org/wiki/Q1092932
Q105702,奇爱博士,film,1964-01-01,tt0057012,935,,https://www.wikidata.org/wiki/Q105702
Q12124859,捷京谍影,film,1964-01-01,tt0059282,2106,,https://www.wikidata.org/wiki/Q12124859
Q3421468,特務突擊隊,film,1964-01-01,tt0059268,138881,,https://www.wikidata.org/wiki/Q3421468
Q7785893,痴戀,film,1964-01-01,tt0057577,234147,,https://www.wikidata.org/wiki/Q7785893
Q7716190,百花小姐,film,1964-01-01,tt0057963,234149,,https://www.wikidata.org/wiki/Q7716190
Q1674806,艳后嬉春,film,1964-01-01,tt0057918,5066,,https://www.wikidata.org/wiki/Q1674806
Q2259850,軍人魂,film,1964-01-01,tt0058166,64158,,https://www.wikidata.org/wiki/Q2259850
Q1580616,間諜嬉春,film,1964-01-01,tt0057920,32109,,https://www.wikidata.org/wiki/Q1580616
Q1674814,海軍嬉春,film,1964-04-05,tt0057919,32105,,https://www.wikidata.org/wiki/Q1674814
Q485841,美人局,film,1964-04-28,tt0058754,4999,,https://www.wikidata.org/wiki/Q485841
Q4795614,圍繞披頭四,television program,1964-05-06,tt0179651,146294,,https://www.wikidata.org/wiki/Q4795614
Q1195822,爱琴海历险记,film,1964-07-08,tt0058371,42795,,https://www.wikidata.org/wiki/Q1195822
Q106440,铁金刚大战金手指,film,1964-09-17,tt0058150,658,,https://www.wikidata.org/wiki/Q106440
Q113665798,Incoming Ambassadors to Israel Submit Their Letter of Credence to the President,short film,1965-01-01,,,,https://www.wikidata.org/wiki/Q113665798
Q113665735,"News from the World, Novemebr 1965",short film,1965-01-01,,,,https://www.wikidata.org/wiki/Q113665735
Q113665417,Prime Minister Levi Eshkol on an Official Visit to London,short film,1965-01-01,,,,https://www.wikidata.org/wiki/Q113665417
Q113665234,Sir Winston Churchill is Buried,short film,1965-01-01,,,,https://www.wikidata.org/wiki/Q113665234
Q12127522,Sky West and Crooked,film,1965-01-01,tt0060484,192990,,https://www.wikidata.org/wiki/Q12127522
Q113665615,"World News, August 1965, American Journalist Robert Manry Crosses the Atlantic in a Small Boat",short film,1965-01-01,,,,https://www.wikidata.org/wiki/Q113665615
Q113665564,"World News, July 1965, British Airforce Plane Crashes After Takeoff",short film,1965-01-01,,,,https://www.wikidata.org/wiki/Q113665564
Q113665487,"World News, May 1965, in Britain a Monument Is Inaugurated in Memory of Late President Kennedy",short film,1965-01-01,,,,https://www.wikidata.org/wiki/Q113665487
Q113665702,"World News, October 1965",short film,1965-01-01,,,,https://www.wikidata.org/wiki/Q113665702
Q1166360,亲爱的,film,1965-01-01,tt0059084,24134,,https://www.wikidata.org/wiki/Q1166360
Q4389954,傻人救火,film,1965-01-01,tt0059143,38387,,https://www.wikidata.org/wiki/Q4389954
Q3545779,全心交融,film,1965-01-01,tt0059910,151436,,https://www.wikidata.org/wiki/Q3545779
Q1891905,危巢驚鳳,film,1965-01-01,tt0059496,39893,,https://www.wikidata.org/wiki/Q1891905
Q7717690,大膽賊,film,1965-01-01,tt0058969,63912,,https://www.wikidata.org/wiki/Q7717690
Q1674812,烏龍城殲霸戰,film,1965-01-01,tt0059014,5065,,https://www.wikidata.org/wiki/Q1674812
Q12122418,福斯公路橋,film,1965-01-01,tt0059193,149294,,https://www.wikidata.org/wiki/Q12122418
Q693747,鐵勒瑪九壯士,film,1965-01-01,tt0059263,16850,,https://www.wikidata.org/wiki/Q693747
Q107724,铁金刚勇破魔鬼党,film,1965-01-01,tt0059800,660,,https://www.wikidata.org/wiki/Q107724
Q7797519,霧都狂想曲,film,1965-01-01,tt0195341,225118,,https://www.wikidata.org/wiki/Q7797519
Q500304,飞行英杰,film,1965-01-01,tt0059797,10338,,https://www.wikidata.org/wiki/Q500304
Q1517616,伊普克雷斯檔案,film,1965-03-18,tt0059319,15247,,https://www.wikidata.org/wiki/Q1517616
Q1213195,幽靈,film,1965-03-31,tt0059100,83356,,https://www.wikidata.org/wiki/Q1213195
Q12125107,The Intelligence Men,film,1965-04-13,tt0059315,43993,,https://www.wikidata.org/wiki/Q12125107
Q3079187,太空博物館,Doctor Who serial,1965-04-24,,,,https://www.wikidata.org/wiki/Q3079187
Q489149,牙買加的風,film,1965-05-26,tt0059269,38340,,https://www.wikidata.org/wiki/Q489149
Q1009708,失蹤的邦妮,film,1965-10-03,tt0058997,1942,,https://www.wikidata.org/wiki/Q1009708
Q1538005,Don't Lose Your Head,film,1966-01-01,tt0060330,5061,,https://www.wikidata.org/wiki/Q1538005
Q113665857,Foreign Minister of the Britains Shadow Cabinet Visits Israel,short film,1966-01-01,,,,https://www.wikidata.org/wiki/Q113665857
Q1182497,Marat/Sade,film,1966-01-01,tt0060668,44258,,https://www.wikidata.org/wiki/Q1182497
Q7711266,That Riviera Touch,film,1966-01-01,tt0061085,43995,,https://www.wikidata.org/wiki/Q7711266
Q3423452,入錯棺材死錯人,film,1966-01-01,tt0061204,62143,,https://www.wikidata.org/wiki/Q3423452
Q261546,华氏451度,film,1966-01-01,tt0060390,1714,,https://www.wikidata.org/wiki/Q261546
Q1740603,喀土穆,film,1966-01-01,tt0060588,29710,,https://www.wikidata.org/wiki/Q1740603
Q5449920,狂歌熱舞青春樂,film,1966-01-01,tt0060413,5507,,https://www.wikidata.org/wiki/Q5449920
Q1674804,猛鬼嬉春,film,1966-01-01,tt0060214,5060,,https://www.wikidata.org/wiki/Q1674804
Q1193856,百勝飛龍,film,1966-01-01,tt0060581,35671,,https://www.wikidata.org/wiki/Q1193856
Q5287489,荒唐醫生艷事多,film,1966-01-01,tt0060321,68338,,https://www.wikidata.org/wiki/Q5287489
Q1637787,荒島驚魂,film,1966-01-01,tt0060268,4772,,https://www.wikidata.org/wiki/Q1637787
Q1170124,諜海群英會,film,1966-01-01,tt0060880,46041,,https://www.wikidata.org/wiki/Q1170124
Q490632,谍海密码战,film,1966-01-01,tt0060121,23030,,https://www.wikidata.org/wiki/Q490632
Q402645,阿尔菲,film,1966-03-29,tt0060086,15598,,https://www.wikidata.org/wiki/Q402645
Q3225894,The Fighting Prince of Donegal,film,1966-10-01,tt0060408,64875,,https://www.wikidata.org/wiki/Q3225894
Q658204,春光乍泄,film,1966-12-18,tt0060176,1052,,https://www.wikidata.org/wiki/Q658204
Q204958,柏林葬禮,film,1966-12-22,tt0060437,34388,,https://www.wikidata.org/wiki/Q204958
Q113666200,Israel Deflates its Currency Following Britain,short film,1967-01-01,,,,https://www.wikidata.org/wiki/Q113666200
Q113664661,"Kibbutz Exhibition at Selfridges Department Store, London",short film,1967-01-01,,,,https://www.wikidata.org/wiki/Q113664661
Q7242271,Pretty Polly,film,1967-01-01,tt0061960,424757,,https://www.wikidata.org/wiki/Q7242271
Q113664714,Submarine INS Leviathan Launched in England,short film,1967-01-01,,,,https://www.wikidata.org/wiki/Q113664714
Q7749592,The Magnificent Two,film,1967-01-01,tt0061938,43996,,https://www.wikidata.org/wiki/Q7749592
Q1134147,传播谣言的人,film,1967-01-01,tt0061180,70635,,https://www.wikidata.org/wiki/Q1134147
Q1674807,儍兵嬉春,film,1967-01-01,tt0061680,24568,,https://www.wikidata.org/wiki/Q1674807
Q2240542,焚城記,film,1967-01-01,tt0062037,54801,,https://www.wikidata.org/wiki/Q2240542
Q6772277,艷盜煞星,film,1967-01-01,tt0061956,206174,,https://www.wikidata.org/wiki/Q6772277
Q107761,铁金刚勇破火箭岭,film,1967-01-01,tt0062512,667,,https://www.wikidata.org/wiki/Q107761
Q400101,香港女伯爵,film,1967-01-01,tt0061523,2984,,https://www.wikidata.org/wiki/Q400101
Q730321,女煞星,film,1967-02-12,tt0060288,5056,,https://www.wikidata.org/wiki/Q730321
Q591272,007：皇家赌场,film,1967-04-14,tt0061452,12208,,https://www.wikidata.org/wiki/Q591272
Q2541350,吾爱吾师,film,1967-06-14,tt0062376,25934,,https://www.wikidata.org/wiki/Q2541350
Q38365,戰火自由魂,film,1967-07-27,tt0061916,95562,,https://www.wikidata.org/wiki/Q38365
Q1629310,冰海叛諜,film,1967-11-16,tt0061405,4889,,https://www.wikidata.org/wiki/Q1629310
Q179508,大國手嬉春,film,1967-12-15,tt0061450,5064,,https://www.wikidata.org/wiki/Q179508
Q113666681,"News From the United Kingdom, July 1968",short film,1968-01-01,,,,https://www.wikidata.org/wiki/Q113666681
Q113666439,Prime Minister Levi Eshkol Makes an Official Visit to London,short film,1968-01-01,,,,https://www.wikidata.org/wiki/Q113666439
Q3517367,Tell Me Lies,film,1968-01-01,tt0063675,229146,,https://www.wikidata.org/wiki/Q3517367
Q113666479,"World News, February 1968, Pajama Fashion in London",short film,1968-01-01,,,,https://www.wikidata.org/wiki/Q113666479
Q113666545,"World News, May 1968",short film,1968-01-01,,,,https://www.wikidata.org/wiki/Q113666545
Q1215427,从心所欲,film,1968-01-01,tt0063467,85847,,https://www.wikidata.org/wiki/Q1215427
Q1195311,冬獅,film,1968-01-01,tt0063227,18988,,https://www.wikidata.org/wiki/Q1195311
Q1254472,德古拉已经从坟墓里复活了,film,1968-01-01,tt0062909,29778,,https://www.wikidata.org/wiki/Q1254472
Q517265,殉情記,film,1968-01-01,tt0063518,6003,,https://www.wikidata.org/wiki/Q517265
Q8034569,現實與超現實,film,1968-01-01,tt0062503,127839,,https://www.wikidata.org/wiki/Q8034569
Q1169765,百万窃案,film,1968-01-01,tt0063094,26186,,https://www.wikidata.org/wiki/Q1169765
Q448090,百鳥嬉春,film,1968-01-01,tt0062782,22937,,https://www.wikidata.org/wiki/Q448090
Q1213044,老而不,film,1968-01-01,tt0062671,58293,,https://www.wikidata.org/wiki/Q1213044
Q2250601,飛簷走壁勇神偷,film,1968-01-01,tt0062868,69065,,https://www.wikidata.org/wiki/Q2250601
Q1637791,飞天万能车,film,1968-01-01,tt0062803,11708,,https://www.wikidata.org/wiki/Q1637791
Q1131791,黄色潜水艇,animated film,1968-01-01,tt0063823,12105,,https://www.wikidata.org/wiki/Q1131791
Q2960838,作家祕史,film,1968-02-11,tt0062792,75947,,https://www.wikidata.org/wiki/Q2960838
Q634489,小泳者,film,1968-03-22,tt0062120,46655,,https://www.wikidata.org/wiki/Q634489
Q103474,2001太空漫游,film,1968-04-02,tt0062622,62,,https://www.wikidata.org/wiki/Q103474
Q10337179,緊急密令,film,1968-08-22,tt0063067,83359,,https://www.wikidata.org/wiki/Q10337179
Q1346745,如果…,film,1968-12-05,tt0063850,14794,,https://www.wikidata.org/wiki/Q1346745
Q113665143,Golda Meir Returns from an Official Visit to England,short film,1969-01-01,,,,https://www.wikidata.org/wiki/Q113665143
Q7379541,Run a Crooked Mile,television film,1969-01-01,tt0064910,325666,,https://www.wikidata.org/wiki/Q7379541
Q3203708,The Chairman,film,1969-01-01,tt0064148,107353,,https://www.wikidata.org/wiki/Q3203708
Q714989,不列颠之战,film,1969-01-01,tt0064072,11463,,https://www.wikidata.org/wiki/Q714989
Q841776,國際暗殺局,film,1969-01-01,tt0064045,69526,,https://www.wikidata.org/wiki/Q841776
Q4807884,塊肉餘生記,film,1969-01-01,tt0065615,131347,,https://www.wikidata.org/wiki/Q4807884
Q1570560,星球的探索,film,1969-01-01,tt0064519,40430,,https://www.wikidata.org/wiki/Q1570560
Q1216067,春心有誰憐,film,1969-01-01,tt0064462,96243,,https://www.wikidata.org/wiki/Q1216067
Q7559406,有些女孩这样做,film,1969-01-01,tt0065009,26181,,https://www.wikidata.org/wiki/Q7559406
Q107894,铁金刚勇破雪山堡,film,1969-01-01,tt0064757,668,,https://www.wikidata.org/wiki/Q107894
Q667764,春风不化雨,film,1969-02-24,tt0064840,5179,,https://www.wikidata.org/wiki/Q667764
Q1170481,智多星棋逢敵手,film,1969-03-07,tt0064146,33436,,https://www.wikidata.org/wiki/Q1170481
Q449207,春滿夏令營,film,1969-05-29,tt0064133,19307,,https://www.wikidata.org/wiki/Q449207
Q1051032,意大利任务,film,1969-06-02,tt0064505,10536,,https://www.wikidata.org/wiki/Q1051032
Q1171635,風流大國手,film,1969-12-02,tt0064132,19293,,https://www.wikidata.org/wiki/Q1171635
Q113665118,An Israeli Fashion Show Influenced by London Trends,short film,1970-01-01,,,,https://www.wikidata.org/wiki/Q113665118
Q113667365,British Labor Party Deputy George Brown Arrives in Israel,short film,1970-01-01,,,,https://www.wikidata.org/wiki/Q113667365
Q5468251,Foreign Exchange,television film,1970-01-01,tt0064340,252709,,https://www.wikidata.org/wiki/Q5468251
Q113665124,Golda Meir Speaks in the Knesset about the Four-Power Talks  and the Jarring Talks,short film,1970-01-01,,,,https://www.wikidata.org/wiki/Q113665124
Q604180,夏洛克福尔摩斯的私人生活,film,1970-01-01,tt0066249,5185,,https://www.wikidata.org/wiki/Q604180
Q267063,大情人嬉春,film,1970-01-01,tt0065524,24570,,https://www.wikidata.org/wiki/Q267063
Q534899,天涯此處有知心,film,1970-01-01,tt0066943,223568,,https://www.wikidata.org/wiki/Q534899
Q3715440,愛的奉獻,film,1970-01-01,tt0169806,460349,,https://www.wikidata.org/wiki/Q3715440
Q1612412,新凱撒大帝,film,1970-01-01,tt0065922,42592,,https://www.wikidata.org/wiki/Q1612412
Q600445,明天,film,1970-01-01,tt0066469,121113,,https://www.wikidata.org/wiki/Q600445
Q5287493,春色無邊脂粉陣,film,1970-01-01,tt0065648,68336,,https://www.wikidata.org/wiki/Q5287493
Q1611248,简·爱,television film,1970-01-01,tt0065911,131313,,https://www.wikidata.org/wiki/Q1611248
Q568162,風流二世祖,film,1970-01-01,tt0065974,77333,,https://www.wikidata.org/wiki/Q568162
Q3514609,魔鬼的寡婦,film,1970-01-01,tt0067822,126927,,https://www.wikidata.org/wiki/Q3514609
Q1219584,女兒國嬉春,film,1970-03-20,tt0065525,17276,,https://www.wikidata.org/wiki/Q1219584
Q7711079,That's Your Funeral,television series,1970-03-25,tt0065350,,762,https://www.wikidata.org/wiki/Q7711079
Q1352613,顺其自然,film,1970-05-13,tt0065976,20556,,https://www.wikidata.org/wiki/Q1352613
Q7167979,Perfect Friday,film,1970-09-08,tt0066212,91583,,https://www.wikidata.org/wiki/Q7167979
Q7521850,Frank Sinatra: In Concert at the Royal Festival Hall,television special,1970-11-22,tt1087448,271278,,https://www.wikidata.org/wiki/Q7521850
Q211693,200家汽车旅馆,film,1971-01-01,tt0066732,27645,,https://www.wikidata.org/wiki/Q211693
Q4808558,Assault,film,1971-01-01,tt0067243,106046,,https://www.wikidata.org/wiki/Q4808558
Q18330936,Erection,film,1971-01-01,tt0270930,340170,,https://www.wikidata.org/wiki/Q18330936
Q7204243,Please Sir!,film,1971-01-01,tt0067591,53062,,https://www.wikidata.org/wiki/Q7204243
Q7271478,Quest for Love,film,1971-01-01,tt0067645,114201,,https://www.wikidata.org/wiki/Q7271478
Q7317890,Revenge,film,1971-01-01,tt0067248,87789,,https://www.wikidata.org/wiki/Q7317890
Q7749585,儍瓜嬉春,film,1971-01-01,tt0067381,226124,,https://www.wikidata.org/wiki/Q7749585
Q181086,发条橙,film,1971-01-01,tt0066921,185,,https://www.wikidata.org/wiki/Q181086
Q3416473,心魔,film,1971-01-01,tt0067176,53045,,https://www.wikidata.org/wiki/Q3416473
Q655996,恶魔,film,1971-01-01,tt0066993,31767,,https://www.wikidata.org/wiki/Q655996
Q2422607,瑞靈頓街10號,film,1971-01-01,tt0066730,26234,,https://www.wikidata.org/wiki/Q2422607
Q1163628,稻草狗,film,1971-01-01,tt0067800,994,,https://www.wikidata.org/wiki/Q1163628
Q107914,铁金刚勇破钻石党,film,1971-01-01,tt0066995,681,,https://www.wikidata.org/wiki/Q107914
Q449222,鹹濕皇帝,film,1971-01-01,tt0066894,24569,,https://www.wikidata.org/wiki/Q449222
Q191418,齐柏林飞艇,film,1971-01-01,tt0068014,49719,,https://www.wikidata.org/wiki/Q191418
Q932608,血腥佳人,film,1971-01-31,tt0065580,39043,,https://www.wikidata.org/wiki/Q932608
Q1710428,上天入海擒金匪,film,1971-03-09,tt0067976,38654,,https://www.wikidata.org/wiki/Q1710428
Q3425459,魔爪,film,1971-04-14,tt0066849,26774,,https://www.wikidata.org/wiki/Q3425459
Q1145807,可惡博士,film,1971-05-18,tt0066740,17965,,https://www.wikidata.org/wiki/Q1145807
Q1254464,鹹濕女鬼,film,1971-10-03,tt0069427,28801,,https://www.wikidata.org/wiki/Q1254464
Q934036,屋上的提琴手,film,1971-11-03,tt0067093,14811,,https://www.wikidata.org/wiki/Q934036
Q979462,桃色工廠,film,1971-12-10,tt0066895,19297,,https://www.wikidata.org/wiki/Q979462
Q4812021,Asylum,film,1972-01-01,tt0775421,291136,,https://www.wikidata.org/wiki/Q4812021
Q583347,Bless This House,film,1972-01-01,tt0068285,17120,,https://www.wikidata.org/wiki/Q583347
Q1305714,假期也疯狂,film,1972-01-01,tt0069847,19252,,https://www.wikidata.org/wiki/Q1305714
Q2604917,古堡女魔君,film,1972-01-01,tt0067375,55032,,https://www.wikidata.org/wiki/Q2604917
Q151715,徒留暗夜,film,1972-01-01,tt0069024,29596,,https://www.wikidata.org/wiki/Q151715
Q7045996,没人订购的爱情,film,1972-01-01,tt0067499,398896,,https://www.wikidata.org/wiki/Q7045996
Q1110102,紅杏癡魂,film,1972-01-01,tt0068827,253078,,https://www.wikidata.org/wiki/Q1110102
Q2411296,黑猫,film,1972-01-01,tt0068577,39925,,https://www.wikidata.org/wiki/Q2411296
Q3036905,Doomwatch,film,1972-03-01,tt0068498,112687,,https://www.wikidata.org/wiki/Q3036905
Q111788,吸血鬼馬戲團,film,1972-04-30,tt0067924,29960,,https://www.wikidata.org/wiki/Q111788
Q3207404,悍匪大火併,film,1972-05-01,tt0069273,71910,,https://www.wikidata.org/wiki/Q3207404
Q221587,狂凶记,film,1972-05-19,tt0068611,573,,https://www.wikidata.org/wiki/Q221587
Q449215,男人嬉春,film,1972-05-19,tt0068339,24571,,https://www.wikidata.org/wiki/Q449215
Q858047,坎特伯雷故事集,film,1972-07-02,tt0067647,5691,,https://www.wikidata.org/wiki/Q858047
Q3487486,諜海龍虎會,film,1972-07-23,tt0068742,96793,,https://www.wikidata.org/wiki/Q3487486
Q5575012,Go for a Take,film,1972-12-01,tt0068500,259716,,https://www.wikidata.org/wiki/Q5575012
Q1419980,侦探,film,1972-12-10,tt0069281,993,,https://www.wikidata.org/wiki/Q1419980
Q4841332,Baffled!,television film,1972-12-17,tt0068248,171308,,https://www.wikidata.org/wiki/Q4841332
Q7004164,Never Mind the Quality Feel the Width,film,1973-01-01,tt1221361,325458,,https://www.wikidata.org/wiki/Q7004164
Q111756717,The Bike Ride,short film,1973-01-01,tt11588548,,,https://www.wikidata.org/wiki/Q111756717
Q3521320,The House in Nightmare Park,film,1973-01-01,tt0070195,143369,,https://www.wikidata.org/wiki/Q3521320
Q7711768,十四孤兒闖江湖,film,1973-01-01,tt0070921,142616,,https://www.wikidata.org/wiki/Q7711768
Q4660560,夕陽無限好,film,1973-01-01,tt0070898,67696,,https://www.wikidata.org/wiki/Q4660560
Q12126160,大都會之地,film,1973-01-01,tt0861719,378086,16804,https://www.wikidata.org/wiki/Q12126160
Q1941014,尤物嬉春,film,1973-01-01,tt0069848,26329,,https://www.wikidata.org/wiki/Q1941014
Q12126607,色情裡的風波,film,1973-01-01,tt0070450,131047,,https://www.wikidata.org/wiki/Q12126607
Q901140,豺狼的日子,film,1973-01-01,tt0069947,4909,,https://www.wikidata.org/wiki/Q901140
Q27204,鐵金剛勇破黑魔黨,film,1973-01-01,tt0070328,253,,https://www.wikidata.org/wiki/Q27204
Q2064212,血腥劇場,film,1973-03-16,tt0070791,28498,,https://www.wikidata.org/wiki/Q2064212
Q1215256,The Neptune Factor,film,1973-06-26,tt0070438,62754,,https://www.wikidata.org/wiki/Q1215256
Q826534,僵尸复仇,film,1973-06-27,tt0069165,74381,,https://www.wikidata.org/wiki/Q826534
Q1195342,諜海龍虎鬥,film,1973-07-25,tt0070351,32627,,https://www.wikidata.org/wiki/Q1195342
Q23894094,Serendipity,television series,1973-09-30,,,,https://www.wikidata.org/wiki/Q23894094
Q1140649,異教徒,film,1973-12-06,tt0070917,16307,,https://www.wikidata.org/wiki/Q1140649
Q15039707,A Private Enterprise,film,1974-01-01,tt0067619,223848,,https://www.wikidata.org/wiki/Q15039707
Q4967016,Brief Encounter,television film,1974-01-01,tt0071247,115497,,https://www.wikidata.org/wiki/Q4967016
Q43911,Penny Gold,film,1974-01-01,tt0070524,205082,,https://www.wikidata.org/wiki/Q43911
Q7170051,Persecution,film,1974-01-01,tt0071988,97345,,https://www.wikidata.org/wiki/Q7170051
Q3523112,The Turn of the Screw,television film,1974-01-01,tt0072328,126689,,https://www.wikidata.org/wiki/Q3523112
Q7991015,What Changed Charley Farthing?,film,1974-01-01,tt0071190,408074,,https://www.wikidata.org/wiki/Q7991015
Q3519695,聖殿情夢,film,1974-01-01,tt0071096,15478,,https://www.wikidata.org/wiki/Q3519695
Q309289,铁金刚大战金枪客,film,1974-01-01,tt0071807,682,,https://www.wikidata.org/wiki/Q309289
Q302927,大賊嬉春,film,1974-07-12,tt0071281,26327,,https://www.wikidata.org/wiki/Q302927
Q589871,第四階段,film,1974-09-01,tt0070531,59189,,https://www.wikidata.org/wiki/Q589871
Q966003,金矿,film,1974-09-05,tt0071566,47737,,https://www.wikidata.org/wiki/Q966003
Q204514,雷公彈,film,1974-09-25,tt0071706,29805,,https://www.wikidata.org/wiki/Q204514
Q6057633,Intimate Reflections,film,1975-01-01,tt0218352,1559173,,https://www.wikidata.org/wiki/Q6057633
Q6517827,Legend of the Werewolf,film,1975-01-01,tt0073275,42333,,https://www.wikidata.org/wiki/Q6517827
Q6880217,Mister Quilp,film,1975-01-01,tt0073480,243717,,https://www.wikidata.org/wiki/Q6880217
Q3521028,The Ghoul,film,1975-01-01,tt0073042,70810,,https://www.wikidata.org/wiki/Q3521028
Q3959206,借胎殺人,film,1975-01-01,tt0072867,28271,,https://www.wikidata.org/wiki/Q3959206
Q1199683,儍伯嬉春,film,1975-01-01,tt0072764,19300,,https://www.wikidata.org/wiki/Q1199683
Q25043,巨蟒与圣杯,film,1975-01-01,tt0071853,762,,https://www.wikidata.org/wiki/Q25043
Q471716,巴里·林登,film,1975-01-01,tt0072684,3175,,https://www.wikidata.org/wiki/Q471716
Q751921,洛基恐怖秀,film,1975-01-01,tt0073629,36685,,https://www.wikidata.org/wiki/Q751921
Q1143625,威尔比阴谋,film,1975-02-13,tt0073901,7008,,https://www.wikidata.org/wiki/Q1143625
Q613952,废墟中的爱情,television film,1975-03-06,tt0073310,115507,,https://www.wikidata.org/wiki/Q613952
Q627209,疯狂轮滑,film,1975-06-25,tt0073631,11484,,https://www.wikidata.org/wiki/Q627209
Q1549606,One of Our Dinosaurs Is Missing,film,1975-07-09,tt0075016,29694,,https://www.wikidata.org/wiki/Q1549606
Q883500,風流鐵金剛,film,1975-08-07,tt0073797,418305,,https://www.wikidata.org/wiki/Q883500
Q2329726,人性因素,film,1975-11-19,tt0073131,31950,,https://www.wikidata.org/wiki/Q2329726
Q5397051,Escape from the Dark,film,1976-01-01,tt0076320,103777,,https://www.wikidata.org/wiki/Q5397051
Q3486740,不可思议的萨拉,film,1976-01-01,tt0074678,147362,,https://www.wikidata.org/wiki/Q3486740
Q2146384,大英风流帝国,film,1976-01-01,tt0074286,21251,,https://www.wikidata.org/wiki/Q2146384
Q2779010,水晶鞋与玫瑰花,film,1976-01-01,tt0075232,16176,,https://www.wikidata.org/wiki/Q2779010
Q851611,龙蛇小霸王,film,1976-01-01,tt0074256,8446,,https://www.wikidata.org/wiki/Q851611
Q7715922,天涯脂粉客,film,1976-05-10,tt0074189,278976,,https://www.wikidata.org/wiki/Q7715922
Q836298,凶兆,film,1976-06-06,tt0075005,794,,https://www.wikidata.org/wiki/Q836298
Q1199617,勇闖地心,film,1976-07-15,tt0074157,26398,,https://www.wikidata.org/wiki/Q1199617
Q588464,上帝的使者,film,1976-07-30,tt0074896,26842,,https://www.wikidata.org/wiki/Q588464
Q1737987,百分之七的溶液,film,1976-10-24,tt0075194,29578,,https://www.wikidata.org/wiki/Q1737987
Q1088489,塞巴斯蒂安,film,1976-12-01,tt0075177,42241,,https://www.wikidata.org/wiki/Q1088489
Q3220957,Full Circle,film,1977-01-01,tt0074611,102283,,https://www.wikidata.org/wiki/Q3220957
Q7771303,不寻常,film,1977-01-01,tt0076853,75903,,https://www.wikidata.org/wiki/Q7771303
Q8030795,吹牛大王歷險記,film,1977-01-01,tt0076931,75269,,https://www.wikidata.org/wiki/Q8030795
Q320423,铁金刚勇破海底城,film,1977-01-01,tt0076752,691,,https://www.wikidata.org/wiki/Q320423
Q3225916,王子與乞丐,film,1977-06-03,tt0077381,22815,,https://www.wikidata.org/wiki/Q3225916
Q1034978,時光遺忘之人,film,1977-07-06,tt0076535,27591,,https://www.wikidata.org/wiki/Q1034978
Q319122,古堡风云,film,1977-12-16,tt0075807,14612,,https://www.wikidata.org/wiki/Q319122
Q1210739,三十九级台阶,film,1978-01-01,tt0078389,60287,,https://www.wikidata.org/wiki/Q1210739
Q5220932,玉女情懷,film,1978-01-01,tt0077743,42207,,https://www.wikidata.org/wiki/Q5220932
Q332658,赦免的罪人,film,1978-01-01,tt0081975,77128,,https://www.wikidata.org/wiki/Q332658
Q938727,魔力,film,1978-01-01,tt0077921,11623,,https://www.wikidata.org/wiki/Q938727
Q1757235,亚特兰蒂斯战神,film,1978-05-05,tt0078474,30117,,https://www.wikidata.org/wiki/Q1757235
Q572736,納瓦隆第十突擊隊,film,1978-08-16,tt0077572,17339,,https://www.wikidata.org/wiki/Q572736
Q1059914,尼罗河上的惨案,film,1978-09-29,tt0077413,4192,,https://www.wikidata.org/wiki/Q1059914
Q1766656,Carry On Emmannuelle,film,1978-10-12,tt0077300,34743,,https://www.wikidata.org/wiki/Q1766656
Q213053,超人,film,1978-12-10,tt0078346,1924,,https://www.wikidata.org/wiki/Q213053
Q546471,火車大劫案,film,1978-12-14,tt0079240,11583,,https://www.wikidata.org/wiki/Q546471
Q338495,北海龍虎鬥,film,1979-01-01,tt0081809,390253,,https://www.wikidata.org/wiki/Q338495
Q5262489,德里克和克萊夫拿到號角,film,1979-01-01,tt0216682,59129,,https://www.wikidata.org/wiki/Q5262489
Q1058723,歐洲快車…小姐不見了,film,1979-01-01,tt0079428,4706,,https://www.wikidata.org/wiki/Q1058723
Q1659336,神童戰魔君,film,1979-01-01,tt0078792,82430,,https://www.wikidata.org/wiki/Q1659336
Q334780,铁金刚勇破太空城,film,1979-01-01,tt0079574,698,,https://www.wikidata.org/wiki/Q334780
Q3282889,Meetings with Remarkable Men,film,1979-02-01,tt0079542,108758,,https://www.wikidata.org/wiki/Q3282889
Q113502443,Brian Clarke: The Story So Far (1979),television series episode,1979-03-15,tt3974260,,,https://www.wikidata.org/wiki/Q113502443
Q103569,异形,film,1979-05-25,tt0078748,348,,https://www.wikidata.org/wiki/Q103569
Q139765734,六合千手,film,1979-06-03,tt0079478,336269,,https://www.wikidata.org/wiki/Q139765734
Q1795954,Unidentified Flying Oddball,film,1979-07-26,tt0080062,65596,,https://www.wikidata.org/wiki/Q1795954
Q194143,熊岛壮士血,film,1979-11-01,tt0078836,38629,,https://www.wikidata.org/wiki/Q194143
Q6802741,McVicar,film,1980-01-01,tt0081144,38539,,https://www.wikidata.org/wiki/Q6802741
Q7516013,Silver Dream Racer,film,1980-01-01,tt0081517,31972,,https://www.wikidata.org/wiki/Q7516013
Q7782714,There Goes the Bride,film,1980-01-01,tt0080014,361015,,https://www.wikidata.org/wiki/Q7782714
Q5684873,伏魔雷神劍,film,1980-01-01,tt0080846,25628,,https://www.wikidata.org/wiki/Q5684873
Q148204,天国之门,film,1980-01-01,tt0080855,10935,,https://www.wikidata.org/wiki/Q148204
Q571167,小公子 (1980年電影),film,1980-01-01,tt0081062,38602,,https://www.wikidata.org/wiki/Q571167
Q880665,性昏迷,film,1980-01-01,tt0080408,33214,,https://www.wikidata.org/wiki/Q880665
Q54979,玩具熊,film,1980-01-01,tt0082755,31407,,https://www.wikidata.org/wiki/Q54979
Q2710864,芭蕾彗星尼真斯基,film,1980-01-01,tt0081235,163627,,https://www.wikidata.org/wiki/Q2710864
Q7370809,超級大老千,film,1980-01-01,tt0081439,49375,,https://www.wikidata.org/wiki/Q7370809
Q186341,闪灵,film,1980-01-01,tt0081505,694,,https://www.wikidata.org/wiki/Q186341
Q3604808,Action,film,1980-01-04,tt0078732,137599,,https://www.wikidata.org/wiki/Q3604808
Q115210,死亡的窺伺,film,1980-01-11,tt0081182,3418,,https://www.wikidata.org/wiki/Q115210
Q1845888,森林中的观察者,film,1980-04-17,tt0081738,21970,,https://www.wikidata.org/wiki/Q1845888
Q4920265,黑天使,short film,1980-05-21,tt0130508,273879,,https://www.wikidata.org/wiki/Q4920265
Q272860,象人,film,1980-10-03,tt0080678,1955,,https://www.wikidata.org/wiki/Q272860
Q267672,超人續集,film,1980-12-04,tt0081573,8536,,https://www.wikidata.org/wiki/Q267672
Q1427252,飛俠哥頓,film,1980-12-05,tt0080745,3604,,https://www.wikidata.org/wiki/Q1427252
Q1215103,刀鋒冷,film,1981-01-01,tt0082351,10863,,https://www.wikidata.org/wiki/Q1215103
Q1535201,反暴特勤組,film,1981-01-01,tt0082817,21610,,https://www.wikidata.org/wiki/Q1535201
Q1218526,布偶的玩意,film,1981-01-01,tt0082474,14900,,https://www.wikidata.org/wiki/Q1218526
Q62730,從海底出擊,film,1981-01-01,tt0082096,387,,https://www.wikidata.org/wiki/Q62730
Q1049545,诸神之战,film,1981-01-01,tt0082186,10323,,https://www.wikidata.org/wiki/Q1049545
Q332330,铁金刚勇破海龙帮,film,1981-01-01,tt0082398,699,,https://www.wikidata.org/wiki/Q332330
Q743463,宇宙怪婴,film,1981-01-23,tt0084090,46364,,https://www.wikidata.org/wiki/Q743463
Q207921,烈火战车,film,1981-03-30,tt0082158,9443,,https://www.wikidata.org/wiki/Q207921
Q239794,九宵云外,film,1981-05-01,tt0082869,10540,,https://www.wikidata.org/wiki/Q239794
Q174284,夺宝奇兵,film,1981-06-12,tt0082971,85,,https://www.wikidata.org/wiki/Q174284
Q1193005,屠龙记,film,1981-06-26,tt0082288,848,,https://www.wikidata.org/wiki/Q1193005
Q1628298,電擊療法,film,1981-08-20,tt0083067,27997,,https://www.wikidata.org/wiki/Q1628298
Q467290,美国狼人在伦敦,film,1981-08-21,tt0082010,814,,https://www.wikidata.org/wiki/Q467290
Q7682977,Tangiers,film,1982-01-01,tt0084763,174626,,https://www.wikidata.org/wiki/Q7682977
Q742480,反恐怖戰隊 (1982年電影),film,1982-01-01,tt0083941,19322,,https://www.wikidata.org/wiki/Q742480
Q1199530,粉红豹再度出击,film,1982-01-01,tt0084814,9699,,https://www.wikidata.org/wiki/Q1199530
Q378748,鐘樓怪人,television film,1982-01-01,tt0084100,80385,,https://www.wikidata.org/wiki/Q378748
Q3504975,霓虹燈下的聖教士,film,1982-01-01,tt0083449,52083,,https://www.wikidata.org/wiki/Q3504975
Q1754224,新劫後英雄傳,television film,1982-02-23,tt0084157,39382,,https://www.wikidata.org/wiki/Q1754224
Q936037,雌雄莫辩,film,1982-03-16,tt0084865,12614,,https://www.wikidata.org/wiki/Q936037
Q213683,迷牆,film,1982-05-23,tt0084503,12104,,https://www.wikidata.org/wiki/Q213683
Q9262039,Framed Youth: The Revenge of the Teenage Perverts,film,1983-01-01,tt0136960,504794,,https://www.wikidata.org/wiki/Q9262039
Q24980,人生七部曲,film,1983-01-01,tt0085959,4543,,https://www.wikidata.org/wiki/Q24980
Q620731,换装师,film,1983-01-01,tt0085461,42122,,https://www.wikidata.org/wiki/Q620731
Q1193469,粉红豹之探长的诅咒,film,1983-01-01,tt0085384,36576,,https://www.wikidata.org/wiki/Q1193469
Q204398,铁金刚勇破爆炸党,film,1983-01-01,tt0086034,700,,https://www.wikidata.org/wiki/Q204398
Q195710,電光飛鏢俠 (1983年電影),film,1983-01-01,tt0085811,849,,https://www.wikidata.org/wiki/Q195710
Q594307,高尔基公园,film,1983-01-01,tt0085615,8289,,https://www.wikidata.org/wiki/Q594307
Q528095,超人第三集,film,1983-06-17,tt0086393,9531,,https://www.wikidata.org/wiki/Q528095
Q636553,Don't Open Till Christmas,film,1984-01-01,tt0089038,84422,,https://www.wikidata.org/wiki/Q636553
Q7572474,Space Riders,film,1984-01-01,tt0316649,7273,,https://www.wikidata.org/wiki/Q7572474
Q1760278,打击惊魂,film,1984-01-01,tt0087414,19621,,https://www.wikidata.org/wiki/Q1760278
Q2410457,牛津之恋,film,1984-01-01,tt0087866,30231,,https://www.wikidata.org/wiki/Q2410457
Q283134,女超人,film,1984-07-19,tt0088206,9651,,https://www.wikidata.org/wiki/Q283134
Q780951,泰山王子,film,1984-12-14,tt0087365,11002,,https://www.wikidata.org/wiki/Q780951
Q4090654,來自外太空的笨蛋,film,1985-01-01,tt0089622,33525,,https://www.wikidata.org/wiki/Q4090654
Q1420374,大衛王,film,1985-01-01,tt0089420,42040,,https://www.wikidata.org/wiki/Q1420374
Q735314,我的美丽洗衣店,film,1985-01-01,tt0091578,11240,,https://www.wikidata.org/wiki/Q735314
Q537834,有情感的机器人,film,1985-01-01,tt0088979,16248,,https://www.wikidata.org/wiki/Q537834
Q7316160,罗尼和威尔,film,1985-01-01,tt0089904,29907,,https://www.wikidata.org/wiki/Q7316160
Q3497758,蒸,film,1985-01-01,tt0090070,132482,,https://www.wikidata.org/wiki/Q3497758
Q332368,铁金刚勇战大狂魔,film,1985-01-01,tt0090264,707,,https://www.wikidata.org/wiki/Q332368
Q509913,黑魔王,film,1985-01-01,tt0089469,11976,,https://www.wikidata.org/wiki/Q509913
Q1538224,瘋狂假期歷險記,film,1985-07-26,tt0089670,11418,,https://www.wikidata.org/wiki/Q1538224
Q848280,猛龍怪客3,film,1985-11-01,tt0089003,24873,,https://www.wikidata.org/wiki/Q848280
Q913839,圣诞老人,film,1985-11-27,tt0089961,13764,,https://www.wikidata.org/wiki/Q913839
Q19363656,A Kind of English,film,1986-01-01,tt0483921,853320,,https://www.wikidata.org/wiki/Q19363656
Q3039250,Dream Lover,film,1986-01-01,tt0090970,103600,,https://www.wikidata.org/wiki/Q3039250
Q1961848,Instant Justice,film,1986-01-01,tt0093266,214521,,https://www.wikidata.org/wiki/Q1961848
Q7762971,The Second Victory,film,1986-01-01,tt0091914,365219,,https://www.wikidata.org/wiki/Q7762971
Q156539,挑战者,film,1986-01-01,tt0091203,8009,,https://www.wikidata.org/wiki/Q156539
Q104814,异形2,film,1986-07-18,tt0090605,679,,https://www.wikidata.org/wiki/Q104814
Q1199259,异形奇花,film,1986-12-19,tt0091419,10776,,https://www.wikidata.org/wiki/Q1199259
Q3545552,乡间一月,film,1987-01-01,tt0093562,63639,,https://www.wikidata.org/wiki/Q3545552
Q1624413,希望与荣耀,film,1987-01-01,tt0093209,32054,,https://www.wikidata.org/wiki/Q1624413
Q2539256,心靈的冒險,television film,1987-01-01,tt0093159,48406,,https://www.wikidata.org/wiki/Q2539256
Q1756560,我与长指甲,film,1987-01-01,tt0094336,13446,,https://www.wikidata.org/wiki/Q1756560
Q654154,華麗詠歎調,film,1987-01-01,tt0092580,25832,,https://www.wikidata.org/wiki/Q654154
Q272064,铁金刚大战特务飞龙,film,1987-01-01,tt0093428,708,,https://www.wikidata.org/wiki/Q272064
Q243439,全金属外壳,film,1987-06-17,tt0093058,600,,https://www.wikidata.org/wiki/Q243439
Q2368378,米歐王子,film,1987-07-01,tt0093543,14499,,https://www.wikidata.org/wiki/Q2368378
Q1123006,超人IV：寻求和平,film,1987-07-24,tt0094074,11411,,https://www.wikidata.org/wiki/Q1123006
Q1162728,養鬼吃人,film,1987-09-10,tt0093177,9003,,https://www.wikidata.org/wiki/Q1162728
Q271281,太阳帝国,film,1987-12-11,tt0092965,10110,,https://www.wikidata.org/wiki/Q271281
Q4004124,A Man for All Seasons,television film,1988-01-01,tt0095578,118091,,https://www.wikidata.org/wiki/Q4004124
Q2294603,前程似錦,film,1988-01-01,tt0095302,47870,,https://www.wikidata.org/wiki/Q2294603
Q1210832,吹牛大王历险记,film,1988-01-01,tt0096764,14506,,https://www.wikidata.org/wiki/Q1210832
Q971652,嬰派,film,1988-01-01,tt0097487,115616,,https://www.wikidata.org/wiki/Q971652
Q932874,殺人狂傑克,miniseries,1988-01-01,tt0095388,,47510,https://www.wikidata.org/wiki/Q932874
Q5164756,消費激情,film,1988-01-01,tt0094907,185167,,https://www.wikidata.org/wiki/Q5164756
Q905466,纸屋恶魔,film,1988-01-01,tt0098061,41965,,https://www.wikidata.org/wiki/Q905466
Q7731009,造衣者,film,1988-01-01,tt0095066,123608,,https://www.wikidata.org/wiki/Q7731009
Q379873,谁陷害了兔子罗杰,film,1988-06-22,tt0096438,856,,https://www.wikidata.org/wiki/Q379873
Q466186,一条叫旺达的鱼,film,1988-07-07,tt0095159,623,,https://www.wikidata.org/wiki/Q466186
Q1755324,養鬼吃人2,film,1988-09-09,tt0095294,9064,,https://www.wikidata.org/wiki/Q1755324
Q774547,没有线索,film,1988-10-20,tt0096454,12582,,https://www.wikidata.org/wiki/Q774547
Q5245909,Dealers,film,1989-01-01,tt0097172,55036,,https://www.wikidata.org/wiki/Q5245909
Q2371601,The Lady and the Highwayman,television film,1989-01-01,tt0097707,59171,,https://www.wikidata.org/wiki/Q2371601
Q4374859,滑流,film,1989-01-01,tt0098350,22379,,https://www.wikidata.org/wiki/Q4374859
Q1660599,環遊世界80天,miniseries,1989-01-01,tt0096535,,20580,https://www.wikidata.org/wiki/Q1660599
Q116852,蝙蝠侠,film,1989-01-01,tt0096895,268,,https://www.wikidata.org/wiki/Q116852
Q636356,血染的季節,film,1989-01-01,tt0097243,32075,,https://www.wikidata.org/wiki/Q636356
Q832337,Kill Cruise,film,1990-01-01,tt0100633,12638,,https://www.wikidata.org/wiki/Q832337
Q7623784,Strike It Rich,film,1990-01-01,tt0100708,123781,,https://www.wikidata.org/wiki/Q7623784
Q586154,俄羅斯大廈,film,1990-01-01,tt0100530,10170,,https://www.wikidata.org/wiki/Q586154
Q2963312,愛情不歸路,film,1990-01-01,tt0099250,27450,,https://www.wikidata.org/wiki/Q2963312
Q653281,英烈的歲月,film,1990-01-01,tt0100133,12651,,https://www.wikidata.org/wiki/Q653281
Q2058578,邊境音暴,film,1990-01-01,tt0100692,112785,,https://www.wikidata.org/wiki/Q2058578
Q1024694,夜行駭傳,film,1990-02-16,tt0100260,20481,,https://www.wikidata.org/wiki/Q1024694
Q406785,开心飞虎将,film,1990-08-10,tt0099005,11856,,https://www.wikidata.org/wiki/Q406785
Q3430569,Prisoner of Honor,television film,1991-01-01,tt0102715,233156,,https://www.wikidata.org/wiki/Q3430569
Q1721087,卡夫卡,film,1991-01-01,tt0102181,2297,,https://www.wikidata.org/wiki/Q1721087
Q1962105,時間簡史 (紀錄片),film,1991-01-01,tt0103882,1358,,https://www.wikidata.org/wiki/Q1962105
Q1523060,置若罔闻,film,1991-01-01,tt0102288,64167,,https://www.wikidata.org/wiki/Q1523060
Q129283,肥龍皇帝,film,1991-01-01,tt0102216,10804,,https://www.wikidata.org/wiki/Q129283
Q880141,黑貓,film,1991-01-01,tt0101463,45437,,https://www.wikidata.org/wiki/Q880141
Q4984781,Buddy's Song,film,1991-03-01,tt0099184,73205,,https://www.wikidata.org/wiki/Q4984781
Q486822,侠盗王子罗宾汉,film,1991-06-14,tt0102798,8367,,https://www.wikidata.org/wiki/Q486822
Q573210,公司业务,film,1991-09-06,tt0101606,32074,,https://www.wikidata.org/wiki/Q573210
Q4155609,廿一世纪生死恋,film,1991-10-04,tt0103143,190780,,https://www.wikidata.org/wiki/Q4155609
Q1801544,一生與瞬間,film,1991-11-04,tt0102258,64879,,https://www.wikidata.org/wiki/Q1801544
Q646389,铁钩船长,film,1991-12-11,tt0102057,879,,https://www.wikidata.org/wiki/Q646389
Q1764322,Den ofrivillige golfaren,film,1991-12-25,tt0102579,24646,,https://www.wikidata.org/wiki/Q1764322
Q3414832,Just like a Woman,film,1992-01-01,tt0104576,161780,,https://www.wikidata.org/wiki/Q3414832
Q204414,哥伦布也疯狂,film,1992-01-01,tt0103927,19725,,https://www.wikidata.org/wiki/Q204414
Q3795151,地板下的小矮人,television film,1992-01-01,tt0105957,,40306,https://www.wikidata.org/wiki/Q3795151
Q3818641,彗星來的那一年,film,1992-01-01,tt0105871,44941,,https://www.wikidata.org/wiki/Q3818641
Q2103576,歡喜城,film,1992-01-01,tt0103976,47821,,https://www.wikidata.org/wiki/Q2103576
Q4420282,銀翼追擊,film,1992-01-01,tt0103848,46270,,https://www.wikidata.org/wiki/Q4420282
Q2276270,魔鬼生化人2,film,1992-01-01,tt0105178,92371,,https://www.wikidata.org/wiki/Q2276270
Q538438,爱在战火蔓延时,film,1992-01-28,tt0105391,31962,,https://www.wikidata.org/wiki/Q538438
Q855222,愛國者遊戲,film,1992-06-05,tt0105112,9869,,https://www.wikidata.org/wiki/Q855222
Q4750251,An Ungentlemanly Act,television film,1992-06-13,tt0134178,45562,,https://www.wikidata.org/wiki/Q4750251
Q189054,蝙蝠侠归来,film,1992-06-16,tt0103776,364,,https://www.wikidata.org/wiki/Q189054
Q182727,哭泣游戏,film,1992-09-02,tt0104036,11386,,https://www.wikidata.org/wiki/Q182727
Q6820409,圣诞快乐，憨豆先生,Christmas episode,1992-12-29,tt0365495,931452,,https://www.wikidata.org/wiki/Q6820409
Q6956300,N is a Number: A Portrait of Paul Erdős,film,1993-01-01,tt0125425,76102,,https://www.wikidata.org/wiki/Q6956300
Q1741043,緣未了,film,1993-01-01,tt0107042,124312,,https://www.wikidata.org/wiki/Q1741043
Q1963079,赤裸裸,film,1993-01-01,tt0107653,21450,,https://www.wikidata.org/wiki/Q1963079
Q7720493,郊區佛陀,miniseries,1993-01-01,tt0105963,,8894,https://www.wikidata.org/wiki/Q7720493
Q952325,顽皮警察,film,1993-01-01,tt0108187,46828,,https://www.wikidata.org/wiki/Q952325
Q821692,糖衣陷阱,film,1993-06-23,tt0106918,37233,,https://www.wikidata.org/wiki/Q821692
Q525421,秘密花園,film,1993-08-13,tt0108071,11236,,https://www.wikidata.org/wiki/Q525421
Q508931,豪情三劍客,film,1993-11-12,tt0108333,10057,,https://www.wikidata.org/wiki/Q508931
Q304074,以父之名,film,1993-12-12,tt0107207,7984,,https://www.wikidata.org/wiki/Q304074
Q17426152,An Impossible Job,television film,1994-01-01,tt3823528,,,https://www.wikidata.org/wiki/Q17426152
Q1198889,Good King Wenceslas,television film,1994-01-01,tt0109919,332325,,https://www.wikidata.org/wiki/Q1198889
Q6887968,Mod Fuck Explosion,film,1994-01-01,tt0107587,250586,,https://www.wikidata.org/wiki/Q6887968
Q4373818,National Lampoon's Last Resort,film,1994-01-01,tt0110629,49338,,https://www.wikidata.org/wiki/Q4373818
Q17426191,Staggered,film,1994-01-01,tt0111275,54804,,https://www.wikidata.org/wiki/Q17426191
Q2255971,人鱼传说,film,1994-01-01,tt0111112,14334,,https://www.wikidata.org/wiki/Q2255971
Q1181240,死亡武器,film,1994-01-01,tt0109575,1702,,https://www.wikidata.org/wiki/Q1181240
Q537256,神駒黑美人,film,1994-01-01,tt0109279,14522,,https://www.wikidata.org/wiki/Q537256
Q833180,科學怪人,film,1994-01-01,tt0109836,3036,,https://www.wikidata.org/wiki/Q833180
Q965085,跨世奇人,film,1994-01-01,tt0106379,46924,,https://www.wikidata.org/wiki/Q965085
Q506032,魔鬼一族,film,1994-05-17,tt0111149,9905,,https://www.wikidata.org/wiki/Q506032
Q318910,夜访吸血鬼,film,1994-11-11,tt0110148,628,,https://www.wikidata.org/wiki/Q318910
Q3026421,激情姐妹花,film,1994-12-15,tt0111205,44925,,https://www.wikidata.org/wiki/Q3026421
Q19089,007之黄金眼,film,1995-01-01,tt0113189,710,,https://www.wikidata.org/wiki/Q19089
Q1051496,割喉岛,film,1995-01-01,tt0112760,1408,,https://www.wikidata.org/wiki/Q1051496
Q784934,山丘上的情人,film,1995-01-01,tt0112966,10612,,https://www.wikidata.org/wiki/Q784934
Q13908,忽然奪網,film,1995-01-01,tt0113243,10428,,https://www.wikidata.org/wiki/Q13908
Q5491064,愛在星空下,film,1995-01-01,tt0113107,73067,,https://www.wikidata.org/wiki/Q5491064
Q1659511,正當防衛,film,1995-01-01,tt0113501,9061,,https://www.wikidata.org/wiki/Q1659511
Q1167668,瑪格麗特的博物館,film,1995-01-01,tt0113774,71754,,https://www.wikidata.org/wiki/Q1167668
Q333971,第一武士,film,1995-01-01,tt0113071,6520,,https://www.wikidata.org/wiki/Q333971
Q3805533,親親我的愛,film,1995-01-01,tt0113448,2021,,https://www.wikidata.org/wiki/Q3805533
Q1141727,赤膽豪情,film,1995-01-01,tt0114287,11780,,https://www.wikidata.org/wiki/Q1141727
Q643805,土地与自由,film,1995-04-07,tt0114671,38884,,https://www.wikidata.org/wiki/Q643805
Q849343,勇夺芳心,film,1995-10-20,tt0112870,19404,,https://www.wikidata.org/wiki/Q849343
Q643263,理智与情感,film,1995-12-13,tt0114388,4584,,https://www.wikidata.org/wiki/Q643263
Q7720414,The Bruce,film,1996-01-01,tt0115766,280431,,https://www.wikidata.org/wiki/Q7720414
Q1032177,勝利的星期六,film,1996-01-01,tt0114917,1608,,https://www.wikidata.org/wiki/Q1032177
Q1168407,古堡守護靈,television film,1996-01-01,tt0115820,48358,,https://www.wikidata.org/wiki/Q1168407
Q7811121,吾爱吾师2,television film,1996-01-01,tt0117927,86040,,https://www.wikidata.org/wiki/Q7811121
Q3257706,尼斯巨龍,film,1996-01-01,tt0113682,51043,,https://www.wikidata.org/wiki/Q3257706
Q5275317,忘記她是他,film,1996-01-01,tt0116102,106837,,https://www.wikidata.org/wiki/Q5275317
Q1756394,怒海驕陽,film,1996-01-01,tt0118158,10534,,https://www.wikidata.org/wiki/Q1756394
Q12112900,海上求生記,television film,1996-01-01,tt0116056,213842,,https://www.wikidata.org/wiki/Q12112900
Q1680069,狂愛走一回,film,1996-01-01,tt0117791,41843,,https://www.wikidata.org/wiki/Q1680069
Q3486843,現代鬥魚,film,1996-01-01,tt0114474,42758,,https://www.wikidata.org/wiki/Q3486843
Q391172,秘密與謊言,film,1996-01-01,tt0117589,11159,,https://www.wikidata.org/wiki/Q391172
Q523767,絕戀,film,1996-01-01,tt0116722,25147,,https://www.wikidata.org/wiki/Q523767
Q953911,致命化身,film,1996-01-01,tt0117002,9095,,https://www.wikidata.org/wiki/Q953911
Q2565731,艾瑪,television film,1996-01-01,tt0118308,12254,,https://www.wikidata.org/wiki/Q2565731
Q109135,迷幻列車,film,1996-01-01,tt0117951,627,,https://www.wikidata.org/wiki/Q109135
Q826494,闪亮的风采,film,1996-01-21,tt0117631,7863,,https://www.wikidata.org/wiki/Q826494
Q1788520,布公仔之金銀島,film,1996-02-16,tt0117110,10874,,https://www.wikidata.org/wiki/Q1788520
Q1741232,職業特工隊,film,1996-05-22,tt0117060,954,,https://www.wikidata.org/wiki/Q1741232
Q1041618,卡拉之歌,film,1996-09-20,tt0115832,2143,,https://www.wikidata.org/wiki/Q1041618
Q8594,101真狗,film,1996-11-27,tt0115433,11674,,https://www.wikidata.org/wiki/Q8594
Q23888478,怪谈协会,film,1996-11-28,tt0168224,256085,,https://www.wikidata.org/wiki/Q23888478
Q245271,贝隆夫人,film,1996-12-25,tt0116250,8818,,https://www.wikidata.org/wiki/Q245271
Q1584983,Hard Grit,film,1997-01-01,tt2151649,74683,,https://www.wikidata.org/wiki/Q1584983
Q7533157,Sixth Happiness,film,1997-01-01,tt0127289,264157,,https://www.wikidata.org/wiki/Q7533157
Q7772048,The Vanishing Man,film,1997-01-01,tt0124915,,,https://www.wikidata.org/wiki/Q7772048
Q496019,偷雞摸狗,film,1997-01-01,tt0119115,12145,,https://www.wikidata.org/wiki/Q496019
Q1518031,切勿吞食,film,1997-01-01,tt0119792,21252,,https://www.wikidata.org/wiki/Q1518031
Q1137856,天旋地轉,film,1997-01-01,tt0120185,6116,,https://www.wikidata.org/wiki/Q1137856
Q5320222,情慾亂碼,film,1997-01-01,tt0119033,161795,,https://www.wikidata.org/wiki/Q5320222
Q7729824,指定懺悔者1997,film,1997-01-01,tt0118964,125021,,https://www.wikidata.org/wiki/Q7729824
Q207916,明日帝国,film,1997-01-01,tt0120347,714,,https://www.wikidata.org/wiki/Q207916
Q841452,火光 (1997年電影),film,1997-01-01,tt0119125,38621,,https://www.wikidata.org/wiki/Q841452
Q501703,王牌大贱谍,film,1997-01-01,tt0118655,816,,https://www.wikidata.org/wiki/Q501703
Q1953910,精靈傳奇,film,1997-01-01,tt0119095,29911,,https://www.wikidata.org/wiki/Q1953910
Q473899,魔鬼潛艦,television film,1997-01-01,tt0119320,2131,,https://www.wikidata.org/wiki/Q473899
Q1167202,鹰之眼,film,1997-03-21,tt0120565,76323,,https://www.wikidata.org/wiki/Q1167202
Q106506,第五元素,film,1997-05-07,tt0119116,18,,https://www.wikidata.org/wiki/Q106506
Q752103,憨豆先生,film,1997-07-03,tt0118689,1281,,https://www.wikidata.org/wiki/Q752103
Q849162,黑洞表面,film,1997-08-15,tt0119081,8413,,https://www.wikidata.org/wiki/Q849162
Q167437,狙擊職業殺手,film,1997-11-14,tt0119395,4824,,https://www.wikidata.org/wiki/Q167437
Q502908,LIS太空號,film,1998-01-01,tt0120738,2157,,https://www.wikidata.org/wiki/Q502908
Q1844760,Meeting People Is Easy,film,1998-01-01,tt0195909,19362,,https://www.wikidata.org/wiki/Q1844760
Q282069,完美谋杀案,film,1998-01-01,tt0120787,1965,,https://www.wikidata.org/wiki/Q282069
Q494985,復仇者 (1998年電影),film,1998-01-01,tt0118661,9320,,https://www.wikidata.org/wiki/Q494985
Q3284236,情人最愛,film,1998-01-01,tt0120687,96196,,https://www.wikidata.org/wiki/Q3284236
Q165817,拯救大兵瑞恩,film,1998-01-01,tt0120815,857,,https://www.wikidata.org/wiki/Q165817
Q386094,瑪莎搭上三個男人,film,1998-01-01,tt0120747,6373,,https://www.wikidata.org/wiki/Q386094
Q6014960,绝命大逃亡,film,1998-01-01,tt0119365,45928,,https://www.wikidata.org/wiki/Q6014960
Q934960,英雄不改本色,film,1998-01-01,tt0149151,1618,,https://www.wikidata.org/wiki/Q934960
Q1536361,迷幻屋,film,1998-01-01,tt0122515,12229,,https://www.wikidata.org/wiki/Q1536361
Q470624,雙面情人,film,1998-01-01,tt0120148,10215,,https://www.wikidata.org/wiki/Q470624
Q7316542,Resurrection Man,film,1998-02-13,tt0140508,136134,,https://www.wikidata.org/wiki/Q7316542
Q7736051,The General,television series,1998-04-06,,,,https://www.wikidata.org/wiki/Q7736051
Q685817,追随,film,1998-04-24,tt0154506,11660,,https://www.wikidata.org/wiki/Q685817
Q729782,天生一对,film,1998-07-29,tt0120783,9820,,https://www.wikidata.org/wiki/Q729782
Q1171544,A錢大玩家,film,1999-01-01,tt0131566,21039,,https://www.wikidata.org/wiki/Q1171544
Q3776130,Great Expectations,television film,1999-01-01,tt0167187,16075,286423,https://www.wikidata.org/wiki/Q3776130
Q3116355,Gregory's Two Girls,film,1999-01-01,tt0150786,29108,,https://www.wikidata.org/wiki/Q3116355
Q7729484,The Debt Collector,film,1999-01-01,tt0159401,34713,,https://www.wikidata.org/wiki/Q7729484
Q7814694,Tom's Midnight Garden,film,1999-01-01,tt0146315,77945,,https://www.wikidata.org/wiki/Q7814694
Q209481,大开眼戒,film,1999-01-01,tt0120663,345,,https://www.wikidata.org/wiki/Q209481
Q8031338,女人秘话,film,1999-01-01,tt0180316,127286,,https://www.wikidata.org/wiki/Q8031338
Q137130,抢翻天,film,1999-01-01,tt0134033,10381,,https://www.wikidata.org/wiki/Q137130
Q4157665,海上监狱,film,1999-01-01,tt0139426,27336,,https://www.wikidata.org/wiki/Q4157665
Q16156204,燧石街居民,television film,1999-01-01,tt0228306,151961,,https://www.wikidata.org/wiki/Q16156204
Q794138,週末狂歡,film,1999-01-01,tt0188674,11129,,https://www.wikidata.org/wiki/Q794138
Q876851,金刚钻,film,1999-01-01,tt0167423,35118,,https://www.wikidata.org/wiki/Q876851
Q212145,黑日危机,film,1999-01-01,tt0143145,36643,,https://www.wikidata.org/wiki/Q212145
Q578873,將計就計,film,1999-04-15,tt0137494,1844,,https://www.wikidata.org/wiki/Q578873
Q202508,木乃伊,film,1999-05-04,tt0120616,564,,https://www.wikidata.org/wiki/Q202508
Q165713,星球大战I：幽灵的威胁,film,1999-05-19,tt0120915,1893,,https://www.wikidata.org/wiki/Q165713
Q200672,诺丁山,film,1999-05-21,tt0125439,509,,https://www.wikidata.org/wiki/Q200672
Q3224390,大賽,film,1999-08-13,tt0165384,41160,,https://www.wikidata.org/wiki/Q3224390
Q291180,心鎖,film,1999-08-27,tt0178737,10399,,https://www.wikidata.org/wiki/Q291180
Q208592,断头谷,film,1999-11-17,tt0162661,2668,,https://www.wikidata.org/wiki/Q208592
Q1421958,Jason and the Argonauts,miniseries,2000-01-01,tt0217579,,25406,https://www.wikidata.org/wiki/Q1421958
Q7092958,再吻一次,film,2000-01-01,tt0229625,54623,,https://www.wikidata.org/wiki/Q7092958
Q548888,吸血小英雄,film,2000-01-01,tt0192255,24100,,https://www.wikidata.org/wiki/Q548888
Q1122654,天生浪漫,film,2000-01-01,tt0236034,35066,,https://www.wikidata.org/wiki/Q1122654
Q7497411,復仇遊戲,film,2000-01-01,tt0232632,28943,,https://www.wikidata.org/wiki/Q7497411
Q761302,性书狂人,film,2000-01-01,tt0180073,10876,,https://www.wikidata.org/wiki/Q761302
Q168849,生還元素,film,2000-01-01,tt0228750,11983,,https://www.wikidata.org/wiki/Q168849
Q471951,縱情四海,film,2000-01-01,tt0206917,29572,,https://www.wikidata.org/wiki/Q471951
Q7620117,Storm Damage,television film,2000-01-23,tt0174245,392945,,https://www.wikidata.org/wiki/Q7620117
Q39649619,When Louis Met... Jimmy,television film,2000-04-13,tt0304938,,,https://www.wikidata.org/wiki/Q39649619
Q1774070,金色情挑,film,2000-05-14,tt0200669,29946,,https://www.wikidata.org/wiki/Q1774070
Q5156662,黑吃黑,film,2000-07-05,tt0188518,23751,,https://www.wikidata.org/wiki/Q5156662
Q1135349,真爱永存,film,2000-10-27,tt0213890,11518,,https://www.wikidata.org/wiki/Q1135349
Q165847,102斑點狗,film,2000-11-22,tt0211181,10481,,https://www.wikidata.org/wiki/Q165847
Q1356402,终极天险,film,2000-12-03,tt0190865,11678,,https://www.wikidata.org/wiki/Q1356402
Q3307591,Murder in Mesopotamia,television film,2001-01-01,tt0278634,1529613,,https://www.wikidata.org/wiki/Q3307591
Q2446893,人人爱上我老婆,film,2001-01-01,tt0269499,14651,,https://www.wikidata.org/wiki/Q2446893
Q464014,古墓丽影,film,2001-01-01,tt0146316,1995,,https://www.wikidata.org/wiki/Q464014
Q400205,心靈病房,television film,2001-01-01,tt0243664,26976,,https://www.wikidata.org/wiki/Q400205
Q1364697,愛莉思的情書,film,2001-01-01,tt0280778,11889,,https://www.wikidata.org/wiki/Q1364697
Q469624,決戰猩球,film,2001-01-01,tt0133152,869,,https://www.wikidata.org/wiki/Q469624
Q5288177,狗吃狗,film,2001-01-01,tt0254284,50464,,https://www.wikidata.org/wiki/Q5288177
Q194413,珍珠港,film,2001-01-01,tt0213149,676,,https://www.wikidata.org/wiki/Q194413
Q2387869,着魔,film,2001-01-01,tt0278675,59095,,https://www.wikidata.org/wiki/Q2387869
Q879029,花好月圆,film,2001-01-01,tt0248617,39837,,https://www.wikidata.org/wiki/Q879029
Q705387,拦截密码战,film,2001-01-22,tt0157583,10491,,https://www.wikidata.org/wiki/Q705387
Q752313,BJ单身日记,film,2001-03-10,tt0243155,634,,https://www.wikidata.org/wiki/Q752313
Q1167445,阳光下的罪恶,television film,2001-04-20,tt0276115,,,https://www.wikidata.org/wiki/Q1167445
Q320461,木乃伊2,film,2001-05-04,tt0209163,1734,,https://www.wikidata.org/wiki/Q320461
Q18964,驚婚計,film,2001-09-06,tt0188453,2084,,https://www.wikidata.org/wiki/Q18964
Q3423109,遗言,film,2001-09-10,tt0253200,14778,,https://www.wikidata.org/wiki/Q3423109
Q102438,哈利·波特与魔法石,film,2001-11-04,tt0241527,671,,https://www.wikidata.org/wiki/Q102438
Q1049139,间谍游戏,film,2001-11-19,tt0266987,1535,,https://www.wikidata.org/wiki/Q1049139
Q586199,杰克与仙豆,miniseries,2001-12-02,tt0264262,,16433,https://www.wikidata.org/wiki/Q586199
Q705230,戰地有心人,film,2001-12-17,tt0245046,12660,,https://www.wikidata.org/wiki/Q705230
Q30931,007之择日而亡,film,2002-01-01,tt0246460,36669,,https://www.wikidata.org/wiki/Q30931
Q5216963,Daniel Deronda,miniseries,2002-01-01,tt0321897,,34539,https://www.wikidata.org/wiki/Q5216963
Q662342,K-19：寡妇制造者,film,2002-01-01,tt0267626,8665,,https://www.wikidata.org/wiki/Q662342
Q3227413,Le stade de Wimbledon,film,2002-01-01,tt0254791,125848,,https://www.wikidata.org/wiki/Q3227413
Q263006,Mujhse Dosti Karoge!,film,2002-01-01,tt0272736,26277,,https://www.wikidata.org/wiki/Q263006
Q15039704,New Year's Eve,short film,2002-01-01,tt0378437,490358,,https://www.wikidata.org/wiki/Q15039704
Q7753615,The New Gladiators,film,2002-01-01,tt0349882,,,https://www.wikidata.org/wiki/Q7753615
Q1937996,巴黎戰火,film,2002-01-01,tt0280949,50467,,https://www.wikidata.org/wiki/Q1937996
Q157044,时时刻刻,film,2002-01-01,tt0274558,590,,https://www.wikidata.org/wiki/Q157044
Q498910,王牌大贱谍3,film,2002-01-01,tt0295178,818,,https://www.wikidata.org/wiki/Q498910
Q3482471,神槍手,film,2002-01-01,tt0278035,154219,,https://www.wikidata.org/wiki/Q3482471
Q464687,美国女孩,film,2002-01-01,tt0329297,15041,,https://www.wikidata.org/wiki/Q464687
Q816156,鬼潛艇,film,2002-01-01,tt0276816,12590,,https://www.wikidata.org/wiki/Q816156
Q159638,刀鋒戰士2,film,2002-03-12,tt0187738,36586,,https://www.wikidata.org/wiki/Q159638
Q1129227,关于一个男孩,film,2002-04-26,tt0276751,245,,https://www.wikidata.org/wiki/Q1129227
Q151903,美丽坏东西,film,2002-09-05,tt0301199,3472,,https://www.wikidata.org/wiki/Q151903
Q221075,28日後,film,2002-11-01,tt0289043,170,,https://www.wikidata.org/wiki/Q221075
Q102244,哈利·波特与密室,film,2002-11-03,tt0295297,672,,https://www.wikidata.org/wiki/Q102244
Q6656017,"Camden Underworld, London - 16 November 2001",film,2002-12-17,tt0808156,,,https://www.wikidata.org/wiki/Q6656017
Q1210797,蛮荒历险记,film,2002-12-20,tt0282120,14317,,https://www.wikidata.org/wiki/Q1210797
Q5158515,Concert for George,film,2003-01-01,tt0380275,28236,,https://www.wikidata.org/wiki/Q5158515
Q7004404,Neverland,film,2003-01-01,tt0349880,39198,,https://www.wikidata.org/wiki/Q7004404
Q14954099,Second Generation,television film,2003-01-01,tt0380693,,29749,https://www.wikidata.org/wiki/Q14954099
Q7839913,"Triads, Yardies and Onion Bhajees",film,2003-01-01,tt0373400,42873,,https://www.wikidata.org/wiki/Q7839913
Q287740,光彩年華,film,2003-01-01,tt0325123,15271,,https://www.wikidata.org/wiki/Q287740
Q1121256,烈火亞當,film,2003-01-01,tt0289635,237,,https://www.wikidata.org/wiki/Q1121256
Q337881,特务戆J,film,2003-01-01,tt0274166,9486,,https://www.wikidata.org/wiki/Q337881
Q1125253,盗墓者罗拉：生命之匙,film,2003-01-01,tt0325703,1996,,https://www.wikidata.org/wiki/Q1125253
Q6457546,致命LD,film,2003-01-01,tt0337659,15473,,https://www.wikidata.org/wiki/Q6457546
Q1165415,迷惘十六年,film,2003-01-01,tt0331338,29656,,https://www.wikidata.org/wiki/Q1165415
Q1090737,Skagerrak,film,2003-03-14,tt0338440,55179,,https://www.wikidata.org/wiki/Q1090737
Q1105584,代碼46,film,2003-09-02,tt0345061,2577,,https://www.wikidata.org/wiki/Q1105584
Q3124318,Baghban,film,2003-10-02,tt0337578,39839,,https://www.wikidata.org/wiki/Q3124318
Q190588,真爱至上,film,2003-11-06,tt0314331,508,,https://www.wikidata.org/wiki/Q190588
Q5732034,Bonus DVD,film,2004-01-01,,,,https://www.wikidata.org/wiki/Q5732034
Q4996798,Bullet Boy,film,2004-01-01,tt0385568,32566,,https://www.wikidata.org/wiki/Q4996798
Q19872527,Dangerous Twins,film,2004-01-01,tt0492957,432917,,https://www.wikidata.org/wiki/Q19872527
Q5978742,I – Proud to Be an Indian,film,2004-01-01,tt0379818,311571,,https://www.wikidata.org/wiki/Q5978742
Q7759695,The Reality of the Virtual,film,2004-01-01,tt0419142,69054,,https://www.wikidata.org/wiki/Q7759695
Q337090,亚瑟王,film,2004-01-01,tt0349683,9477,,https://www.wikidata.org/wiki/Q337090
Q162277,亞歷山大帝,film,2004-01-01,tt0346491,1966,,https://www.wikidata.org/wiki/Q162277
Q858724,僵尸肖恩,film,2004-01-01,tt0365748,747,,https://www.wikidata.org/wiki/Q858724
Q2628332,加利格蘭的粉紅婚禮,film,2004-01-01,tt0374277,55177,,https://www.wikidata.org/wiki/Q2628332
Q1973919,南方和北方,miniseries,2004-01-01,tt0417349,,13643,https://www.wikidata.org/wiki/Q1973919
Q1046841,名利场,film,2004-01-01,tt0241025,11632,,https://www.wikidata.org/wiki/Q1046841
Q309366,国家宝藏,film,2004-01-01,tt0368891,2059,,https://www.wikidata.org/wiki/Q309366
Q208204,尋找夢幻島,film,2004-01-01,tt0308644,866,,https://www.wikidata.org/wiki/Q208204
Q277457,情慾九歌,film,2004-01-01,tt0411705,27,,https://www.wikidata.org/wiki/Q277457
Q814790,成为朱莉娅,film,2004-01-01,tt0340012,18701,,https://www.wikidata.org/wiki/Q814790
Q471976,星际传奇2,film,2004-01-01,tt0296572,2789,,https://www.wikidata.org/wiki/Q471976
Q276407,歌剧魅影,film,2004-01-01,tt0293508,9833,,https://www.wikidata.org/wiki/Q276407
Q5437222,肥的掉渣,film,2004-01-01,tt0382028,31120,,https://www.wikidata.org/wiki/Q5437222
Q94284,血染天堂,film,2004-01-01,tt0386504,9830,,https://www.wikidata.org/wiki/Q94284
Q1356395,阿尔菲,film,2004-01-01,tt0375173,8849,,https://www.wikidata.org/wiki/Q1356395
Q162458,飞跃情海,film,2004-01-01,tt0363473,6478,,https://www.wikidata.org/wiki/Q162458
Q466485,第一千金歐遊記,film,2004-01-07,tt0360139,14844,,https://www.wikidata.org/wiki/Q466485
Q853351,如果能再愛一次,film,2004-01-23,tt0332136,15775,,https://www.wikidata.org/wiki/Q853351
Q3737918,Waterbomb for the Fat Tomcat,film,2004-03-04,tt0439862,224669,,https://www.wikidata.org/wiki/Q3737918
Q1506377,雷鳥神機隊,film,2004-07-14,tt0167456,14623,,https://www.wikidata.org/wiki/Q1506377
Q11087192,时差7小时,film,2004-10-17,tt0408930,1084649,,https://www.wikidata.org/wiki/Q11087192
Q843612,BJ單身日記：男人禍水,film,2004-11-08,tt0317198,9801,,https://www.wikidata.org/wiki/Q843612
Q4662707,Aashiq Banaya Aapne,film,2005-01-01,tt0477253,49496,,https://www.wikidata.org/wiki/Q4662707
Q1197868,After the Funeral,television film,2005-01-01,tt0479977,,,https://www.wikidata.org/wiki/Q1197868
Q6669761,London,film,2005-01-01,tt1499272,277883,,https://www.wikidata.org/wiki/Q6669761
Q6807464,Mee-Shee: The Water Giant,film,2005-01-01,tt0243462,60596,,https://www.wikidata.org/wiki/Q6807464
Q12449624,Ramji Londonwaley,film,2005-01-01,tt0476848,258688,,https://www.wikidata.org/wiki/Q12449624
Q7637440,Summer Solstice,television film,2005-01-01,tt0785054,281709,42121,https://www.wikidata.org/wiki/Q7637440
Q869862,一球成名,film,2005-01-01,tt0380389,9763,,https://www.wikidata.org/wiki/Q869862
Q5506268,冰凍,film,2005-01-01,tt0376606,26041,,https://www.wikidata.org/wiki/Q5506268
Q1027175,婚禮約會,film,2005-01-01,tt0372532,6961,,https://www.wikidata.org/wiki/Q1027175
Q3869964,尼娜,film,2005-01-01,tt0443594,15978,,https://www.wikidata.org/wiki/Q3869964
Q1952460,忠狗巴比傳,film,2005-01-01,tt0435597,73772,,https://www.wikidata.org/wiki/Q1952460
Q1367317,深入绝地,film,2005-01-01,tt0435625,9392,,https://www.wikidata.org/wiki/Q1367317
Q2620593,滾石樂團,film,2005-01-01,tt0426627,17741,,https://www.wikidata.org/wiki/Q2620593
Q3069838,節慶 (2005年電影),film,2005-01-01,tt0468736,77517,,https://www.wikidata.org/wiki/Q3069838
Q592915,藏秘巧克力,film,2005-01-01,tt0454431,20296,,https://www.wikidata.org/wiki/Q592915
Q3285136,野人传奇,film,2005-01-01,tt0397530,10087,,https://www.wikidata.org/wiki/Q3285136
Q1567731,靈犬萊西,film,2005-01-01,tt0431213,14597,,https://www.wikidata.org/wiki/Q1567731
Q2667715,靓佬揾靴著,film,2005-01-01,tt0434124,16367,,https://www.wikidata.org/wiki/Q2667715
Q465607,顫慄時空,film,2005-01-01,tt0366627,9667,,https://www.wikidata.org/wiki/Q465607
Q523249,魔法保姆麦克菲,film,2005-01-01,tt0396752,11283,,https://www.wikidata.org/wiki/Q523249
Q1218101,D'Artagnan and the Three Musketeers,television film,2005-01-22,tt0425945,119900,91010,https://www.wikidata.org/wiki/Q1218101
Q2052558,罗斯,television series episode,2005-03-26,tt0562992,,,https://www.wikidata.org/wiki/Q2052558
Q2477742,借屍還魂,television series episode,2005-04-09,tt0563001,,,https://www.wikidata.org/wiki/Q2477742
Q151848,何處尋真相,film,2005-05-13,tt0373450,9729,,https://www.wikidata.org/wiki/Q151848
Q166262,蝙蝠侠：开战时刻,film,2005-06-15,tt0372784,272,,https://www.wikidata.org/wiki/Q166262
Q318428,酷狗宝贝之魔兔诅咒,animated film,2005-09-04,tt0312004,533,,https://www.wikidata.org/wiki/Q318428
Q583869,玩命左輪,film,2005-09-11,tt0365686,10851,,https://www.wikidata.org/wiki/Q583869
Q270385,傲慢与偏见,film,2005-09-16,tt0414387,4348,,https://www.wikidata.org/wiki/Q270385
Q2159973,Robinson Crusoe on Sin Island,film,2005-09-19,tt1065314,39648,,https://www.wikidata.org/wiki/Q2159973
Q1130297,碧海追踪,film,2005-09-30,tt0378109,11968,,https://www.wikidata.org/wiki/Q1130297
Q102225,哈利·波特与火焰杯,film,2005-11-06,tt0330373,674,,https://www.wikidata.org/wiki/Q102225
Q5890,V字仇杀队,film,2005-12-11,tt0434409,752,,https://www.wikidata.org/wiki/Q5890
Q1539655,1966年的世界盃,film,2006-01-01,tt0493450,31082,,https://www.wikidata.org/wiki/Q1539655
Q4661631,Aap Ki Khatir,film,2006-01-01,tt0810058,155949,,https://www.wikidata.org/wiki/Q4661631
Q16826704,Banglatown Banquet,television film,2006-01-01,tt0776762,436529,,https://www.wikidata.org/wiki/Q16826704
Q5276612,Dil Diya Hai,film,2006-01-01,tt0814082,157801,,https://www.wikidata.org/wiki/Q5276612
Q3115764,I See You,film,2006-01-01,tt0857381,65956,,https://www.wikidata.org/wiki/Q3115764
Q2276148,Shaadi Karke Phas Gaya Yaar,film,2006-01-01,tt0430589,161205,,https://www.wikidata.org/wiki/Q2276148
Q7559676,Someone Else,film,2006-01-01,tt0773309,85397,,https://www.wikidata.org/wiki/Q7559676
Q2229598,Stormforce,film,2006-01-01,tt0480854,17902,,https://www.wikidata.org/wiki/Q2229598
Q1197563,Taken at the Flood,television episode,2006-01-01,tt0478227,1633382,,https://www.wikidata.org/wiki/Q1197563
Q7763757,The Shell Seekers,miniseries,2006-01-01,tt0758720,8680,,https://www.wikidata.org/wiki/Q7763757
Q912877,一年好時光,film,2006-01-01,tt0401445,9726,,https://www.wikidata.org/wiki/Q912877
Q332093,喜糖,film,2006-01-01,tt0427089,10111,,https://www.wikidata.org/wiki/Q332093
Q1074032,猪法奇缘,film,2006-01-01,tt0472160,7985,,https://www.wikidata.org/wiki/Q1074032
Q691534,神秘群岛,film,2006-01-01,tt0412798,9756,,https://www.wikidata.org/wiki/Q691534
Q614787,被激怒的女人,film,2006-01-01,tt0458072,15986,,https://www.wikidata.org/wiki/Q614787
Q1515669,解剖外星人,film,2006-01-01,tt0466664,9773,,https://www.wikidata.org/wiki/Q1515669
Q1428718,聯航93,television film,2006-01-30,tt0481522,10958,,https://www.wikidata.org/wiki/Q1428718
Q4701744,Aksar,film,2006-02-03,tt0476729,324218,,https://www.wikidata.org/wiki/Q4701744
Q4353419,Kidulthood,film,2006-03-03,tt0435680,13185,,https://www.wikidata.org/wiki/Q4353419
Q810012,第六感追緝令2,film,2006-03-30,tt0430912,3093,,https://www.wikidata.org/wiki/Q810012
Q27728970,Under the Greenwood Tree,television film,2006-04-23,tt0465653,18091,,https://www.wikidata.org/wiki/Q27728970
Q282804,聯航93,film,2006-04-28,tt0475276,9829,,https://www.wikidata.org/wiki/Q282804
Q160560,达芬奇密码,film,2006-05-17,tt0382625,591,,https://www.wikidata.org/wiki/Q160560
Q587921,加菲猫：双猫记,film,2006-06-16,tt0455499,9513,,https://www.wikidata.org/wiki/Q587921
Q169996,风暴克星,film,2006-07-21,tt0457495,9978,,https://www.wikidata.org/wiki/Q169996
Q163549,黑色名册,film,2006-09-01,tt0389557,9075,,https://www.wikidata.org/wiki/Q163549
Q221090,人类之子,film,2006-09-03,tt0206634,9693,,https://www.wikidata.org/wiki/Q221090
Q1259440,青春我做主,film,2006-09-08,tt0446687,11404,,https://www.wikidata.org/wiki/Q1259440
Q919135,超市夜未眠,film,2006-09-10,tt0460740,12225,,https://www.wikidata.org/wiki/Q919135
Q7732724,The Evolved,film,2006-10-01,tt0818672,217107,,https://www.wikidata.org/wiki/Q7732724
Q752301,鼠國流浪記,animated film,2006-10-22,tt0424095,11619,,https://www.wikidata.org/wiki/Q752301
Q151904,007大战皇家赌场,film,2006-11-14,tt0381061,36557,,https://www.wikidata.org/wiki/Q151904
Q239296,龙骑士,film,2006-12-14,tt0449010,2486,,https://www.wikidata.org/wiki/Q239296
Q5245700,Deadmeat,film,2007-01-01,tt1135967,166403,,https://www.wikidata.org/wiki/Q5245700
Q5532820,Genesis Live in London 1980,film,2007-01-01,tt1664593,,,https://www.wikidata.org/wiki/Q5532820
Q6739035,Make Me a Tory,television film,2007-01-01,tt0993771,,,https://www.wikidata.org/wiki/Q6739035
Q7309897,Reichenbach Falls,television film,2007-01-01,tt0862641,54802,,https://www.wikidata.org/wiki/Q7309897
Q7602575,Starting Over,television film,2007-01-01,tt1152390,197878,,https://www.wikidata.org/wiki/Q7602575
Q7760679,The Riddle,film,2007-01-01,tt0790741,16178,,https://www.wikidata.org/wiki/Q7760679
Q752017,东方的承诺,film,2007-01-01,tt0765443,2252,,https://www.wikidata.org/wiki/Q752017
Q5978757,五女餐厅,film,2007-01-01,tt0831299,18820,,https://www.wikidata.org/wiki/Q5978757
Q727846,伊丽莎白2：黄金时代,film,2007-01-01,tt0414055,4517,,https://www.wikidata.org/wiki/Q727846
Q1212854,北极的圣诞老人兄弟,film,2007-01-01,tt0486583,5375,,https://www.wikidata.org/wiki/Q1212854
Q1571358,在屋頂上流浪,film,2007-01-01,tt0466816,2239,,https://www.wikidata.org/wiki/Q1571358
Q576941,夏夜狂舞,film,2007-01-01,tt0833476,14162,,https://www.wikidata.org/wiki/Q576941
Q431536,情不自禁愛上你,film,2007-01-01,tt0466839,15019,,https://www.wikidata.org/wiki/Q431536
Q2213842,愛情的禮讚,film,2007-01-01,tt0485272,25869,,https://www.wikidata.org/wiki/Q2213842
Q1417929,求爱马拉松,film,2007-01-01,tt0425413,7942,,https://www.wikidata.org/wiki/Q1417929
Q2060283,浮華陷阱,film,2007-01-01,tt0379976,10822,,https://www.wikidata.org/wiki/Q2060283
Q2314831,獵殺死神,film,2007-01-01,tt0810823,12171,,https://www.wikidata.org/wiki/Q2314831
Q2613359,盲目約會,film,2007-01-01,tt0480268,24202,,https://www.wikidata.org/wiki/Q2613359
Q3036353,砖块街,film,2007-01-01,tt0940585,21074,,https://www.wikidata.org/wiki/Q3036353
Q1675435,自由國度,film,2007-01-01,tt0807054,7992,,https://www.wikidata.org/wiki/Q1675435
Q666422,魔幻奇緣,film,2007-01-01,tt0472071,13910,,https://www.wikidata.org/wiki/Q666422
Q221102,28週後,film,2007-04-26,tt0463854,1562,,https://www.wikidata.org/wiki/Q221102
Q1129186,控制,film,2007-05-17,tt0421082,5708,,https://www.wikidata.org/wiki/Q1129186
Q203560,1408,film,2007-06-22,tt0450385,3021,,https://www.wikidata.org/wiki/Q203560
Q102235,哈利·波特与凤凰社,film,2007-06-28,tt0373889,675,,https://www.wikidata.org/wiki/Q102235
Q107226,神鬼认证：最后通牒,film,2007-07-25,tt0440963,2503,,https://www.wikidata.org/wiki/Q107226
Q244398,星尘,film,2007-07-29,tt0486655,2270,,https://www.wikidata.org/wiki/Q244398
Q28408948,特務J,film,2007-09-05,tt24516592,326860,,https://www.wikidata.org/wiki/Q28408948
Q5054216,Catwalk Dogs,television film,2007-10-21,tt1062242,285699,,https://www.wikidata.org/wiki/Q5054216
Q212041,理发师陶德,film,2007-12-03,tt0408236,13885,,https://www.wikidata.org/wiki/Q212041
Q1507766,聖殿騎士,film,2007-12-17,tt0837106,13491,,https://www.wikidata.org/wiki/Q1507766
Q4526392,Adulthood,film,2008-01-01,tt1126596,13058,,https://www.wikidata.org/wiki/Q4526392
Q5048673,Cash and Curry,film,2008-01-01,tt0784979,42353,,https://www.wikidata.org/wiki/Q5048673
Q1436102,Mrs McGinty’s Dead,television episode,2008-01-01,tt0772597,,,https://www.wikidata.org/wiki/Q1436102
Q2424215,Somers Town,film,2008-01-01,tt1172206,14298,,https://www.wikidata.org/wiki/Q2424215
Q2421373,Third Girl,television episode,2008-01-01,tt0981210,,,https://www.wikidata.org/wiki/Q2421373
Q466514,公爵夫人,film,2008-01-01,tt0864761,12783,,https://www.wikidata.org/wiki/Q466514
Q1094125,微光城市,film,2008-01-01,tt0970411,13600,,https://www.wikidata.org/wiki/Q1094125
Q1278386,愛，隨心所欲》Easy Virtue,film,2008-01-01,tt0808244,16899,,https://www.wikidata.org/wiki/Q1278386
Q898461,搖滾黑幫,film,2008-01-01,tt1032755,13809,,https://www.wikidata.org/wiki/Q898461
Q7012140,新城殺手,film,2008-01-01,tt1183908,23385,,https://www.wikidata.org/wiki/Q7012140
Q470073,華麗孽緣,film,2008-02-15,tt0467200,12184,,https://www.wikidata.org/wiki/Q470073
Q651196,地獄怪客2：金甲軍團,film,2008-06-28,tt0411477,11253,,https://www.wikidata.org/wiki/Q651196
Q188850,妈妈咪呀！,film,2008-06-30,tt0795421,11631,,https://www.wikidata.org/wiki/Q188850
Q163872,蝙蝠侠：黑暗骑士,film,2008-07-18,tt0468569,155,,https://www.wikidata.org/wiki/Q163872
Q4069758,聖殿騎士之路盡頭的國度,film,2008-08-22,tt0950739,13522,,https://www.wikidata.org/wiki/Q4069758
Q1068911,花豹少女隊：勇闖好萊塢,television film,2008-08-22,tt1013542,27621,,https://www.wikidata.org/wiki/Q1068911
Q927949,布朗森,film,2008-10-17,tt1172570,18533,,https://www.wikidata.org/wiki/Q927949
Q7005280,New Allegiances,television series episode,2008-10-27,tt1203862,,,https://www.wikidata.org/wiki/Q7005280
Q181540,007大破量子危机,film,2008-10-29,tt0830515,10764,,https://www.wikidata.org/wiki/Q181540
Q7711878,第三十九級台階,television film,2008-12-28,tt1282016,16877,,https://www.wikidata.org/wiki/Q7711878
Q93622,31 North 62 East,film,2009-01-01,tt1235404,58781,,https://www.wikidata.org/wiki/Q93622
Q234789,44英寸的胸围,film,2009-01-01,tt0914837,29182,,https://www.wikidata.org/wiki/Q234789
Q4928014,Bloodstained Memoirs,film,2009-01-01,tt1345819,59867,,https://www.wikidata.org/wiki/Q4928014
Q3506295,Dev.D,film,2009-01-01,tt1327035,15977,,https://www.wikidata.org/wiki/Q3506295
Q5978994,I Spit on Your Rave,film,2009-01-01,,,,https://www.wikidata.org/wiki/Q5978994
Q477839,伦敦河,film,2009-01-01,tt1227787,39358,,https://www.wikidata.org/wiki/Q477839
Q635352,天堂五分鐘,film,2009-01-01,tt1238291,16759,,https://www.wikidata.org/wiki/Q635352
Q578344,帕納大師的魔幻冒險,film,2009-01-01,tt1054606,8054,,https://www.wikidata.org/wiki/Q578344
Q1781432,所羅門傳奇,film,2009-01-01,tt0970452,32985,,https://www.wikidata.org/wiki/Q1781432
Q2454282,新乌龙女校2,film,2009-01-01,tt1210106,37565,,https://www.wikidata.org/wiki/Q2454282
Q478793,柏林1936,film,2009-01-01,tt1298540,50077,,https://www.wikidata.org/wiki/Q478793
Q2583180,烽火家族情,film,2009-01-01,tt1319694,35939,,https://www.wikidata.org/wiki/Q2583180
Q1153505,玩轉列斯聯,film,2009-01-01,tt1226271,21641,,https://www.wikidata.org/wiki/Q1153505
Q1190988,璀璨情诗,film,2009-01-01,tt0810784,29963,,https://www.wikidata.org/wiki/Q1190988
Q402855,英雄威尔,film,2009-01-01,tt1185412,30886,,https://www.wikidata.org/wiki/Q402855
Q1101856,血书,film,2009-03-07,tt1169809,19599,,https://www.wikidata.org/wiki/Q1101856
Q557596,鱼缸 (电影),film,2009-05-14,tt1232776,24469,,https://www.wikidata.org/wiki/Q557596
Q6170404,Jean Charles,film,2009-06-26,tt0989007,28997,,https://www.wikidata.org/wiki/Q6170404
Q161687,哈利·波特与混血王子,film,2009-07-06,tt0417741,767,,https://www.wikidata.org/wiki/Q161687
Q921510,不死魔咒,film,2009-09-07,tt1235124,23488,,https://www.wikidata.org/wiki/Q921510
Q770741,灵通人士,film,2009-09-10,tt1226774,19833,,https://www.wikidata.org/wiki/Q770741
Q574986,哈里·布朗,film,2009-09-12,tt1289406,25941,,https://www.wikidata.org/wiki/Q574986
Q16147478,Allah Made Me Funny - Official Muslim Comedy Show - Live HMV Apollo,film,2009-10-05,,,,https://www.wikidata.org/wiki/Q16147478
Q6049369,Oh My God,film,2009-10-16,tt1326954,38931,,https://www.wikidata.org/wiki/Q6049369
Q23755376,Why Beauty Matters,film,2009-11-28,tt3006616,220290,,https://www.wikidata.org/wiki/Q23755376
Q3760601,Live in London,film,2009-12-07,tt1418353,26695,,https://www.wikidata.org/wiki/Q3760601
Q5097465,Chikku Bukku,film,2010-01-01,tt1813225,55737,,https://www.wikidata.org/wiki/Q5097465
Q19007222,Faith in London,short film,2010-01-01,,,,https://www.wikidata.org/wiki/Q19007222
Q5893900,Honeymooner,film,2010-01-01,tt1552184,198251,,https://www.wikidata.org/wiki/Q5893900
Q3149151,Imogène McCarthery,film,2010-01-01,tt1376421,49510,,https://www.wikidata.org/wiki/Q3149151
Q115858658,My Journey to Life: On the Trail of Celtic Saints,film,2010-01-01,tt1673422,,,https://www.wikidata.org/wiki/Q115858658
Q568133,又一年,film,2010-01-01,tt1431181,44009,,https://www.wikidata.org/wiki/Q568133
Q4031261,四三二一,film,2010-01-01,tt1514041,44877,,https://www.wikidata.org/wiki/Q4031261
Q73543261,女聲我最美,film,2010-01-01,tt8951692,617784,,https://www.wikidata.org/wiki/Q73543261
Q915845,布萊登棒棒糖,film,2010-01-01,tt1233192,62728,,https://www.wikidata.org/wiki/Q915845
Q157879,影子写手,film,2010-01-01,tt1139328,11439,,https://www.wikidata.org/wiki/Q157879
Q3434096,无果之路,film,2010-01-01,tt1504319,42707,,https://www.wikidata.org/wiki/Q3434096
Q7746012,最后的七个,film,2010-01-01,tt1274273,44646,,https://www.wikidata.org/wiki/Q7746012
Q7111893,最後的戰爭,film,2010-01-01,tt1396219,42917,,https://www.wikidata.org/wiki/Q7111893
Q1306837,特務謎雲,film,2010-01-01,tt1226753,48289,,https://www.wikidata.org/wiki/Q1306837
Q205532,狼嚎再起,film,2010-01-01,tt0780653,7978,,https://www.wikidata.org/wiki/Q205532
Q185490,生死接觸,film,2010-01-01,tt1212419,44603,,https://www.wikidata.org/wiki/Q185490
Q17507216,當哈維遇見鮑勃,television film,2010-01-01,tt1692945,76187,,https://www.wikidata.org/wiki/Q17507216
Q1109146,福爾摩斯-倫敦大冒險,film,2010-01-01,tt1522835,33555,,https://www.wikidata.org/wiki/Q1109146
Q1406151,血緣相連,film,2010-01-01,tt1540400,43944,,https://www.wikidata.org/wiki/Q1406151
Q3830195,裸體列儂,television film,2010-01-01,tt1560164,42484,,https://www.wikidata.org/wiki/Q3830195
Q7332466,起立欢呼,film,2010-01-01,tt1341795,66124,,https://www.wikidata.org/wiki/Q7332466
Q2201,海扁王,film,2010-03-12,tt1250777,23483,,https://www.wikidata.org/wiki/Q2201
Q1508533,狂野標靶,film,2010-04-08,tt1235189,44147,,https://www.wikidata.org/wiki/Q1508533
Q1068272,聊天弒,film,2010-05-14,tt1319704,48946,,https://www.wikidata.org/wiki/Q1068272
Q17426181,One Night in Turin,film,2010-05-19,tt1626175,45374,,https://www.wikidata.org/wiki/Q17426181
Q4840255,倒霉日,film,2010-05-24,tt0878649,38403,,https://www.wikidata.org/wiki/Q4840255
Q940139,前往希腊剧院,film,2010-06-04,tt1226229,32823,,https://www.wikidata.org/wiki/Q940139
Q27748904,The Channel Islands at War,miniseries,2010-06-28,tt1943508,,196187,https://www.wikidata.org/wiki/Q27748904
Q25188,盗梦空间,film,2010-07-08,tt1375666,27205,,https://www.wikidata.org/wiki/Q25188
Q160060,国王的演讲,film,2010-09-06,tt1504320,45269,,https://www.wikidata.org/wiki/Q160060
Q1016369,房間就是太平間,film,2010-10-29,tt1320239,50204,,https://www.wikidata.org/wiki/Q1016369
Q5473919,14 Days with Victor,film,2010-10-30,tt1576360,169384,,https://www.wikidata.org/wiki/Q5473919
Q161678,哈利·波特与死亡圣器 (上),film,2010-11-11,tt0926084,12444,,https://www.wikidata.org/wiki/Q161678
Q1320997,小人国大历险,film,2010-12-25,tt1320261,38745,,https://www.wikidata.org/wiki/Q1320997
Q4027892,+100500,television series,2011-01-01,tt4958826,,,https://www.wikidata.org/wiki/Q4027892
Q116175931,Blessing Europe: The Legacy of the Celtic Saints,film,2011-01-01,,,,https://www.wikidata.org/wiki/Q116175931
Q112247632,Inni,film,2011-01-01,tt2011232,78397,,https://www.wikidata.org/wiki/Q112247632
Q6495199,Late Bloomers,film,2011-01-01,tt1572502,79995,,https://www.wikidata.org/wiki/Q6495199
Q7534711,Sket,film,2011-01-01,tt1658820,92391,,https://www.wikidata.org/wiki/Q7534711
Q7742757,The Italian Key,film,2011-01-01,tt1465513,134782,,https://www.wikidata.org/wiki/Q7742757
Q7856081,Turnout,film,2011-01-01,tt1699520,75600,,https://www.wikidata.org/wiki/Q7856081
Q1235550,倾国之恋,film,2011-01-01,tt1536048,80591,,https://www.wikidata.org/wiki/Q1235550
Q1671622,入侵者,film,2011-01-01,tt1634121,63207,,https://www.wikidata.org/wiki/Q1671622
Q4927924,冷血,film,2011-01-01,tt1845211,58667,,https://www.wikidata.org/wiki/Q4927924
Q3301799,季節,film,2011-01-01,tt1627924,75157,,https://www.wikidata.org/wiki/Q3301799
Q2628694,愛在週末邂逅時,film,2011-01-01,tt1714210,79120,,https://www.wikidata.org/wiki/Q2628694
Q3273551,我的那份蛋糕,film,2011-01-01,tt1641624,58043,,https://www.wikidata.org/wiki/Q3273551
Q2471653,最愛小情歌,film,2011-01-01,tt1815799,93188,,https://www.wikidata.org/wiki/Q2471653
Q7756859,歌劇魅影25週年紀念舞台版,film,2011-01-01,tt2077886,76115,,https://www.wikidata.org/wiki/Q7756859
Q3523372,異教徒2,film,2011-01-01,tt0323808,79544,,https://www.wikidata.org/wiki/Q3523372
Q2813808,野蠻比爾,film,2011-01-01,tt1795702,86593,,https://www.wikidata.org/wiki/Q2813808
Q1524596,雪場女孩,film,2011-01-01,tt1487118,58232,,https://www.wikidata.org/wiki/Q1524596
Q2474154,靈動檔案,film,2011-01-01,tt1687901,77949,,https://www.wikidata.org/wiki/Q2474154
Q1150930,铁甲衣,film,2011-03-04,tt1233301,38543,,https://www.wikidata.org/wiki/Q1150930
Q757865,異星大作戰,film,2011-03-12,tt1478964,59678,,https://www.wikidata.org/wiki/Q757865
Q4666737,Abendland,film,2011-03-22,tt2125427,81225,,https://www.wikidata.org/wiki/Q4666737
Q1455075,結婚友沒友,film,2011-04-01,tt0491152,49022,,https://www.wikidata.org/wiki/Q1455075
Q183555,加勒比海盗：惊涛怪浪,film,2011-05-18,tt1298650,1865,,https://www.wikidata.org/wiki/Q183555
Q223596,X战警：第一战,film,2011-05-25,tt1270798,49538,,https://www.wikidata.org/wiki/Q223596
Q232009,哈利·波特与死亡圣器,film,2011-07-13,tt1201607,12445,,https://www.wikidata.org/wiki/Q232009
Q275120,美国队长,film,2011-07-22,tt0458339,1771,,https://www.wikidata.org/wiki/Q275120
Q232161,真愛挑日子,film,2011-08-08,tt1563738,51828,,https://www.wikidata.org/wiki/Q232161
Q262173,冏男四賤客,film,2011-08-17,tt1716772,69798,,https://www.wikidata.org/wiki/Q262173
Q730888,传染病,film,2011-09-03,tt1598778,39538,,https://www.wikidata.org/wiki/Q730888
Q681962,锅匠 裁缝 士兵 间谍,film,2011-09-05,tt1340800,49517,,https://www.wikidata.org/wiki/Q681962
Q1653284,移城別戀,film,2011-09-09,tt1680045,89455,,https://www.wikidata.org/wiki/Q1653284
Q602256,到也门钓鲑鱼,film,2011-09-10,tt1441952,81025,,https://www.wikidata.org/wiki/Q602256
Q1635863,蔚蓝深海,film,2011-09-11,tt1700844,51994,,https://www.wikidata.org/wiki/Q1635863
Q1780390,人形蜈蚣2,film,2011-09-22,tt1530509,74997,,https://www.wikidata.org/wiki/Q1780390
Q1320416,铁血精英,film,2011-09-23,tt1448755,49021,,https://www.wikidata.org/wiki/Q1320416
Q7925578,受害者,film,2011-10-02,tt1698027,126464,,https://www.wikidata.org/wiki/Q7925578
Q967478,特务戆J之救国大业,film,2011-10-06,tt1634122,58233,,https://www.wikidata.org/wiki/Q967478
Q206576,雨果,film,2011-10-10,tt0970179,44826,,https://www.wikidata.org/wiki/Q206576
Q111584737,Colouring Light: Brian Clarke - An Artist Apart,film,2011-10-17,tt5701150,1406217,,https://www.wikidata.org/wiki/Q111584737
Q284184,超世紀戰神,film,2011-10-26,tt1562871,41517,,https://www.wikidata.org/wiki/Q284184
Q124611547,Adele: Live at the Royal Albert Hall,film,2011-11-27,tt2122272,79931,,https://www.wikidata.org/wiki/Q124611547
Q243643,大侦探福尔摩斯2：诡影游戏,film,2011-12-16,tt1515091,58574,,https://www.wikidata.org/wiki/Q243643
Q218589,战马,film,2011-12-25,tt1568911,57212,,https://www.wikidata.org/wiki/Q218589
Q3627717,Cocktail,film,2012-01-01,tt2168910,118051,,https://www.wikidata.org/wiki/Q3627717
Q5151551,Comes a Bright Day,film,2012-01-01,tt1900854,116723,,https://www.wikidata.org/wiki/Q5151551
Q21950723,Happy and Glorious,short film,2012-01-01,,188454,,https://www.wikidata.org/wiki/Q21950723
Q6384646,Keith Lemon:电影,film,2012-01-01,tt2147365,118690,,https://www.wikidata.org/wiki/Q6384646
Q19363710,"Not Ok Here, Not Ok Anywhere",short film,2012-01-01,tt2202500,,,https://www.wikidata.org/wiki/Q19363710
Q7719592,The Boxer,short film,2012-01-01,tt2387738,,,https://www.wikidata.org/wiki/Q7719592
Q18393623,The Paddy Lincoln Gang,film,2012-01-01,tt2098843,505369,,https://www.wikidata.org/wiki/Q18393623
Q7756057,天堂一刻,television series,2012-01-01,tt2391224,,59674,https://www.wikidata.org/wiki/Q7756057
Q17426162,开放日,television film,2012-01-01,tt2371315,153021,,https://www.wikidata.org/wiki/Q17426162
Q390759,恐懼私竇,film,2012-01-01,tt1376168,121597,,https://www.wikidata.org/wiki/Q390759
Q5967392,我，安娜,film,2012-01-01,tt1587411,114961,,https://www.wikidata.org/wiki/Q5967392
Q3411010,末路狂奔,film,2012-01-01,tt1921070,115276,,https://www.wikidata.org/wiki/Q3411010
Q2978749,清道夫,film,2012-01-01,tt1598873,95516,,https://www.wikidata.org/wiki/Q2978749
Q2394769,病態領土,film,2012-01-01,tt1760967,109843,,https://www.wikidata.org/wiki/Q2394769
Q219392,真爱满屋2：真假金龟婿,film,2012-01-01,tt1980986,85052,,https://www.wikidata.org/wiki/Q219392
Q544664,色慾花美男,film,2012-01-01,tt1440732,86467,,https://www.wikidata.org/wiki/Q544664
Q14950399,高樓驚魂,film,2012-01-01,tt1992258,128876,,https://www.wikidata.org/wiki/Q14950399
Q226773,怒戰天神,film,2012-03-29,tt1646987,57165,,https://www.wikidata.org/wiki/Q226773
Q5522376,骨頭花園,television series episode,2012-04-22,tt2069319,,,https://www.wikidata.org/wiki/Q5522376
Q45318,天使威士忌,film,2012-05-22,tt1924394,103747,,https://www.wikidata.org/wiki/Q45318
Q192686,普罗米修斯,film,2012-05-30,tt1446714,70981,,https://www.wikidata.org/wiki/Q192686
Q4707487,Alan Partridge: Welcome to the Places of My Life,television program,2012-06-25,tt2227372,455644,,https://www.wikidata.org/wiki/Q4707487
Q189330,蝙蝠侠：黑暗骑士崛起,film,2012-07-20,tt1345836,49026,,https://www.wikidata.org/wiki/Q189330
Q28936,云图,film,2012-09-08,tt1371111,83542,,https://www.wikidata.org/wiki/Q28936
Q2079954,遠大前程,film,2012-09-11,tt1836808,121674,,https://www.wikidata.org/wiki/Q2079954
Q6396897,Kevin McCloud's Man Made Home,television series,2012-09-23,tt2429484,,65788,https://www.wikidata.org/wiki/Q6396897
Q1573859,天使攻佔曼哈頓,television series episode,2012-09-29,tt2378951,,,https://www.wikidata.org/wiki/Q1573859
Q151827,慶祝日,film,2012-10-17,tt2414166,137366,,https://www.wikidata.org/wiki/Q151827
Q4941,007大破天幕杀机,film,2012-10-23,tt1074638,37724,,https://www.wikidata.org/wiki/Q4941
Q3505719,Suspension of Disbelief,film,2012-11-12,tt2265565,204761,,https://www.wikidata.org/wiki/Q3505719
Q7401185,Saint Dracula 3D,film,2012-11-23,tt2184267,149233,,https://www.wikidata.org/wiki/Q7401185
Q28234,悲慘世界,film,2012-12-05,tt1707386,82695,,https://www.wikidata.org/wiki/Q28234
Q152531,刺杀本·拉登,film,2012-12-10,tt1790885,97630,,https://www.wikidata.org/wiki/Q152531
Q14949832,Fedz,film,2013-01-01,tt1327720,295989,,https://www.wikidata.org/wiki/Q14949832
Q14942821,Ten,film,2013-01-01,tt2309562,1438034,,https://www.wikidata.org/wiki/Q14942821
Q2979643,全面鎖定,film,2013-01-01,tt2218003,146223,,https://www.wikidata.org/wiki/Q2979643
Q7235999,化妝間那些事,film,2013-01-01,tt2608726,226363,,https://www.wikidata.org/wiki/Q7235999
Q16993709,哈利希爾的電影,film,2013-01-01,tt3013528,228558,,https://www.wikidata.org/wiki/Q16993709
Q8990291,夜刑者,film,2013-01-01,tt1893256,136418,,https://www.wikidata.org/wiki/Q8990291
Q14954318,愛在陽光燦爛時,film,2013-01-01,tt2481198,214100,,https://www.wikidata.org/wiki/Q14954318
Q1825585,戴安娜,film,2013-01-01,tt1758595,118289,,https://www.wikidata.org/wiki/Q1825585
Q7774102,接班人,film,2013-01-01,tt2113809,121604,,https://www.wikidata.org/wiki/Q7774102
Q14369698,海明威好賊,film,2013-01-01,tt2402105,192134,,https://www.wikidata.org/wiki/Q14369698
Q3061599,玩命法則,film,2013-01-01,tt2193215,109091,,https://www.wikidata.org/wiki/Q3061599
Q247643,基本演绎法,television series,2013-01-10,tt2191671,,1415,https://www.wikidata.org/wiki/Q247643
Q140042756,Brit School Brats,film,2013-03-26,tt2929900,164866,,https://www.wikidata.org/wiki/Q140042756
Q4729795,伦敦黑沼,film,2013-04-05,tt2095568,183258,,https://www.wikidata.org/wiki/Q4729795
Q16746066,特種進化,film,2013-04-20,tt2317225,174675,,https://www.wikidata.org/wiki/Q16746066
Q117467730,Jeff Wayne's Musical Version of the War of the Worlds Alive on Stage! The New Generation,film,2013-05-01,tt2916786,241428,,https://www.wikidata.org/wiki/Q117467730
Q110324618,The Magnificent Eleven,film,2013-05-13,tt1027873,191825,,https://www.wikidata.org/wiki/Q110324618
Q5516100,速度与激情6,film,2013-05-24,tt1905041,82992,,https://www.wikidata.org/wiki/Q5516100
Q28196,僵尸世界大战,film,2013-06-02,tt0816711,72190,,https://www.wikidata.org/wiki/Q28196
Q903930,赤焰战场2,film,2013-07-18,tt1821694,146216,,https://www.wikidata.org/wiki/Q903930
Q6670679,Exhibition,film,2013-08-09,tt2436452,208028,,https://www.wikidata.org/wiki/Q6670679
Q1758468,特攻聯盟2,film,2013-08-14,tt1650554,59859,,https://www.wikidata.org/wiki/Q1758468
Q2579784,地心引力,film,2013-08-28,tt1454468,49047,,https://www.wikidata.org/wiki/Q2579784
Q7742499,看不见的女人,film,2013-08-31,tt1700845,111473,,https://www.wikidata.org/wiki/Q7742499
Q1768437,決戰終點線,film,2013-09-02,tt1979320,96721,,https://www.wikidata.org/wiki/Q1768437
Q4595879,1世代：我們的世代,film,2013-09-05,tt2515086,164558,,https://www.wikidata.org/wiki/Q4595879
Q4178880,心靈勇者,film,2013-09-06,tt2058107,127560,,https://www.wikidata.org/wiki/Q4178880
Q7730725,替身,film,2013-09-07,tt1825157,146015,,https://www.wikidata.org/wiki/Q7730725
Q3072241,下流刑警,film,2013-09-16,tt1450321,85889,,https://www.wikidata.org/wiki/Q3072241
Q19057748,London: Part 1,television series episode,2013-09-26,tt2909126,,,https://www.wikidata.org/wiki/Q19057748
Q53761160,The Competition,film,2013-10-10,tt2647618,303987,,https://www.wikidata.org/wiki/Q53761160
Q3575602,危機解密,film,2013-10-18,tt1837703,162903,,https://www.wikidata.org/wiki/Q3575602
Q15105174,聖誕燭光,film,2013-10-19,tt2739338,226354,,https://www.wikidata.org/wiki/Q15105174
Q15129848,荒郊疑云,television series,2013-10-29,tt2575968,,60605,https://www.wikidata.org/wiki/Q15129848
Q1201853,雷神2,film,2013-10-31,tt1981115,76338,,https://www.wikidata.org/wiki/Q1201853
Q2816898,四十七浪人,film,2013-12-06,tt1335975,64686,,https://www.wikidata.org/wiki/Q2816898
Q29591040,Luna,film,2014-01-01,tt1695388,284304,,https://www.wikidata.org/wiki/Q29591040
Q18655611,Our Colonial Hangover,film,2014-01-01,tt4132226,307078,,https://www.wikidata.org/wiki/Q18655611
Q16254174,Shongram,film,2014-01-01,tt3009068,320432,,https://www.wikidata.org/wiki/Q16254174
Q12129911,Two Days in the Smoke,film,2014-01-01,tt2386353,299464,,https://www.wikidata.org/wiki/Q12129911
Q15079318,万物理论,film,2014-01-01,tt2980516,266856,,https://www.wikidata.org/wiki/Q15079318
Q14467251,別相信任何人,film,2014-01-01,tt1726592,204922,,https://www.wikidata.org/wiki/Q14467251
Q15916752,博物馆奇妙夜3,film,2014-01-01,tt2692250,181533,,https://www.wikidata.org/wiki/Q15916752
Q14948585,塑料,film,2014-01-01,tt2556874,208869,,https://www.wikidata.org/wiki/Q14948585
Q10858674,大眼睛,film,2014-01-01,tt1126590,87093,,https://www.wikidata.org/wiki/Q10858674
Q14512114,德古拉：永咒傳奇,film,2014-01-01,tt0829150,49017,,https://www.wikidata.org/wiki/Q14512114
Q16838897,抓住聖誕老人,film,2014-01-01,tt1935940,250535,,https://www.wikidata.org/wiki/Q16838897
Q3522392,死寂亡灵,film,2014-01-01,tt2235779,193612,,https://www.wikidata.org/wiki/Q3522392
Q12671094,殺回歸家路,film,2014-01-01,tt2275946,190469,,https://www.wikidata.org/wiki/Q12671094
Q5263905,沙漠舞者,film,2014-01-01,tt2403393,266102,,https://www.wikidata.org/wiki/Q5263905
Q15726151,盜馬記,film,2014-01-01,tt3573354,278630,,https://www.wikidata.org/wiki/Q15726151
Q14953721,美人情園,film,2014-01-01,tt2639254,283227,,https://www.wikidata.org/wiki/Q14953721
Q16978719,這個夏天的秘密,film,2014-01-01,tt2725962,276843,,https://www.wikidata.org/wiki/Q16978719
Q15068238,金牌特務,film,2014-01-01,tt2802144,207703,,https://www.wikidata.org/wiki/Q15068238
Q14833945,鎖命橫財,film,2014-01-01,tt1361318,262338,,https://www.wikidata.org/wiki/Q14833945
Q17018891,青春誓言,film,2014-01-01,tt1441953,284689,,https://www.wikidata.org/wiki/Q17018891
Q15581476,三人征兆,television film,2014-01-05,tt2781042,,,https://www.wikidata.org/wiki/Q15581476
Q6548422,轻轻摇晃,film,2014-01-16,tt2560102,248212,,https://www.wikidata.org/wiki/Q6548422
Q13217284,吸血鬼学院,film,2014-02-07,tt1686821,203739,,https://www.wikidata.org/wiki/Q13217284
Q12100227,迷失1971,film,2014-02-07,tt2614684,252178,,https://www.wikidata.org/wiki/Q12100227
Q4120951,布偶历险记：全面追缉,film,2014-03-21,tt2281587,145220,,https://www.wikidata.org/wiki/Q4120951
Q121775325,35 Diwrnod,television program,2014-03-23,tt3919200,,61925,https://www.wikidata.org/wiki/Q121775325
Q16842578,Björk: Biophilia Live,film,2014-04-26,tt3626442,261830,,https://www.wikidata.org/wiki/Q16842578
Q52161430,Hinterland,television series,2014-04-28,,,,https://www.wikidata.org/wiki/Q52161430
Q6424778,Kochadaiyaan,animated film,2014-05-22,tt2339505,256968,,https://www.wikidata.org/wiki/Q6424778
Q1187607,明日边缘,film,2014-05-29,tt1631867,137113,,https://www.wikidata.org/wiki/Q1187607
Q124654573,Back to Front: Live in London,film,2014-06-23,tt6543400,278535,,https://www.wikidata.org/wiki/Q124654573
Q16956081,Castles in the Sky,film,2014-06-23,tt3311900,277846,,https://www.wikidata.org/wiki/Q16956081
Q5887360,银河护卫队,film,2014-07-31,tt2015381,118340,,https://www.wikidata.org/wiki/Q5887360
Q16985835,中间人2,film,2014-08-05,tt3097204,242022,,https://www.wikidata.org/wiki/Q16985835
Q14918344,模仿游戏,film,2014-08-29,tt2084970,205596,,https://www.wikidata.org/wiki/Q14918344
Q23764326,意外的第二个孩子,film,2014-09-07,tt2837296,287623,,https://www.wikidata.org/wiki/Q23764326
Q18611353,跳出我天地音乐剧,film,2014-09-28,tt4085696,298931,,https://www.wikidata.org/wiki/Q18611353
Q18218448,第四公民,film,2014-10-10,tt4044364,293310,,https://www.wikidata.org/wiki/Q18218448
Q14786561,怒火特攻隊,film,2014-10-15,tt2713180,228150,,https://www.wikidata.org/wiki/Q14786561
Q57262209,Bra Wars – Hollywood’s affair with the bra. From Cleopatra to Princess Leia and beyond.,film,2014-11-23,,388087,,https://www.wikidata.org/wiki/Q57262209
Q15055478,帕丁顿熊,film,2014-11-23,tt1109624,116149,,https://www.wikidata.org/wiki/Q15055478
Q16635326,机械姬,film,2014-12-16,tt0470752,264660,,https://www.wikidata.org/wiki/Q16635326
Q14847067,魔法黑森林,film,2014-12-25,tt2180411,224141,,https://www.wikidata.org/wiki/Q14847067
Q18740682,Brand New-U,film,2015-01-01,tt2544074,343724,,https://www.wikidata.org/wiki/Q18740682
Q16997182,Magik,film,2015-01-01,tt1713496,,,https://www.wikidata.org/wiki/Q16997182
Q19320982,倫敦戰場,film,2015-01-01,tt3573598,328483,,https://www.wikidata.org/wiki/Q19320982
Q17634968,天菜大廚,film,2015-01-01,tt2503944,295964,,https://www.wikidata.org/wiki/Q17634968
Q17021589,妇女参政论者,film,2015-01-01,tt3077214,245168,,https://www.wikidata.org/wiki/Q17021589
Q18152748,已經很想妳,film,2015-01-01,tt2245003,290762,,https://www.wikidata.org/wiki/Q18152748
Q16995656,星光殺機,film,2015-01-01,tt2474958,318922,,https://www.wikidata.org/wiki/Q16995656
Q15407746,沙漠女王,film,2015-01-01,tt1837636,157843,,https://www.wikidata.org/wiki/Q15407746
Q16997268,爷们儿些,film,2015-01-01,tt3064298,332340,,https://www.wikidata.org/wiki/Q16997268
Q17344458,福爾摩斯先生,film,2015-01-01,tt3168230,280996,,https://www.wikidata.org/wiki/Q17344458
Q18758160,貨車裡的女人,film,2015-01-01,tt3722070,328589,,https://www.wikidata.org/wiki/Q18758160
Q15527055,遠離塵囂：珍愛相隨,film,2015-01-01,tt2935476,250734,,https://www.wikidata.org/wiki/Q15527055
Q15934383,麦克白,film,2015-01-01,tt2884018,225728,,https://www.wikidata.org/wiki/Q15934383
Q12125299,朱比特崛起,film,2015-01-05,tt1617661,76757,,https://www.wikidata.org/wiki/Q12125299
Q15103254,神鬼大盜,film,2015-01-22,tt3045616,210860,,https://www.wikidata.org/wiki/Q15103254
Q15427353,槍響前決定愛不愛你,film,2015-01-24,tt3205376,223485,,https://www.wikidata.org/wiki/Q15427353
Q15046091,仙履奇緣,film,2015-03-12,tt1661199,150689,,https://www.wikidata.org/wiki/Q15046091
Q14171368,复仇者联盟2：奥创纪元,film,2015-04-22,tt2395427,99861,,https://www.wikidata.org/wiki/Q14171368
Q16045281,军情五处：利益之争,film,2015-05-08,tt3321300,292040,,https://www.wikidata.org/wiki/Q16045281
Q15715647,倒數行動,film,2015-05-21,tt3247714,334074,,https://www.wikidata.org/wiki/Q15715647
Q17548046,不可能的任務：失控國度,film,2015-07-23,tt2381249,177677,,https://www.wikidata.org/wiki/Q17548046
Q14488725,紳士密令,film,2015-08-02,tt1638355,203801,,https://www.wikidata.org/wiki/Q14488725
Q20746214,"The Great British Bake Off, series 6",television season,2015-08-05,,,,https://www.wikidata.org/wiki/Q20746214
Q20831158,Live at the Royal Albert Hall,film,2015-09-10,tt5368296,368692,,https://www.wikidata.org/wiki/Q20831158
Q20992425,天才無限家,film,2015-09-17,tt0787524,353326,,https://www.wikidata.org/wiki/Q20992425
Q15631013,聖母峰,film,2015-09-17,tt2719848,253412,,https://www.wikidata.org/wiki/Q15631013
Q18602670,007：惡魔四伏,film,2015-10-26,tt2379713,206647,,https://www.wikidata.org/wiki/Q18602670
Q15079316,白鯨傳奇：怒海之心,film,2015-12-03,tt1390411,205775,,https://www.wikidata.org/wiki/Q15079316
Q6074,星球大战：原力觉醒,film,2015-12-16,tt2488496,140607,,https://www.wikidata.org/wiki/Q6074
Q20962283,星際過客,film,2015-12-21,tt1355644,274870,,https://www.wikidata.org/wiki/Q20962283
Q23660760,Maremmamara,film,2016-01-01,tt4246364,558447,,https://www.wikidata.org/wiki/Q23660760
Q18811646,Welcome to Purgatory,film,2016-01-01,tt1643249,298025,,https://www.wikidata.org/wiki/Q18811646
Q17426161,别挂电话,film,2016-01-01,tt3610746,375355,,https://www.wikidata.org/wiki/Q17426161
Q18703028,惊天魔盗团2,film,2016-01-01,tt3110958,291805,,https://www.wikidata.org/wiki/Q18703028
Q20669997,愛情天文學,film,2016-01-01,tt3530978,315880,,https://www.wikidata.org/wiki/Q20669997
Q17361809,泰山傳奇,film,2016-01-01,tt0918940,258489,,https://www.wikidata.org/wiki/Q17361809
Q18154994,傲慢與偏見與殭屍,film,2016-01-21,tt1374989,58431,,https://www.wikidata.org/wiki/Q18154994
Q19571557,飛躍奇蹟,film,2016-01-26,tt1083452,319888,,https://www.wikidata.org/wiki/Q19571557
Q17182419,王牌贱谍：格林斯比,film,2016-02-24,tt3381008,267193,,https://www.wikidata.org/wiki/Q17182419
Q17015736,The Watcher Self,film,2016-03-25,tt2237012,427124,,https://www.wikidata.org/wiki/Q17015736
Q18485021,猎神：冬日之战,film,2016-04-07,tt2381991,290595,,https://www.wikidata.org/wiki/Q18485021
Q18149041,換腦行動,film,2016-04-21,tt3014866,302156,,https://www.wikidata.org/wiki/Q18149041
Q20648539,生死夏令营,film,2016-05-05,tt2782844,270007,,https://www.wikidata.org/wiki/Q20648539
Q17019453,我們這種叛徒,film,2016-05-06,tt1995390,205588,,https://www.wikidata.org/wiki/Q17019453
Q21001651,厲陰宅2,film,2016-06-09,tt3065204,259693,,https://www.wikidata.org/wiki/Q21001651
Q24807181,湯米的榮耀,film,2016-06-15,tt3467914,399217,,https://www.wikidata.org/wiki/Q24807181
Q20735644,我就要你好好的,film,2016-06-16,tt2674426,296096,,https://www.wikidata.org/wiki/Q20735644
Q16860865,倫敦稚戀,film,2016-06-22,tt3215826,396557,,https://www.wikidata.org/wiki/Q16860865
Q19614711,独立日：卷土重来,film,2016-06-23,tt1628841,47933,,https://www.wikidata.org/wiki/Q19614711
Q27907930,30 Years Ago,film,2016-07-06,tt5680626,415817,,https://www.wikidata.org/wiki/Q27907930
Q19874547,慕色拉行動,film,2016-07-13,tt1355631,325789,,https://www.wikidata.org/wiki/Q19874547
Q16988558,Death Walks,film,2016-07-15,tt3020786,412406,,https://www.wikidata.org/wiki/Q16988558
Q19481099,神鬼認證：傑森包恩,film,2016-07-28,tt4196776,324668,,https://www.wikidata.org/wiki/Q19481099
Q22905756,三枪隐情,film,2016-08-12,tt5165344,392572,,https://www.wikidata.org/wiki/Q22905756
Q28443685,"The Great British Bake Off, series 7",television season,2016-08-24,,,,https://www.wikidata.org/wiki/Q28443685
Q11909982,BJ有喜,film,2016-09-05,tt1473832,95610,,https://www.wikidata.org/wiki/Q11909982
Q18406872,奇异博士,film,2016-10-20,tt1211837,284052,,https://www.wikidata.org/wiki/Q18406872
Q23823458,我是布莱克,film,2016-10-21,tt5168192,374473,,https://www.wikidata.org/wiki/Q23823458
Q112869196,Appellation,short film,2016-10-23,tt6278078,445890,,https://www.wikidata.org/wiki/Q112869196
Q18199330,怪獸與牠們的產地,film,2016-11-16,tt3183660,259316,,https://www.wikidata.org/wiki/Q18199330
Q28114440,The Holy Trinity,television series episode,2016-11-18,tt5715192,,,https://www.wikidata.org/wiki/Q28114440
Q107985684,Q107985684,film,2016-12-11,,,,https://www.wikidata.org/wiki/Q107985684
Q19590955,星際大戰外傳：俠盜一號,film,2016-12-13,tt3748528,330459,,https://www.wikidata.org/wiki/Q19590955
Q18816889,刺客教條,film,2016-12-21,tt2094766,121856,,https://www.wikidata.org/wiki/Q18816889
Q40314487,200 Meat Dogs Saved from Korea,film,2017-01-01,tt7123204,,,https://www.wikidata.org/wiki/Q40314487
Q105299158,Land of Hope and Glory,film,2017-01-01,tt7214598,469116,,https://www.wikidata.org/wiki/Q105299158
Q20713364,斯特拉頓,film,2017-01-01,tt3567666,348389,,https://www.wikidata.org/wiki/Q20713364
Q26882523,美國刺客,film,2017-01-01,tt1961175,415842,,https://www.wikidata.org/wiki/Q26882523
Q30321629,萬惡金錢,film,2017-01-01,tt5294550,446791,,https://www.wikidata.org/wiki/Q30321629
Q17021920,禁忌 (電視短劇),television series,2017-01-07,tt3647998,,65708,https://www.wikidata.org/wiki/Q17021920
Q23758755,猜火車2,film,2017-01-22,tt2763304,180863,,https://www.wikidata.org/wiki/Q23758755
Q28369630,IBoy 奇機少年,film,2017-01-27,tt3171832,414190,,https://www.wikidata.org/wiki/Q28369630
Q28530979,[censored] to [censored],television series episode,2017-01-27,tt6068854,,,https://www.wikidata.org/wiki/Q28530979
Q53722967,vDud,web series,2017-02-07,tt8948264,,,https://www.wikidata.org/wiki/Q53722967
Q21527464,Another Mother's Son,film,2017-03-16,tt5193790,437848,,https://www.wikidata.org/wiki/Q21527464
Q30606729,查尔斯三世,television film,2017-05-10,tt6253522,456187,,https://www.wikidata.org/wiki/Q30606729
Q19569225,亞瑟：王者之劍,film,2017-05-11,tt1972591,274857,,https://www.wikidata.org/wiki/Q19569225
Q23759268,新木乃伊,film,2017-06-08,tt2345759,282035,,https://www.wikidata.org/wiki/Q23759268
Q29913451,漢普斯特德,film,2017-06-23,tt5153236,441728,,https://www.wikidata.org/wiki/Q29913451
Q138987337,Q138987337,film,2017-07-01,tt8242908,1215941,,https://www.wikidata.org/wiki/Q138987337
Q21935651,敦刻尔克,film,2017-07-13,tt5013056,374720,,https://www.wikidata.org/wiki/Q21935651
Q28443753,倫敦神探,television series,2017-08-27,tt4276618,,72748,https://www.wikidata.org/wiki/Q28443753
Q24905490,斯大林之死,film,2017-09-08,tt4686844,402897,,https://www.wikidata.org/wiki/Q24905490
Q48674188,野兽,film,2017-09-09,tt5628302,470918,,https://www.wikidata.org/wiki/Q48674188
Q28465803,離經叛愛,film,2017-09-10,tt6108178,419743,,https://www.wikidata.org/wiki/Q28465803
Q27590871,帕丁顿熊2,film,2017-11-05,tt4468740,346648,,https://www.wikidata.org/wiki/Q27590871
Q27689100,東方快車謀殺案,film,2017-11-09,tt3402236,392044,,https://www.wikidata.org/wiki/Q27689100
Q20501835,正義聯盟 I,film,2017-11-15,tt0974015,141052,,https://www.wikidata.org/wiki/Q20501835
Q58848502,Follow Me,film,2017-11-30,tt7631792,562250,,https://www.wikidata.org/wiki/Q58848502
Q115406426,Two Strangers Who Meet Five Times,film,2017-12-02,tt7524428,505121,,https://www.wikidata.org/wiki/Q115406426
Q45423599,"Past, Present or Future",television series episode,2017-12-08,tt6068862,,,https://www.wikidata.org/wiki/Q45423599
Q18486021,STAR WARS：最後的絕地武士,film,2017-12-09,tt2527336,181808,,https://www.wikidata.org/wiki/Q18486021
Q46403381,The Falls Guys,television series episode,2017-12-15,tt6068864,,,https://www.wikidata.org/wiki/Q46403381
Q46405175,Bah humbug-atti,television series episode,2017-12-22,tt6068866,,,https://www.wikidata.org/wiki/Q46405175
Q19595098,森林王子,film,2018-01-01,tt2388771,407436,,https://www.wikidata.org/wiki/Q19595098
Q55080186,脑中蜜,film,2018-01-01,tt5836706,448677,,https://www.wikidata.org/wiki/Q55080186
Q27566067,通勤营救,film,2018-01-08,tt1590193,399035,,https://www.wikidata.org/wiki/Q27566067
Q27964337,彼得兔,film,2018-02-03,tt5117670,381719,,https://www.wikidata.org/wiki/Q27964337
Q48313910,派對才剛開始,film,2018-02-24,tt6219314,435557,,https://www.wikidata.org/wiki/Q48313910
Q39049904,追殺夏娃,television series,2018-04-08,tt7016936,,72750,https://www.wikidata.org/wiki/Q39049904
Q27038847,星際大戰外傳：韓索羅,film,2018-05-23,tt3778644,348350,,https://www.wikidata.org/wiki/Q27038847
Q21877685,侏羅紀世界：殞落國度,film,2018-06-06,tt4881806,351286,,https://www.wikidata.org/wiki/Q21877685
Q29261993,不可能的任務：全面瓦解,film,2018-07-12,tt4912910,353081,,https://www.wikidata.org/wiki/Q29261993
Q19573620,零号病人,film,2018-08-14,tt3458254,295011,,https://www.wikidata.org/wiki/Q19573620
Q47461719,赤裸朱丽叶,film,2018-08-17,tt5607096,458344,,https://www.wikidata.org/wiki/Q47461719
Q22001133,真寵,film,2018-08-30,tt5083738,375262,,https://www.wikidata.org/wiki/Q22001133
Q62075863,Margolaria (The Painter),film,2018-09-01,tt8903524,588892,,https://www.wikidata.org/wiki/Q62075863
Q38463058,不法國王,film,2018-09-06,tt6679794,454227,,https://www.wikidata.org/wiki/Q38463058
Q63810329,Don’t Leave Home,film,2018-09-14,tt6842126,502167,,https://www.wikidata.org/wiki/Q63810329
Q116257009,Fibro and the New Me,short film,2018-10-18,tt8097206,545312,,https://www.wikidata.org/wiki/Q116257009
Q55641399,萌犬派崔克,film,2018-10-18,tt6542108,478159,,https://www.wikidata.org/wiki/Q55641399
Q18162353,明天,film,2018-10-19,tt2654536,330354,,https://www.wikidata.org/wiki/Q18162353
Q116762216,The Importance of Being Earnest,film,2018-10-28,tt8918426,560484,,https://www.wikidata.org/wiki/Q116762216
Q18199331,怪獸與葛林戴華德的罪行,film,2018-11-14,tt4123430,338952,,https://www.wikidata.org/wiki/Q18199331
Q59654709,威尔森夫人,television series,2018-11-27,tt6859806,,78969,https://www.wikidata.org/wiki/Q59654709
Q136544194,Riot Club,short film,2019-01-01,,,,https://www.wikidata.org/wiki/Q136544194
Q87908786,Scheme Birds,film,2019-01-01,tt7511320,597616,,https://www.wikidata.org/wiki/Q87908786
Q65924974,逝者如歌,film,2019-01-01,tt1657517,617768,,https://www.wikidata.org/wiki/Q65924974
Q60774416,告密者,miniseries,2019-01-11,tt7161312,,83059,https://www.wikidata.org/wiki/Q60774416
Q55632932,性愛自修室,television series,2019-01-11,tt7767422,,81356,https://www.wikidata.org/wiki/Q55632932
Q23781155,复仇者联盟4,film,2019-04-22,tt4154796,299534,,https://www.wikidata.org/wiki/Q23781155
Q47492499,POKÉMON 名偵探皮卡丘,film,2019-05-03,tt5884052,447404,,https://www.wikidata.org/wiki/Q47492499
Q27188178,阿拉丁,film,2019-05-22,tt6139732,420817,,https://www.wikidata.org/wiki/Q27188178
Q106504945,Closure,film,2019-06-01,tt12665070,,,https://www.wikidata.org/wiki/Q106504945
Q64242452,Mrs Lowry & Son,film,2019-06-01,tt7590074,604298,,https://www.wikidata.org/wiki/Q64242452
Q64481618,碎片,television series episode,2019-06-05,tt8758202,,,https://www.wikidata.org/wiki/Q64481618
Q56559254,玩命關頭：特別行動,film,2019-08-01,tt6806448,384018,,https://www.wikidata.org/wiki/Q56559254
Q67619255,Sand and Fire,film,2019-09-18,tt7724494,622748,,https://www.wikidata.org/wiki/Q67619255
Q110302035,Be happy!,film,2019-09-20,tt8176462,620437,,https://www.wikidata.org/wiki/Q110302035
Q66317801,罗马尼亚末代王后,film,2019-09-27,tt9110902,648207,,https://www.wikidata.org/wiki/Q66317801
Q84224774,罪惡,television series,2019-10-24,tt9644058,,94853,https://www.wikidata.org/wiki/Q84224774
Q83987738,The Last Faust,film,2019-12-02,tt8871254,652778,,https://www.wikidata.org/wiki/Q83987738
Q106504977,Terror Beach,film,2019-12-24,tt12185054,,,https://www.wikidata.org/wiki/Q106504977
Q85419123,83,film,2020-01-01,tt7518786,601337,,https://www.wikidata.org/wiki/Q85419123
Q85807258,The Girl on the Train,film,2020-01-01,tt8907992,695958,,https://www.wikidata.org/wiki/Q85807258
Q55608702,亞瑟王傳說：詛咒,television series,2020-01-01,tt8210856,,83125,https://www.wikidata.org/wiki/Q55608702
Q60737736,你本應離開,film,2020-01-01,tt8201852,514593,,https://www.wikidata.org/wiki/Q60737736
Q98853293,為你找個家,film,2020-01-01,tt11286640,728142,,https://www.wikidata.org/wiki/Q98853293
Q85626417,黑白世界,film,2020-01-01,tt10661848,656113,,https://www.wikidata.org/wiki/Q85626417
Q81791900,死水难收,television series,2020-01-10,tt9704568,,95442,https://www.wikidata.org/wiki/Q81791900
Q84358761,鬧鬼的迪奧達蒂別墅,television series episode,2020-02-16,tt9361038,,,https://www.wikidata.org/wiki/Q84358761
Q56277874,金魔,television series,2020-04-17,tt7939218,,99741,https://www.wikidata.org/wiki/Q56277874
Q97798779,Idiot Prayer,film,2020-07-23,tt12721126,726779,,https://www.wikidata.org/wiki/Q97798779
Q89090168,沉默的海湾,film,2020-07-25,tt5617312,623958,,https://www.wikidata.org/wiki/Q89090168
Q63985561,信条,film,2020-08-13,tt6723592,577922,,https://www.wikidata.org/wiki/Q63985561
Q97581018,Simulation Theory Film,film,2020-08-17,tt12874840,731971,,https://www.wikidata.org/wiki/Q97581018
Q98716820,The Squad,film,2020-09-02,tt12992034,712825,,https://www.wikidata.org/wiki/Q98716820
Q65032692,福尔摩斯小姐：失踪的侯爵,film,2020-09-23,tt7846844,497582,,https://www.wikidata.org/wiki/Q65032692
Q63630439,女巫,film,2020-10-22,tt0805647,531219,,https://www.wikidata.org/wiki/Q63630439
Q83726410,仙女教母,film,2020-12-04,tt11681250,662546,,https://www.wikidata.org/wiki/Q83726410
Q33408623,神奇女俠1984,film,2020-12-25,tt7126948,464052,,https://www.wikidata.org/wiki/Q33408623
Q106578091,彩色房间,film,2021-01-01,tt13468436,807351,,https://www.wikidata.org/wiki/Q106578091
Q99897499,封城之後,film,2021-01-14,tt13061914,741228,,https://www.wikidata.org/wiki/Q99897499
Q102036323,致奥利维亚,film,2021-02-19,tt7598106,656584,,https://www.wikidata.org/wiki/Q102036323
Q106505017,Man For The Job,short film,2021-03-01,tt14432508,,,https://www.wikidata.org/wiki/Q106505017
Q94998134,查克·史奈德之正義聯盟,film,2021-03-18,tt12361974,791373,,https://www.wikidata.org/wiki/Q94998134
Q106159613,Seaspiracy,film,2021-03-24,tt14152756,801058,,https://www.wikidata.org/wiki/Q106159613
Q109766868,Dealing With It,film,2021-06-01,tt15161520,,,https://www.wikidata.org/wiki/Q109766868
Q23894626,黑寡婦,film,2021-07-07,tt3480822,497698,,https://www.wikidata.org/wiki/Q23894626
Q101093410,我心悵然如詩,film,2021-09-12,tt6852178,399178,,https://www.wikidata.org/wiki/Q101093410
Q21534241,007：生死交戰,film,2021-09-28,tt2382320,370172,,https://www.wikidata.org/wiki/Q21534241
Q88532913,披头士乐队：回归,television series,2021-11-01,tt9735318,,128876,https://www.wikidata.org/wiki/Q88532913
Q109716480,殲獄行動,film,2021-11-05,tt14199590,811592,,https://www.wikidata.org/wiki/Q109716480
Q65057444,聖誕男孩,film,2021-11-18,tt10187208,615666,,https://www.wikidata.org/wiki/Q65057444
Q115141374,你的聖誕節還是我的？,film,2022-01-01,tt21994906,865559,,https://www.wikidata.org/wiki/Q115141374
Q110207138,哈利·波特20周年：重返霍格沃兹,television film,2022-01-01,tt16116174,899082,,https://www.wikidata.org/wiki/Q110207138
Q104857419,宝刀未老,film,2022-01-01,tt3706352,294793,,https://www.wikidata.org/wiki/Q104857419
Q106362830,小鸟凯瑟琳,film,2022-01-01,tt11727866,795109,,https://www.wikidata.org/wiki/Q106362830
Q105962799,致命裝備,film,2022-01-01,tt14114802,799876,,https://www.wikidata.org/wiki/Q105962799
Q106725858,艾蜜莉,film,2022-01-01,tt12374656,707103,,https://www.wikidata.org/wiki/Q106725858
Q106740037,祝你好運，里奧·格蘭德,film,2022-01-22,tt13352968,758330,,https://www.wikidata.org/wiki/Q106740037
Q56816969,尼羅河謀殺案,film,2022-02-09,tt7657566,505026,,https://www.wikidata.org/wiki/Q56816969
Q61117344,蝙蝠侠,film,2022-02-23,tt1877830,414906,,https://www.wikidata.org/wiki/Q61117344
Q55405369,魔比斯,film,2022-03-30,tt5108870,526896,,https://www.wikidata.org/wiki/Q55405369
Q18199332,神奇动物：邓布利多之谜,film,2022-04-07,tt4123432,338953,,https://www.wikidata.org/wiki/Q18199332
Q87126244,北方人,film,2022-04-15,tt11138512,639933,,https://www.wikidata.org/wiki/Q87126244
Q106577763,唐頓莊園：全新世代,film,2022-04-27,tt11703710,820446,,https://www.wikidata.org/wiki/Q106577763
Q64211112,奇異博士2：瘋狂多重宇宙,film,2022-05-04,tt9419884,453395,,https://www.wikidata.org/wiki/Q64211112
Q105554572,龍與地下城：盜賊榮耀,film,2022-05-27,tt2906216,493529,,https://www.wikidata.org/wiki/Q105554572
Q55178974,侏羅紀世界3,film,2022-06-08,tt8041270,507086,,https://www.wikidata.org/wiki/Q55178974
Q104871482,哈里斯夫人去巴黎,film,2022-07-14,tt5151570,754609,,https://www.wikidata.org/wiki/Q104871482
Q107072164,Rogue Agent,film,2022-07-27,tt9731386,846956,,https://www.wikidata.org/wiki/Q107072164
Q114032081,The Sound of Her Wings,television series episode,2022-08-05,tt10573626,,,https://www.wikidata.org/wiki/Q114032081
Q110876878,光影帝國,film,2022-09-03,tt14402146,814757,,https://www.wikidata.org/wiki/Q110876878
Q52559148,達利：慾望之謎,film,2022-09-17,tt8399658,522925,,https://www.wikidata.org/wiki/Q52559148
Q119129456,Aldhani,television series episode,2022-09-28,tt13847542,,,https://www.wikidata.org/wiki/Q119129456
Q124556279,Surprised by Oxford,film,2022-10-08,tt8891560,988452,,https://www.wikidata.org/wiki/Q124556279
Q119129459,Announcement,television series episode,2022-10-19,tt13847652,,,https://www.wikidata.org/wiki/Q119129459
Q105103910,善恶学校,film,2022-10-19,tt2935622,779782,,https://www.wikidata.org/wiki/Q105103910
Q126092919,Borderline,film,2023-01-01,tt16900896,1170574,,https://www.wikidata.org/wiki/Q126092919
Q123371097,Hostage Takers,film,2023-01-01,tt23333298,1086677,,https://www.wikidata.org/wiki/Q123371097
Q119856907,最後一個槍手,film,2023-01-01,tt12404266,763144,,https://www.wikidata.org/wiki/Q119856907
Q55436290,芭比,film,2023-01-01,tt1517268,346698,,https://www.wikidata.org/wiki/Q55436290
Q114876189,舞力麥克：最後一跳,film,2023-02-09,tt16280138,906221,,https://www.wikidata.org/wiki/Q114876189
Q114436651,冰島出任務,film,2023-03-12,tt18072882,986843,,https://www.wikidata.org/wiki/Q114436651
Q120630076,Great Yarmouth: Provisional Figures,film,2023-03-16,tt14888898,1007637,,https://www.wikidata.org/wiki/Q120630076
Q111360692,夏洛特王后：柏捷頓家族前傳,miniseries,2023-05-04,tt14661396,,196454,https://www.wikidata.org/wiki/Q111360692
Q119082600,在海的另一边,television series episode,2023-06-15,tt27731623,,,https://www.wikidata.org/wiki/Q119082600
Q119082603,恶魔 79,television series episode,2023-06-15,tt27731671,,,https://www.wikidata.org/wiki/Q119082603
Q61876370,不可能的任務：致命清算 第一章,film,2023-07-12,tt9603212,575264,,https://www.wikidata.org/wiki/Q61876370
Q110842446,巨齒鯊2,film,2023-08-02,tt9224104,615656,,https://www.wikidata.org/wiki/Q110842446
Q111149342,攻心諜戰,film,2023-08-11,tt13603966,724209,,https://www.wikidata.org/wiki/Q111149342
Q108760382,可憐的東西,film,2023-09-01,tt14230458,792307,,https://www.wikidata.org/wiki/Q108760382
Q111907282,音乐大师,film,2023-09-02,tt5535276,523607,,https://www.wikidata.org/wiki/Q111907282
Q114344937,倖存者列車,film,2023-09-09,tt13097932,760774,,https://www.wikidata.org/wiki/Q114344937
Q114589148,威尼斯魅影謀殺案,film,2023-09-13,tt22687790,945729,,https://www.wikidata.org/wiki/Q114589148
Q110519496,亨利·休格的神奇故事,short film,2023-09-27,tt16968450,923939,,https://www.wikidata.org/wiki/Q110519496
Q122194264,你和我的小情歌,film,2023-10-05,tt21819258,1022824,,https://www.wikidata.org/wiki/Q122194264
Q119521730,一個人的逃亡,film,2023-10-06,tt14124080,944194,,https://www.wikidata.org/wiki/Q119521730
Q123151594,死亡回放,short film,2023-10-20,tt29291436,1191885,,https://www.wikidata.org/wiki/Q123151594
Q22294793,油漆渐干,film,2023-11-10,tt5375100,1362600,,https://www.wikidata.org/wiki/Q22294793
Q120255818,Your Christmas or Mine 2,film,2023-12-08,tt27446495,1176139,,https://www.wikidata.org/wiki/Q120255818
Q108456719,旺卡,film,2023-12-13,tt6166392,787699,,https://www.wikidata.org/wiki/Q108456719
Q91226161,水行俠 失落王國,film,2023-12-22,tt9663764,572802,,https://www.wikidata.org/wiki/Q91226161
Q124004080,神秘博士：红宝石路教堂,television series episode,2023-12-25,tt28289422,,,https://www.wikidata.org/wiki/Q124004080
Q115766625,蜂刑者,film,2024-01-11,tt15314262,866398,,https://www.wikidata.org/wiki/Q115766625
Q107460063,機密特務：阿蓋爾,film,2024-01-24,tt15009428,848538,,https://www.wikidata.org/wiki/Q107460063
Q112811482,少女鬥惡龍,film,2024-03-08,tt13452446,763215,,https://www.wikidata.org/wiki/Q112811482
Q131782175,Meat Puppet,film,2024-03-10,tt30835426,1242721,,https://www.wikidata.org/wiki/Q131782175
Q111538862,帝國浩劫：美國內戰,film,2024-03-14,tt17279496,929590,,https://www.wikidata.org/wiki/Q111538862
Q124820629,"Taskmaster, series 17",television season,2024-03-28,,,,https://www.wikidata.org/wiki/Q124820629
Q108195601,流浪漢好波,film,2024-03-29,tt5113010,857655,,https://www.wikidata.org/wiki/Q108195601
Q125881931,The Devil's Chord,television series episode,2024-05-11,tt28306434,,,https://www.wikidata.org/wiki/Q125881931
Q127254988,Under High Pressure: Investigation Into the Ryanair System,television film,2024-05-15,tt32474521,1296485,,https://www.wikidata.org/wiki/Q127254988
Q125918935,73碼,television series episode,2024-05-25,tt28704625,,,https://www.wikidata.org/wiki/Q125918935
Q125918937,Dot and Bubble,television series episode,2024-06-01,tt28718575,,,https://www.wikidata.org/wiki/Q125918937
Q125918939,Rogue,television series episode,2024-06-08,tt28764089,,,https://www.wikidata.org/wiki/Q125918939
Q130248805,Blackwater Lane,film,2024-06-21,tt22767628,1215918,,https://www.wikidata.org/wiki/Q130248805
Q112183404,寂静之地：入侵日,film,2024-06-26,tt13433802,762441,,https://www.wikidata.org/wiki/Q112183404
Q112124771,当我们盟在一起,film,2024-08-16,tt12610390,704239,,https://www.wikidata.org/wiki/Q112124771
Q112865900,陰間大法師 BEETLEJUICE,film,2024-08-28,tt2049403,917496,,https://www.wikidata.org/wiki/Q112865900
Q112865585,公寓7A,film,2024-09-20,tt14371860,807339,,https://www.wikidata.org/wiki/Q112865585
Q117843038,特工同盟,film,2024-10-17,tt26442053,1077782,,https://www.wikidata.org/wiki/Q117843038
Q112054756,這裡,film,2024-10-25,tt18272208,940139,,https://www.wikidata.org/wiki/Q112054756
Q121076570,柏靈頓：熊熊去秘魯,film,2024-11-08,tt5822536,516729,,https://www.wikidata.org/wiki/Q121076570
Q24797403,魔法壞女巫,film,2024-11-20,tt1262426,402431,,https://www.wikidata.org/wiki/Q24797403
Q114246242,F1,film,2025-01-01,tt16311594,911430,,https://www.wikidata.org/wiki/Q114246242
Q132646719,The Christophers,film,2025-01-01,tt34966562,1400357,,https://www.wikidata.org/wiki/Q132646719
Q116971739,重返行動,film,2025-01-17,tt21191806,993710,,https://www.wikidata.org/wiki/Q116971739
Q124373035,黑袋行動,film,2025-03-12,tt30988739,1233575,,https://www.wikidata.org/wiki/Q124373035
Q125217247,战·争,film,2025-03-16,tt31434639,1241436,,https://www.wikidata.org/wiki/Q125217247
Q125495342,重裝制裁,film,2025-03-26,tt9150192,1197306,,https://www.wikidata.org/wiki/Q125495342
Q119206814,復仇反擊戰,film,2025-04-09,tt0899043,1087891,,https://www.wikidata.org/wiki/Q119206814
Q107584295,毒劫,film,2025-04-25,tt14123284,668489,,https://www.wikidata.org/wiki/Q107584295
Q134608416,Next to Normal,film,2025-05-09,tt37835599 | tt8069966,1228596,,https://www.wikidata.org/wiki/Q134608416
Q125392328,28年毀滅倒數,film,2025-06-20,tt10548174,1100988,,https://www.wikidata.org/wiki/Q125392328
Q135088105,Iris,film,2025-06-24,tt37432030,1503364,,https://www.wikidata.org/wiki/Q135088105
Q118364834,國家元首 (電影),film,2025-07-02,tt13357520,749170,,https://www.wikidata.org/wiki/Q118364834
Q136849363,Death: The High Cost of Living,television series episode,2025-07-31,tt35879457,,,https://www.wikidata.org/wiki/Q136849363
Q137695961,Quando Se É Jovem,film,2025-07-31,tt40205851,1639008,,https://www.wikidata.org/wiki/Q137695961
Q124829697,影星傑·凱利,film,2025-08-28,tt30446847,1069905,,https://www.wikidata.org/wiki/Q124829697
Q125971387,拯救地球,film,2025-08-28,tt12300742,701387,,https://www.wikidata.org/wiki/Q125971387
Q125622191,週四謀殺俱樂部,film,2025-08-28,tt12001534,744653,,https://www.wikidata.org/wiki/Q125622191
Q122741016,哈姆奈特,film,2025-08-29,tt14905854,858024,,https://www.wikidata.org/wiki/Q122741016
Q127382372,猎杀之后,film,2025-08-29,tt32159989,1265063,,https://www.wikidata.org/wiki/Q127382372
Q124393045,科学怪人,film,2025-08-30,tt1312221,1062722,,https://www.wikidata.org/wiki/Q124393045
Q128787400,Saipan,film,2025-09-04,tt33093531,1322692,,https://www.wikidata.org/wiki/Q128787400
Q127324468,0時盜數,film,2025-09-05,tt31189814,1242265,,https://www.wikidata.org/wiki/Q127324468
Q124528247,The Man In My Basement,film,2025-09-05,tt12619462,957121,,https://www.wikidata.org/wiki/Q124528247
Q124608269,史提夫校長,film,2025-09-05,tt32985279,1242404,,https://www.wikidata.org/wiki/Q124608269
Q130744998,發條狗,film,2025-09-05,tt34381258,1381027,,https://www.wikidata.org/wiki/Q130744998
Q130907514,嘻哈大騙徒,film,2025-09-06,tt32306200,1193550,,https://www.wikidata.org/wiki/Q130907514
Q125029885,Bad Apples,film,2025-09-07,tt29714073,1198654,,https://www.wikidata.org/wiki/Q125029885
Q123822933,Eternal Return,film,2025-09-08,tt27725750,1125822,,https://www.wikidata.org/wiki/Q123822933
Q130394023,Anemone,film,2025-09-28,tt33549447,1364608,,https://www.wikidata.org/wiki/Q130394023
Q125613304,Giant,film,2025-10-18,tt26452616,1078581,,https://www.wikidata.org/wiki/Q125613304
Q114817050,魔法壞女巫：第二部,film,2025-11-04,tt19847976,967941,,https://www.wikidata.org/wiki/Q114817050
Q124737605,天劫倒數2：大遷徙,film,2026-01-08,tt14850054,840464,,https://www.wikidata.org/wiki/Q124737605
Q137833390,僱傭騎士,television series episode,2026-01-18,tt27497823,,,https://www.wikidata.org/wiki/Q137833390
Q133163344,The Incomer,film,2026-01-22,tt36980182,1554956,,https://www.wikidata.org/wiki/Q133163344
Q133341560,The Moment,film,2026-01-23,tt35524793,1422562,,https://www.wikidata.org/wiki/Q133341560
Q137833391,硬鹹牛肉,television series episode,2026-01-25,tt32314131,,,https://www.wikidata.org/wiki/Q137833391
Q137833392,鄉紳,television series episode,2026-02-01,tt32314197,,,https://www.wikidata.org/wiki/Q137833392
Q137833393,Seven,television series episode,2026-02-06,tt32314201,,,https://www.wikidata.org/wiki/Q137833393
Q137833394,In the Name of the Mother,television series episode,2026-02-15,tt32314204,,,https://www.wikidata.org/wiki/Q137833394
Q137833395,The Morrow,television series episode,2026-02-22,tt32314212,,,https://www.wikidata.org/wiki/Q137833395
Q124355470,浴血黑幫：不朽傳奇,film,2026-03-06,tt15574124,875828,,https://www.wikidata.org/wiki/Q124355470
Q138762717,Crookhaven: The School for Thieves,television program,2026-03-22,,,,https://www.wikidata.org/wiki/Q138762717
Q132264365,湯姆·克蘭西之傑克·萊恩：幽影暗戰,film,2026-05-20,tt34378301,1380291,,https://www.wikidata.org/wiki/Q132264365
Q125960231,The Death of Robin Hood,film,2026-06-18,tt32273171,1284465,,https://www.wikidata.org/wiki/Q125960231
Q116921951,超少女,film,2026-06-22,tt8814476,1081003,,https://www.wikidata.org/wiki/Q116921951
Q131547207,奧德賽,film,2026-07-06,tt33764258,1368337,,https://www.wikidata.org/wiki/Q131547207
Q139710483,Untitled Mummy Project,film,2027-01-01,tt22408968,1574840,,https://www.wikidata.org/wiki/Q139710483
Q4631870,24 Hours in A&E,television series,,tt2674484,,39706,https://www.wikidata.org/wiki/Q4631870
Q110652727,3 體,television series,,tt13016388,,108545,https://www.wikidata.org/wiki/Q110652727
Q105984950,A Bird Flew In,film,,tt12543464,729727,,https://www.wikidata.org/wiki/Q105984950
Q117705975,A Kind of Spark,television series,,tt21149774,,223116,https://www.wikidata.org/wiki/Q117705975
Q96371323,A Question of Europe,television program,,tt5805286,,,https://www.wikidata.org/wiki/Q96371323
Q117075282,After the Flood,television series,,tt26745417,,241097,https://www.wikidata.org/wiki/Q117075282
Q15618496,Benefits Street,television series,,tt3406870,,155293,https://www.wikidata.org/wiki/Q15618496
Q4926623,Blind Young Things,television series episode,,tt1049474,,,https://www.wikidata.org/wiki/Q4926623
Q19871429,Boy Meets Girl,television series,,tt5000634,,63851,https://www.wikidata.org/wiki/Q19871429
Q16552671,"Broadchurch, season 1",television season,,,,,https://www.wikidata.org/wiki/Q16552671
Q97105980,Charity Shop Sue,web series,,tt11685208,,158660,https://www.wikidata.org/wiki/Q97105980
Q5133662,Climbing Great Buildings,television series,,tt1711385,,34007,https://www.wikidata.org/wiki/Q5133662
Q58326265,Clodagh’s Irish Food Trails,television series,,,,,https://www.wikidata.org/wiki/Q58326265
Q100258242,Confessions of a Fashionista,television series,,tt19838606,,209425,https://www.wikidata.org/wiki/Q100258242
Q136105997,Counsels,television series,,tt38091032,,,https://www.wikidata.org/wiki/Q136105997
Q30636436,Culinary Genius,television series,,,,,https://www.wikidata.org/wiki/Q30636436
Q84302586,"Dancing on Ice, series 12",television season,,,,,https://www.wikidata.org/wiki/Q84302586
Q5216214,Dani's House,television series,,tt1198825,,7970,https://www.wikidata.org/wiki/Q5216214
Q106091156,Daniel's Gotta Die,film,,tt4925252,823399,,https://www.wikidata.org/wiki/Q106091156
Q104842747,Dear Ladies,television series,,tt0085004,,26267,https://www.wikidata.org/wiki/Q104842747
Q124466034,Department Q,television series,,tt27995114,,245703,https://www.wikidata.org/wiki/Q124466034
Q5282710,Disraeli,television series,,tt0078601,266337,13603,https://www.wikidata.org/wiki/Q5282710
Q2644879,Dynamo: Magician Impossible,television series,,tt1999525,,40058,https://www.wikidata.org/wiki/Q2644879
Q23824552,England in General and Particular,television film,,tt4553876,,128333,https://www.wikidata.org/wiki/Q23824552
Q137997037,Episode 7,television series episode,,tt38991523,,,https://www.wikidata.org/wiki/Q137997037
Q5441332,Feel the Force,television series,,tt0768188,,2534,https://www.wikidata.org/wiki/Q5441332
Q55611750,Flack,television series,,tt8128344,,86632,https://www.wikidata.org/wiki/Q55611750
Q107022144,GPs: Behind Closed Doors,television series,,tt3713810,,85867,https://www.wikidata.org/wiki/Q107022144
Q4184778,Garrow的法律,television series,,tt1477131,,31325,https://www.wikidata.org/wiki/Q4184778
Q63438775,Ghosts,television series,,tt8594324,,17174,https://www.wikidata.org/wiki/Q63438775
Q1856630,Hi-de-Hi!,television series,,tt0123349,,2695,https://www.wikidata.org/wiki/Q1856630
Q110933665,Hope Street,television series,,tt14354984,,139492,https://www.wikidata.org/wiki/Q110933665
Q2034796,Howards' Way,television series,,tt0134250,,1492,https://www.wikidata.org/wiki/Q2034796
Q111640372,Hullraisers,television series,,tt15056674,,196845,https://www.wikidata.org/wiki/Q111640372
Q107144063,Inside the Vets,television series,,tt11854784,,81096,https://www.wikidata.org/wiki/Q107144063
Q136379356,Jack of Spades,film,,tt37024725,,,https://www.wikidata.org/wiki/Q136379356
Q109766920,Jangle,film,,tt16248660,919736,,https://www.wikidata.org/wiki/Q109766920
Q126617755,Joelle Without Filter,television program,,,,,https://www.wikidata.org/wiki/Q126617755
Q1587491,Lark Rise to Candleford,television series,,tt1077744,,6998,https://www.wikidata.org/wiki/Q1587491
Q117717007,Late Night Lycett,television series,,tt26687060,,222653,https://www.wikidata.org/wiki/Q117717007
Q3549856,Life of Riley,television series,,tt1356374,,16419,https://www.wikidata.org/wiki/Q3549856
Q105104294,Lightning,television series,,tt11824466,,244886,https://www.wikidata.org/wiki/Q105104294
Q6675264,Looking After Jo Jo,television series,,tt0137315,,14146,https://www.wikidata.org/wiki/Q6675264
Q139661504,Lost and Found in the Lakes,television series,,tt35306660,,279408,https://www.wikidata.org/wiki/Q139661504
Q131913727,Mannat – Har Khushi Paane Ki,television series,,tt35294424,,281761,https://www.wikidata.org/wiki/Q131913727
Q112136105,Mara: The Seal Wife,short film,,tt8910870,1019486,,https://www.wikidata.org/wiki/Q112136105
Q6827950,Micawber,television series,,tt0303496,,13598,https://www.wikidata.org/wiki/Q6827950
Q132853337,Murder Before Evensong,television series,,tt34579520,,280571,https://www.wikidata.org/wiki/Q132853337
Q16257990,My Transsexual Summer,television series,,tt4042714,,,https://www.wikidata.org/wiki/Q16257990
Q136386899,NFL Big Game Night,television series,,tt38590409,,,https://www.wikidata.org/wiki/Q136386899
Q106644627,Newton's Cradle,television series,,tt11703922,,121487,https://www.wikidata.org/wiki/Q106644627
Q124335254,Others,television series,,tt29141868,,242779,https://www.wikidata.org/wiki/Q124335254
Q58238452,"Outlander, season 4",television season,,,,,https://www.wikidata.org/wiki/Q58238452
Q125305426,Outlander: Blood of My Blood,television series,,tt18332852,,207484,https://www.wikidata.org/wiki/Q125305426
Q60608206,Paddington Station 24/7,television series,,tt7487386,,73737,https://www.wikidata.org/wiki/Q60608206
Q590031,Paradox,television series,,tt1460746,,18588,https://www.wikidata.org/wiki/Q590031
Q125627115,Patience,television series,,tt31495377,,279603,https://www.wikidata.org/wiki/Q125627115
Q7152779,Paul O'Grady: For the Love of Dogs,television series,,tt2373856,,64886,https://www.wikidata.org/wiki/Q7152779
Q7234664,Potamus Park,television series,,tt0813855,,,https://www.wikidata.org/wiki/Q7234664
Q4255926,Pramface,television series,,tt2239949,,44733,https://www.wikidata.org/wiki/Q4255926
Q124544741,Prime Target,television series,,tt31186958,,246381,https://www.wikidata.org/wiki/Q124544741
Q136523955,Prisoner 951,television series,,tt38267331,,,https://www.wikidata.org/wiki/Q136523955
Q98744252,Professor T.,television series,,tt11981644,,126660,https://www.wikidata.org/wiki/Q98744252
Q123038243,Protection,television series,,tt28698590,,263236,https://www.wikidata.org/wiki/Q123038243
Q131612110,Q131612110,television series,,tt35329516,,283033,https://www.wikidata.org/wiki/Q131612110
Q134877613,Q134877613,television series,,tt38504111,,312693,https://www.wikidata.org/wiki/Q134877613
Q16935557,Q16935557,television series,,tt2980110,,62470,https://www.wikidata.org/wiki/Q16935557
Q109659920,"Queen of the Universe, season 1",television season,,,,,https://www.wikidata.org/wiki/Q109659920
Q126193106,Reunion,television series,,tt29768339,,254628,https://www.wikidata.org/wiki/Q126193106
Q65091388,RuPaul's Drag Race UK,television program,,tt9780442,,92611,https://www.wikidata.org/wiki/Q65091388
Q70650334,"RuPaul's Drag Race UK, series 1",television season,,,,,https://www.wikidata.org/wiki/Q70650334
Q104213051,"RuPaul's Drag Race UK, series 2",television season,,,,,https://www.wikidata.org/wiki/Q104213051
Q108132988,"RuPaul's Drag Race UK, series 3",television season,,,,,https://www.wikidata.org/wiki/Q108132988
Q113680503,"RuPaul's Drag Race UK, series 4",television season,,,,,https://www.wikidata.org/wiki/Q113680503
Q122145817,"RuPaul's Drag Race UK, series 5",television season,,,,,https://www.wikidata.org/wiki/Q122145817
Q55011701,Running Wild,television series,,tt0046640,,36696,https://www.wikidata.org/wiki/Q55011701
Q106153037,SAS: Rogue Heroes,television series,,tt10405370,,93870,https://www.wikidata.org/wiki/Q106153037
Q21715203,Salvage Hunters,television series,,tt2223298,,45303,https://www.wikidata.org/wiki/Q21715203
Q118288796,Scam Interceptors,television series,,tt19359688,,201292,https://www.wikidata.org/wiki/Q118288796
Q127609533,Seven Dials Mystery,television series,,tt31974288,,250505,https://www.wikidata.org/wiki/Q127609533
Q26834084,Shackleton: Death or Glory,television series,,tt3742938,,134960,https://www.wikidata.org/wiki/Q26834084
Q7602068,Starlight,television series,,,,,https://www.wikidata.org/wiki/Q7602068
Q111845570,Starstruck,television series,,tt10801368,,93288,https://www.wikidata.org/wiki/Q111845570
Q7623647,"Strictly Come Dancing, series 03",television season,,,,,https://www.wikidata.org/wiki/Q7623647
Q7623646,"Strictly Come Dancing, series 2",television season,,,,,https://www.wikidata.org/wiki/Q7623646
Q127797065,"Strictly Come Dancing, series 22",television season,,,,,https://www.wikidata.org/wiki/Q127797065
Q135447367,"Strictly Come Dancing, series 23",television season,,,,,https://www.wikidata.org/wiki/Q135447367
Q17022528,Suspects,television series,,tt3149010,,61448,https://www.wikidata.org/wiki/Q17022528
Q122766550,"Taskmaster, series 15",television season,,,,,https://www.wikidata.org/wiki/Q122766550
Q122766556,"Taskmaster, series 16",television season,,,,,https://www.wikidata.org/wiki/Q122766556
Q126198955,"Taskmaster, series 18",television season,,,,,https://www.wikidata.org/wiki/Q126198955
Q133818369,"Taskmaster, series 19",television season,,,,,https://www.wikidata.org/wiki/Q133818369
Q135209963,"Taskmaster, series 20",television season,,,,,https://www.wikidata.org/wiki/Q135209963
Q138749503,"Taskmaster, series 21",television season,,,,,https://www.wikidata.org/wiki/Q138749503
Q139825542,"Taskmaster, series 22",television season,,,,,https://www.wikidata.org/wiki/Q139825542
Q7699920,Tenko,television series,,tt0081944,,2775,https://www.wikidata.org/wiki/Q7699920
Q85806317,The Accident,miniseries,,tt9145372,,94755,https://www.wikidata.org/wiki/Q85806317
Q106608795,The Almond and the Seahorse,film,,tt7326608,787791,,https://www.wikidata.org/wiki/Q106608795
Q1817809,The Confessions Tour: Live from London,film,,tt0902306,18527,,https://www.wikidata.org/wiki/Q1817809
Q16992630,The Game,television series,,tt3159736,,61831,https://www.wikidata.org/wiki/Q16992630
Q113654121,The High Commissioner Visits Hebrew University and Hadassah University Hospital,short film,,,,,https://www.wikidata.org/wiki/Q113654121
Q109536378,The Long Call,television series,,tt13610872,,136397,https://www.wikidata.org/wiki/Q109536378
Q56612613,The Mighty Redcar,television series,,,,,https://www.wikidata.org/wiki/Q56612613
Q7751929,"The Mole, season 1",television season,,,,,https://www.wikidata.org/wiki/Q7751929
Q7754983,The Omega Factor,television series,,tt0078665,,1853,https://www.wikidata.org/wiki/Q7754983
Q108372670,The Power,television series,,tt10369484,,95558,https://www.wikidata.org/wiki/Q108372670
Q131001472,The Rembrandt Syndrome,film,,tt31539698,1001043,,https://www.wikidata.org/wiki/Q131001472
Q136555225,The Ridge,television series,,tt30984541,,285246,https://www.wikidata.org/wiki/Q136555225
Q56034514,The Rock Queen,film,,tt0450491,1048618,,https://www.wikidata.org/wiki/Q56034514
Q131180372,The Roof Over Your Head,film,,,,,https://www.wikidata.org/wiki/Q131180372
Q134107888,The Runner,film,,tt34564059,1386315,,https://www.wikidata.org/wiki/Q134107888
Q125177125,The Secret Army,film,,,,,https://www.wikidata.org/wiki/Q125177125
Q60793979,The Secret Life of the Zoo,television series,,tt8343762,,65686,https://www.wikidata.org/wiki/Q60793979
Q111941813,"The Thief, His Wife and the Canoe",miniseries,,tt14183410,,196412,https://www.wikidata.org/wiki/Q111941813
Q115728642,The Traitors,television series,,tt23743442,,215307,https://www.wikidata.org/wiki/Q115728642
Q126737135,"The Traitors, season 3",television season,,,,,https://www.wikidata.org/wiki/Q126737135
Q1106528,The World seen from the train,television series,,,,322071,https://www.wikidata.org/wiki/Q1106528
Q13775204,The Wright Way,television series,,tt2649480,,47587,https://www.wikidata.org/wiki/Q13775204
Q112406063,The Yorkshire Vet,television series,,tt5016662,,100973,https://www.wikidata.org/wiki/Q112406063
Q7805126,"Time Team, series 1",television season,,,,,https://www.wikidata.org/wiki/Q7805126
Q7805140,"Time Team, series 2",television season,,,,,https://www.wikidata.org/wiki/Q7805140
Q116780924,Transformation Street,miniseries,,tt7859318,,83338,https://www.wikidata.org/wiki/Q116780924
Q124331638,Tree on a Hill,television series,,tt29902630,,247810,https://www.wikidata.org/wiki/Q124331638
Q15109327,Tudor Monastery Farm,television series,,tt4103600,,69433,https://www.wikidata.org/wiki/Q15109327
Q100921885,Us,miniseries,,tt10669608,,110232,https://www.wikidata.org/wiki/Q100921885
Q124691463,Vanderpump Villa,television series,,tt27999118,,245263,https://www.wikidata.org/wiki/Q124691463
Q15732968,W1A,television series,,tt3610926,,62479,https://www.wikidata.org/wiki/Q15732968
Q14920502,What Remains,television series,,tt2649588,,57857,https://www.wikidata.org/wiki/Q14920502
Q3025482,Win My Wage,television program,,tt1071195,,,https://www.wikidata.org/wiki/Q3025482
Q8029058,Wogan,television series,,tt0083504,,20477,https://www.wikidata.org/wiki/Q8029058
Q123740753,Wolf Hall: The Mirror and the Light,television series,,tt30088743,,,https://www.wikidata.org/wiki/Q123740753
Q126194054,Young Sherlock,television series,,tt8599532,,255661,https://www.wikidata.org/wiki/Q126194054
Q10863838,一切从失踪开始,television series,,,,109961,https://www.wikidata.org/wiki/Q10863838
Q120277524,七王国的骑士,television series,,tt27497448,,224372,https://www.wikidata.org/wiki/Q120277524
Q137832009,七王國的騎士第一季,television season,,,,,https://www.wikidata.org/wiki/Q137832009
Q137834485,七王國的騎士第二季,television season,,,,,https://www.wikidata.org/wiki/Q137834485
Q3272370,下班,television series,,tt0243183,,12334,https://www.wikidata.org/wiki/Q3272370
Q21062051,与敌为伴,miniseries,,tt4696944,,64685,https://www.wikidata.org/wiki/Q21062051
Q65051955,世界之战,television series,,tt9686194,,86374,https://www.wikidata.org/wiki/Q65051955
Q978011,中间人,television series,,tt1220617,,7317,https://www.wikidata.org/wiki/Q978011
Q5240237,乌托邦,television series,,tt2384811,,46511,https://www.wikidata.org/wiki/Q5240237
Q124829706,乌鸦女孩,television series,,tt30063915,,248698,https://www.wikidata.org/wiki/Q124829706
Q14955420,亚特兰蒂斯,television series,,tt2705602,,47054,https://www.wikidata.org/wiki/Q14955420
Q100324103,他們的人生,television series,,tt10122020,,110833,https://www.wikidata.org/wiki/Q100324103
Q28859711,代班,television series,,tt6410708,,70514,https://www.wikidata.org/wiki/Q28859711
Q795330,仰望夜空,television series,,tt0262990,,9873,https://www.wikidata.org/wiki/Q795330
Q1113852,伴我双飞,television series,,tt1749004,,34604,https://www.wikidata.org/wiki/Q1113852
Q104161310,侍僧 (電視劇),television series,,tt12262202,,114479,https://www.wikidata.org/wiki/Q104161310
Q27062250,傑克萊恩,television series,,tt5057054,,73375,https://www.wikidata.org/wiki/Q27062250
Q208048,兄弟连,miniseries,,tt0185906,,4613,https://www.wikidata.org/wiki/Q208048
Q107233698,克拉克森的农场,television series,,tt10541088,,117648,https://www.wikidata.org/wiki/Q107233698
Q629439,克蘭福鎮,television series,,tt0974077,,14264,https://www.wikidata.org/wiki/Q629439
Q96392399,兩極警探,television series,,tt10720914,,99962,https://www.wikidata.org/wiki/Q96392399
Q87192600,八十天环游地球,television series,,tt9174578,,96228,https://www.wikidata.org/wiki/Q87192600
Q114088977,冬日國王,television series,,tt11716756,,99737,https://www.wikidata.org/wiki/Q114088977
Q16997079,冬日斜陽,miniseries,,tt0788121,213658,,https://www.wikidata.org/wiki/Q16997079
Q85804297,冲动,film,,tt9305634,653584,,https://www.wikidata.org/wiki/Q85804297
Q65074869,北海鯨夢,television series,,tt7660970,,86941,https://www.wikidata.org/wiki/Q65074869
Q1341296,单身老爸,television series,,tt1605467,,34303,https://www.wikidata.org/wiki/Q1341296
Q15072906,古戰場傳奇,television series,,tt3006802,,56570,https://www.wikidata.org/wiki/Q15072906
Q1247858,只有傻瓜和馬,television series,,tt0081912,,72,https://www.wikidata.org/wiki/Q1247858
Q23623,同志亦凡人,television series,,tt0185102,,2388,https://www.wikidata.org/wiki/Q23623
Q28949539,名姝,television series,,tt5761478,,69541,https://www.wikidata.org/wiki/Q28949539
Q6494694,哈利法克斯最后的探戈,television series,,tt2216156,,47801,https://www.wikidata.org/wiki/Q6494694
Q83071,唐顿庄园,television series,,tt1606375,,33907,https://www.wikidata.org/wiki/Q83071
Q1760664,國際警網,television series,,tt0052475,,12025,https://www.wikidata.org/wiki/Q1760664
Q56280917,地下診所,television series,,tt7736572,,93177,https://www.wikidata.org/wiki/Q56280917
Q1532410,埃塞克斯是唯一的生活方式,television series,,tt1737565,,34284,https://www.wikidata.org/wiki/Q1532410
Q7733188,堕落,television series,,tt2294189,,49010,https://www.wikidata.org/wiki/Q7733188
Q2424566,塔格特探案,television series,,tt0088621,,2428,https://www.wikidata.org/wiki/Q2424566
Q1215959,夏普,television series,,tt12749392,,225,https://www.wikidata.org/wiki/Q1215959
Q104880809,外放特務組,television series,,tt5875444,,95480,https://www.wikidata.org/wiki/Q104880809
Q19865538,夜班经理,television series,,tt1399664,,61859,https://www.wikidata.org/wiki/Q19865538
Q115481652,夢想之地,television series,,tt22008216,,220154,https://www.wikidata.org/wiki/Q115481652
Q61782859,大帝 (迷你劇),television series,,tt2235759,,93812,https://www.wikidata.org/wiki/Q61782859
Q2065658,奇怪,television series,,tt0312209,,3873,https://www.wikidata.org/wiki/Q2065658
Q43377320,好兆头,television series,,tt1869454,,71915,https://www.wikidata.org/wiki/Q43377320
Q7979050,婚礼疯娘,television series,,tt0984159,80545,,https://www.wikidata.org/wiki/Q7979050
Q60462338,安道爾,television series,,tt9253284,,83867,https://www.wikidata.org/wiki/Q60462338
Q714753,宦海波折,television series,,tt0061287,,894,https://www.wikidata.org/wiki/Q714753
Q54999822,家国危机,television series,,tt8049666,,80058,https://www.wikidata.org/wiki/Q54999822
Q84079001,少年间谍亚历克斯,television series,,tt6964748,,99799,https://www.wikidata.org/wiki/Q84079001
Q5262960,布朗啟示錄,television program,,tt2513228,,58270,https://www.wikidata.org/wiki/Q5262960
Q126092795,幻视任务,miniseries,,tt23112594,,213375,https://www.wikidata.org/wiki/Q126092795
Q26964767,幽灵冬至,television series,,tt4853930,,64012,https://www.wikidata.org/wiki/Q26964767
Q15974768,彭伯利谋杀案,miniseries,,tt2951788,,56484,https://www.wikidata.org/wiki/Q15974768
Q105067184,循跡,television series,,tt9788012,,96335,https://www.wikidata.org/wiki/Q105067184
Q1151570,德古拉,television series,,tt2296682,,58928,https://www.wikidata.org/wiki/Q1151570
Q62033168,德古拉,television series,,tt9139220,,86850,https://www.wikidata.org/wiki/Q62033168
Q23647063,德雷尔一家,television series,,tt5014882,,66134,https://www.wikidata.org/wiki/Q23647063
Q106623586,心跳为你停,television series,,tt10638036,,124834,https://www.wikidata.org/wiki/Q106623586
Q2316316,急诊室,television series,,tt0096555,,1021,https://www.wikidata.org/wiki/Q2316316
Q21714983,應召女友,television series,,tt3846642,,64387,https://www.wikidata.org/wiki/Q21714983
Q1538095,戈登·拉姆齊的廚房噩夢,television series,,tt0409608,,2178,https://www.wikidata.org/wiki/Q1538095
Q18129061,我們的世界戰爭,television series,,tt3419604,,61251,https://www.wikidata.org/wiki/Q18129061
Q20642711,战火家园,television series,,tt4015216,,62048,https://www.wikidata.org/wiki/Q20642711
Q245929,戰爭與回憶,miniseries,,tt0096725,,32675,https://www.wikidata.org/wiki/Q245929
Q56277103,政治直播室,television program,,tt8925028,,85728,https://www.wikidata.org/wiki/Q56277103
Q1768525,新聞問答,television series,,tt0098820,,797,https://www.wikidata.org/wiki/Q1768525
Q929589,旧日火焰,television series,,tt0084987,,2072,https://www.wikidata.org/wiki/Q929589
Q60776367,未来岁月,miniseries,,tt8694364,,87104,https://www.wikidata.org/wiki/Q60776367
Q1247672,本尼希尔秀,television series,,tt0063869,,3002,https://www.wikidata.org/wiki/Q1247672
Q23572,权力的游戏,television series,,tt0944947,,1399,https://www.wikidata.org/wiki/Q23572
Q13099546,极品基老伴,television series,,tt2582590,,47039,https://www.wikidata.org/wiki/Q13099546
Q85748936,柏捷頓家族：名門韻事,television series,,tt8740790,,91239,https://www.wikidata.org/wiki/Q85748936
Q1176076,梅林传奇,television series,,tt1199099,,7225,https://www.wikidata.org/wiki/Q1176076
Q20899617,模仿大师,television series,,tt4934214,,63404,https://www.wikidata.org/wiki/Q20899617
Q24297601,氪星,television series,,tt4276624,,71340,https://www.wikidata.org/wiki/Q24297601
Q3907215,波尔达克,television series,,tt0075560,,35091,https://www.wikidata.org/wiki/Q3907215
Q17017945,波達克,television series,,tt3636060,,62084,https://www.wikidata.org/wiki/Q17017945
Q96407897,泰德拉索：錯棚教練趣事多,television series,,tt10986410,,97546,https://www.wikidata.org/wiki/Q96407897
Q110124169,洛克靈異偵探社,television series,,tt13802576,,213241,https://www.wikidata.org/wiki/Q110124169
Q64349029,洛基,television series,,tt9140554,,84958,https://www.wikidata.org/wiki/Q64349029
Q48862823,流星花园,television series,,tt8690890,,79818,https://www.wikidata.org/wiki/Q48862823
Q14944179,浴血黑帮,television series,,tt2442560,,60574,https://www.wikidata.org/wiki/Q14944179
Q25184642,淘氣小女巫,television series,,tt5721172,,69581,https://www.wikidata.org/wiki/Q25184642
Q19650325,混蛋劊子手,television series,,tt4218618,,63349,https://www.wikidata.org/wiki/Q19650325
Q57695644,潘尼沃斯,television series,,tt8425532,,79588,https://www.wikidata.org/wiki/Q57695644
Q21427546,潜行追踪,television series,,tt5038678,,63892,https://www.wikidata.org/wiki/Q21427546
Q16257677,牙買加客棧,miniseries,,tt3098842,,61245,https://www.wikidata.org/wiki/Q16257677
Q17039455,狼厅,television series,,tt3556920,,61697,https://www.wikidata.org/wiki/Q17039455
Q2083250,獵殺行動,television series,,tt2069449,,45576,https://www.wikidata.org/wiki/Q2083250
Q20707362,王冠,television series,,tt4786824,,65494,https://www.wikidata.org/wiki/Q20707362
Q18754951,王室,television series,,tt3597912,,62137,https://www.wikidata.org/wiki/Q18754951
Q3300572,畫謎,television series,,tt0867015,,1165,https://www.wikidata.org/wiki/Q3300572
Q85815367,白屋農場,miniseries,,tt11110622,,96954,https://www.wikidata.org/wiki/Q85815367
Q7772631,百年乡情,television series,,tt2394340,,46878,https://www.wikidata.org/wiki/Q7772631
Q632653,看守者,television series,,tt0078657,,3469,https://www.wikidata.org/wiki/Q632653
Q19572149,真實的人類,television series,,tt4122068,,62822,https://www.wikidata.org/wiki/Q19572149
Q115484851,真愛挑日子,television series,,tt16283804,,240667,https://www.wikidata.org/wiki/Q115484851
Q92590789,睡魔,television series,,tt1751634,,90802,https://www.wikidata.org/wiki/Q92590789
Q192837,神探夏洛克,miniseries,,tt1475582,,19885,https://www.wikidata.org/wiki/Q192837
Q1366945,神父特德,television series,,tt0111958,,1813,https://www.wikidata.org/wiki/Q1366945
Q108441863,秘密入侵,television series,,tt13157618,,114472,https://www.wikidata.org/wiki/Q108441863
Q72638293,空戰群英,miniseries,,tt2640044,,46518,https://www.wikidata.org/wiki/Q72638293
Q7000725,第七网络,television series,,tt1223180,,9587,https://www.wikidata.org/wiki/Q7000725
Q115860329,紳士追殺令,television series,,tt13210838,,236235,https://www.wikidata.org/wiki/Q115860329
Q2296908,絕地反擊,television series,,tt1492179,,32573,https://www.wikidata.org/wiki/Q2296908
Q50402975,罗斯的婚礼：上,television series episode,,tt0583566,,,https://www.wikidata.org/wiki/Q50402975
Q7381571,罗素·霍华德的好新闻,television series,,tt1564698,,30920,https://www.wikidata.org/wiki/Q7381571
Q104880673,老豆陪我過聖誕,film,,tt13103340,762469,,https://www.wikidata.org/wiki/Q104880673
Q105333998,耳听为见,film,,tt13599944,794063,,https://www.wikidata.org/wiki/Q105333998
Q13360187,职介破事儿,television series,,tt2885556,,59541,https://www.wikidata.org/wiki/Q13360187
Q19842935,胡迪尼与道尔,television series,,tt4539954,,65879,https://www.wikidata.org/wiki/Q19842935
Q17629108,胶合,television series,,tt3868832,,61380,https://www.wikidata.org/wiki/Q17629108
Q2225255,臨陣軟腳,television series,,tt0168596,,749,https://www.wikidata.org/wiki/Q2225255
Q107316056,至陰時刻,television series,,tt14379784,,157061,https://www.wikidata.org/wiki/Q107316056
Q107571783,致命距離,television series,,tt10939214,,93463,https://www.wikidata.org/wiki/Q107571783
Q6098106,艾凡赫,miniseries,,tt0118354,,32992,https://www.wikidata.org/wiki/Q6098106
Q105982644,艾塞克斯之蛇 (電視劇),television series,,tt12976224,,108171,https://www.wikidata.org/wiki/Q105982644
Q23042070,英国儿童好声音,television series,,,,,https://www.wikidata.org/wiki/Q23042070
Q33162,英国疯狂汽车秀,television series,,tt1628033,,45,https://www.wikidata.org/wiki/Q33162
Q1823010,英國好聲音,television series,,tt1971245,,39614,https://www.wikidata.org/wiki/Q1823010
Q16473347,荣耀之女,miniseries,,tt3021686,,61123,https://www.wikidata.org/wiki/Q16473347
Q24965508,菲利普·狄克的電子夢,television series,,tt5711280,,70391,https://www.wikidata.org/wiki/Q24965508
Q23905882,裸體吸引,television series,,tt5969074,,67385,https://www.wikidata.org/wiki/Q23905882
Q63066708,謎失港灣,television series,,tt8425404,,87773,https://www.wikidata.org/wiki/Q63066708
Q2292435,谋杀现场：福尔摩斯的黑暗初始,television series,,tt1333192,,9676,https://www.wikidata.org/wiki/Q2292435
Q48817189,起源號,television series,,tt7801780,,82875,https://www.wikidata.org/wiki/Q48817189
Q116864342,超越天堂,television series,,tt21161156,,205072,https://www.wikidata.org/wiki/Q116864342
Q55075013,越線的傢伙們,television program,,,,78665,https://www.wikidata.org/wiki/Q55075013
Q125564066,輪轉世代,television series,,tt13723084,,243954,https://www.wikidata.org/wiki/Q125564066
Q17018158,追捕,miniseries,,tt3315020,,61472,https://www.wikidata.org/wiki/Q17018158
Q7732398,逃脫大師,television series,,tt2649522,,46700,https://www.wikidata.org/wiki/Q7732398
Q275269,遠大前程,television series,,tt0096601,,39549,https://www.wikidata.org/wiki/Q275269
Q21998199,邊境 (2016年電視劇),television series,,tt4686698,,64555,https://www.wikidata.org/wiki/Q21998199
Q15104549,邊隧謎案,television series,,tt2711738,,56336,https://www.wikidata.org/wiki/Q15104549
Q55074958,那裡是哪兒？？,television program,,,,79960,https://www.wikidata.org/wiki/Q55074958
Q6553279,重任在肩,television series,,tt2303687,,43982,https://www.wikidata.org/wiki/Q6553279
Q108617654,鑽油平台危機,television series,,tt14273790,,112581,https://www.wikidata.org/wiki/Q108617654
Q1230632,锅匠、裁缝、士兵、间谍,miniseries,,tt0080297,,35430,https://www.wikidata.org/wiki/Q1230632
Q16992370,雪镇疑杀,television series,,tt3498622,,61335,https://www.wikidata.org/wiki/Q16992370
Q27156883,零异频道,television series,,tt4820370,,67752,https://www.wikidata.org/wiki/Q27156883
Q30460060,電視連續劇 不列顛尼亞,television series,,tt5932548,,70484,https://www.wikidata.org/wiki/Q30460060
Q1808310,靈魂之海,television series,,tt0372091,,14358,https://www.wikidata.org/wiki/Q1808310
Q332554,靚女笑口組,television series,,tt0105929,,4493,https://www.wikidata.org/wiki/Q332554
Q212731,非常大酒店,television series,,tt0072500,,2207,https://www.wikidata.org/wiki/Q212731
Q2261960,鞋盒動物園,television series,,tt0406468,,2033,https://www.wikidata.org/wiki/Q2261960
Q18890182,香蕉,television series,,tt3848126,,61931,https://www.wikidata.org/wiki/Q18890182
Q54999845,魔約之書,television series,,tt2177461,,77236,https://www.wikidata.org/wiki/Q54999845
Q5192414,黃瓜,television series,,tt3848112,,61932,https://www.wikidata.org/wiki/Q5192414
Q131324617,黑幫領地,television series,,tt31510819,,247718,https://www.wikidata.org/wiki/Q131324617
Q56195117,黑暗元素,television series,,tt5607976,,68507,https://www.wikidata.org/wiki/Q56195117
Q558112,黑镜,miniseries,,tt2085059,,42009,https://www.wikidata.org/wiki/Q558112
Q72930269,龍之家族,television series,,tt11198330,,94997,https://www.wikidata.org/wiki/Q72930269
Q5305406,龙穴,television series,,tt0443370,,13678,https://www.wikidata.org/wiki/Q5305406
Q137997040,Episode 10,television series episode,http://www,http://www.wikidata.org/.well-known/genid/023635261e441be0277c403c83c34cba,,,https://www.wikidata.org/wiki/Q137997040
Q137997041,Episode 11,television series episode,http://www,http://www.wikidata.org/.well-known/genid/e33c913143d493d489b83cd660e97408,,,https://www.wikidata.org/wiki/Q137997041
Q137997044,Episode 12,television series episode,http://www,http://www.wikidata.org/.well-known/genid/50e2175bb1727808c918137bb88140a2,,,https://www.wikidata.org/wiki/Q137997044
Q137997038,Episode 8,television series episode,http://www,http://www.wikidata.org/.well-known/genid/ad8f62c3d66bd7d094a671b9473b5fcf,,,https://www.wikidata.org/wiki/Q137997038
Q137997039,Episode 9,television series episode,http://www,http://www.wikidata.org/.well-known/genid/b8b0289433d04c2363a74e5c482935c4,,,https://www.wikidata.org/wiki/Q137997039
