work_wikidata_id,work_name,work_type,release_or_first_broadcast_date,location_wikidata_id,location_name,latitude,longitude,address,episode_timecode_start,episode_timecode_end,imdb_id,tmdb_movie_id,tmdb_tv_id,wikidata_work_url,wikidata_location_url,data_source
Q6820409,圣诞快乐，憨豆先生,Christmas episode,1992-12-29,Q2321706,泰晤士河畔金斯頓,51.4103,-0.2995,,,,tt0365495,931452,,https://www.wikidata.org/wiki/Q6820409,https://www.wikidata.org/wiki/Q2321706,Wikidata P915/P625/P6375/P577
Q3079187,太空博物館,Doctor Who serial,1965-04-24,Q72081,伊灵制作公司,51.509166666,-0.3075,,,,,,,https://www.wikidata.org/wiki/Q3079187,https://www.wikidata.org/wiki/Q72081,Wikidata P915/P625/P6375/P577
Q6424778,Kochadaiyaan,animated film,2014-05-22,Q84,伦敦,51.507222222,-0.1275,,,,tt2339505,256968,,https://www.wikidata.org/wiki/Q6424778,https://www.wikidata.org/wiki/Q84,Wikidata P915/P625/P6375/P577
Q6424778,Kochadaiyaan,animated film,2014-05-22,Q661896,松木制片厂,51.548611111,-0.535,,,,tt2339505,256968,,https://www.wikidata.org/wiki/Q6424778,https://www.wikidata.org/wiki/Q661896,Wikidata P915/P625/P6375/P577
Q318428,酷狗宝贝之魔兔诅咒,animated film,2005-09-04,Q21,英格兰,53.0,-1.0,,,,tt0312004,533,,https://www.wikidata.org/wiki/Q318428,https://www.wikidata.org/wiki/Q21,Wikidata P915/P625/P6375/P577
Q1131791,黄色潜水艇,animated film,1968-01-01,Q84,伦敦,51.507222222,-0.1275,,,,tt0063823,12105,,https://www.wikidata.org/wiki/Q1131791,https://www.wikidata.org/wiki/Q84,Wikidata P915/P625/P6375/P577
Q752301,鼠國流浪記,animated film,2006-10-22,Q84,伦敦,51.507222222,-0.1275,,,,tt0424095,11619,,https://www.wikidata.org/wiki/Q752301,https://www.wikidata.org/wiki/Q84,Wikidata P915/P625/P6375/P577
Q30931,007之择日而亡,film,2002-01-01,Q107356897,Penbryn Beach,52.1441,-4.4964,,,,tt0246460,36669,,https://www.wikidata.org/wiki/Q30931,https://www.wikidata.org/wiki/Q107356897,Wikidata P915/P625/P6375/P577
Q30931,007之择日而亡,film,2002-01-01,Q661896,松木制片厂,51.548611111,-0.535,,,,tt0246460,36669,,https://www.wikidata.org/wiki/Q30931,https://www.wikidata.org/wiki/Q661896,Wikidata P915/P625/P6375/P577
Q30931,007之择日而亡,film,2002-01-01,Q4545538,艾伯特·布洛克里的007舞台,51.55,-0.535,,,,tt0246460,36669,,https://www.wikidata.org/wiki/Q30931,https://www.wikidata.org/wiki/Q4545538,Wikidata P915/P625/P6375/P577
Q19089,007之黄金眼,film,1995-01-01,Q84,伦敦,51.507222222,-0.1275,,,,tt0113189,710,,https://www.wikidata.org/wiki/Q19089,https://www.wikidata.org/wiki/Q84,Wikidata P915/P625/P6375/P577
Q19089,007之黄金眼,film,1995-01-01,Q21,英格兰,53.0,-1.0,,,,tt0113189,710,,https://www.wikidata.org/wiki/Q19089,https://www.wikidata.org/wiki/Q21,Wikidata P915/P625/P6375/P577
Q151904,007大战皇家赌场,film,2006-11-14,Q84,伦敦,51.507222222,-0.1275,,,,tt0381061,36557,,https://www.wikidata.org/wiki/Q151904,https://www.wikidata.org/wiki/Q84,Wikidata P915/P625/P6375/P577
Q151904,007大战皇家赌场,film,2006-11-14,Q661896,松木制片厂,51.548611111,-0.535,,,,tt0381061,36557,,https://www.wikidata.org/wiki/Q151904,https://www.wikidata.org/wiki/Q661896,Wikidata P915/P625/P6375/P577
Q4941,007大破天幕杀机,film,2012-10-23,Q7754924,The Old Vic Tunnels,51.5022,-0.1096,,,,tt1074638,37724,,https://www.wikidata.org/wiki/Q4941,https://www.wikidata.org/wiki/Q7754924,Wikidata P915/P625/P6375/P577
Q4941,007大破天幕杀机,film,2012-10-23,Q84,伦敦,51.507222222,-0.1275,,,,tt1074638,37724,,https://www.wikidata.org/wiki/Q4941,https://www.wikidata.org/wiki/Q84,Wikidata P915/P625/P6375/P577
Q4941,007大破天幕杀机,film,2012-10-23,Q3649486,卡多根广场,51.4953,-0.160556,,,,tt1074638,37724,,https://www.wikidata.org/wiki/Q4941,https://www.wikidata.org/wiki/Q3649486,Wikidata P915/P625/P6375/P577
Q4941,007大破天幕杀机,film,2012-10-23,Q180788,国家美术馆,51.508888888,-0.128333333,"Trafalgar Square, London WC2N 5DN",,,tt1074638,37724,,https://www.wikidata.org/wiki/Q4941,https://www.wikidata.org/wiki/Q180788,Wikidata P915/P625/P6375/P577
Q4941,007大破天幕杀机,film,2012-10-23,Q1753590,旧皇家海军学院,51.483666666,-0.005944444,,,,tt1074638,37724,,https://www.wikidata.org/wiki/Q4941,https://www.wikidata.org/wiki/Q1753590,Wikidata P915/P625/P6375/P577
Q4941,007大破天幕杀机,film,2012-10-23,Q661896,松木制片厂,51.548611111,-0.535,,,,tt1074638,37724,,https://www.wikidata.org/wiki/Q4941,https://www.wikidata.org/wiki/Q661896,Wikidata P915/P625/P6375/P577
Q4941,007大破天幕杀机,film,2012-10-23,Q795322,查令十字站,51.508055555,-0.124722222,,,,tt1074638,37724,,https://www.wikidata.org/wiki/Q4941,https://www.wikidata.org/wiki/Q795322,Wikidata P915/P625/P6375/P577
Q4941,007大破天幕杀机,film,2012-10-23,Q956688,格伦科,56.6828,-5.10598,,,,tt1074638,37724,,https://www.wikidata.org/wiki/Q4941,https://www.wikidata.org/wiki/Q956688,Wikidata P915/P625/P6375/P577
Q4941,007大破天幕杀机,film,2012-10-23,Q5648547,格伦科高地,51.1646,-0.7357,,,,tt1074638,37724,,https://www.wikidata.org/wiki/Q4941,https://www.wikidata.org/wiki/Q5648547,Wikidata P915/P625/P6375/P577
Q4941,007大破天幕杀机,film,2012-10-23,Q164946,聖巴多羅買醫院,51.5177,-0.100519,,,,tt1074638,37724,,https://www.wikidata.org/wiki/Q4941,https://www.wikidata.org/wiki/Q164946,Wikidata P915/P625/P6375/P577
Q4941,007大破天幕杀机,film,2012-10-23,Q723336,雅士谷馬場,51.4161,-0.676944,,,,tt1074638,37724,,https://www.wikidata.org/wiki/Q4941,https://www.wikidata.org/wiki/Q723336,Wikidata P915/P625/P6375/P577
Q181540,007大破量子危机,film,2008-10-29,Q661896,松木制片厂,51.548611111,-0.535,,,,tt0830515,10764,,https://www.wikidata.org/wiki/Q181540,https://www.wikidata.org/wiki/Q661896,Wikidata P915/P625/P6375/P577
Q18602670,007：惡魔四伏,film,2015-10-26,Q3494229,Spring Gardens,51.5065,-0.1279,,,,tt2379713,206647,,https://www.wikidata.org/wiki/Q18602670,https://www.wikidata.org/wiki/Q3494229,Wikidata P915/P625/P6375/P577
Q18602670,007：惡魔四伏,film,2015-10-26,Q84,伦敦,51.507222222,-0.1275,,,,tt2379713,206647,,https://www.wikidata.org/wiki/Q18602670,https://www.wikidata.org/wiki/Q84,Wikidata P915/P625/P6375/P577
Q18602670,007：惡魔四伏,film,2015-10-26,Q154322,伦敦/南岸,51.504166666,-0.116666666,,,,tt2379713,206647,,https://www.wikidata.org/wiki/Q18602670,https://www.wikidata.org/wiki/Q154322,Wikidata P915/P625/P6375/P577
Q18602670,007：惡魔四伏,film,2015-10-26,Q1453586,共濟會大廳,51.5151,-0.121,,,,tt2379713,206647,,https://www.wikidata.org/wiki/Q18602670,https://www.wikidata.org/wiki/Q1453586,Wikidata P915/P625/P6375/P577
Q18602670,007：惡魔四伏,film,2015-10-26,Q198536,军情六处总部,51.487222222,-0.124166666,,,,tt2379713,206647,,https://www.wikidata.org/wiki/Q18602670,https://www.wikidata.org/wiki/Q198536,Wikidata P915/P625/P6375/P577
Q18602670,007：惡魔四伏,film,2015-10-26,Q41225,大本钟,51.50067,-0.12457,,,,tt2379713,206647,,https://www.wikidata.org/wiki/Q18602670,https://www.wikidata.org/wiki/Q41225,Wikidata P915/P625/P6375/P577
Q18602670,007：惡魔四伏,film,2015-10-26,Q5933,威斯敏斯特教堂,51.4994,-0.127367,,,,tt2379713,206647,,https://www.wikidata.org/wiki/Q18602670,https://www.wikidata.org/wiki/Q5933,Wikidata P915/P625/P6375/P577
Q18602670,007：惡魔四伏,film,2015-10-26,Q1093950,市政廳 (大倫敦),51.504722222,-0.078333333,,,,tt2379713,206647,,https://www.wikidata.org/wiki/Q18602670,https://www.wikidata.org/wiki/Q1093950,Wikidata P915/P625/P6375/P577
Q18602670,007：惡魔四伏,film,2015-10-26,Q208181,布莱尼姆宫,51.841362665,-1.360948307,"Blenheim Palace, Woodstock, Oxfordshire, OX20 1UL",,,tt2379713,206647,,https://www.wikidata.org/wiki/Q18602670,https://www.wikidata.org/wiki/Q208181,Wikidata P915/P625/P6375/P577
Q18602670,007：惡魔四伏,film,2015-10-26,Q661896,松木制片厂,51.548611111,-0.535,,,,tt2379713,206647,,https://www.wikidata.org/wiki/Q18602670,https://www.wikidata.org/wiki/Q661896,Wikidata P915/P625/P6375/P577
Q18602670,007：惡魔四伏,film,2015-10-26,Q359256,水師提督門,51.506758333,-0.128691666,,,,tt2379713,206647,,https://www.wikidata.org/wiki/Q18602670,https://www.wikidata.org/wiki/Q359256,Wikidata P915/P625/P6375/P577
Q18602670,007：惡魔四伏,film,2015-10-26,Q19686,泰晤士河,51.694444444,-2.029722222,,,,tt2379713,206647,,https://www.wikidata.org/wiki/Q18602670,https://www.wikidata.org/wiki/Q19686,Wikidata P915/P625/P6375/P577
Q18602670,007：惡魔四伏,film,2015-10-26,Q129143,特拉法加广场,51.508055555,-0.128055555,,,,tt2379713,206647,,https://www.wikidata.org/wiki/Q18602670,https://www.wikidata.org/wiki/Q129143,Wikidata P915/P625/P6375/P577
Q18602670,007：惡魔四伏,film,2015-10-26,Q124233,米尔班克,51.4995,-0.1333,,,,tt2379713,206647,,https://www.wikidata.org/wiki/Q18602670,https://www.wikidata.org/wiki/Q124233,Wikidata P915/P625/P6375/P577
Q18602670,007：惡魔四伏,film,2015-10-26,Q188801,肯辛顿-切尔西区,51.502222222,-0.195277777,,,,tt2379713,206647,,https://www.wikidata.org/wiki/Q18602670,https://www.wikidata.org/wiki/Q188801,Wikidata P915/P625/P6375/P577
Q18602670,007：惡魔四伏,film,2015-10-26,Q1130666,蘭貝斯橋,51.494636,-0.123877,,,,tt2379713,206647,,https://www.wikidata.org/wiki/Q18602670,https://www.wikidata.org/wiki/Q1130666,Wikidata P915/P625/P6375/P577
Q18602670,007：惡魔四伏,film,2015-10-26,Q456960,西敏橋,51.500833333,-0.121944444,,,,tt2379713,206647,,https://www.wikidata.org/wiki/Q18602670,https://www.wikidata.org/wiki/Q456960,Wikidata P915/P625/P6375/P577
Q18602670,007：惡魔四伏,film,2015-10-26,Q7989130,西敏橋路,51.4984,-0.10819,,,,tt2379713,206647,,https://www.wikidata.org/wiki/Q18602670,https://www.wikidata.org/wiki/Q7989130,Wikidata P915/P625/P6375/P577
Q18602670,007：惡魔四伏,film,2015-10-26,Q215354,诺丁山,51.5096,-0.2043,,,,tt2379713,206647,,https://www.wikidata.org/wiki/Q18602670,https://www.wikidata.org/wiki/Q215354,Wikidata P915/P625/P6375/P577
Q21534241,007：生死交戰,film,2021-09-28,Q17570947,Ardverikie House,56.9557,-4.4537,,,,tt2382320,370172,,https://www.wikidata.org/wiki/Q21534241,https://www.wikidata.org/wiki/Q17570947,Wikidata P915/P625/P6375/P577
Q21534241,007：生死交戰,film,2021-09-28,Q84,伦敦,51.507222222,-0.1275,,,,tt2382320,370172,,https://www.wikidata.org/wiki/Q21534241,https://www.wikidata.org/wiki/Q84,Wikidata P915/P625/P6375/P577
Q21534241,007：生死交戰,film,2021-09-28,Q1025953,凱恩戈姆山國家公園,57.0833,-3.66667,,,,tt2382320,370172,,https://www.wikidata.org/wiki/Q21534241,https://www.wikidata.org/wiki/Q1025953,Wikidata P915/P625/P6375/P577
Q21534241,007：生死交戰,film,2021-09-28,Q6664933,拉根湖,56.948055555,-4.49,,,,tt2382320,370172,,https://www.wikidata.org/wiki/Q21534241,https://www.wikidata.org/wiki/Q6664933,Wikidata P915/P625/P6375/P577
Q21534241,007：生死交戰,film,2021-09-28,Q661896,松木制片厂,51.548611111,-0.535,,,,tt2382320,370172,,https://www.wikidata.org/wiki/Q21534241,https://www.wikidata.org/wiki/Q661896,Wikidata P915/P625/P6375/P577
Q21534241,007：生死交戰,film,2021-09-28,Q790938,阿维莫尔,57.194,-3.823,,,,tt2382320,370172,,https://www.wikidata.org/wiki/Q21534241,https://www.wikidata.org/wiki/Q790938,Wikidata P915/P625/P6375/P577
Q591272,007：皇家赌场,film,1967-04-14,Q4649056,A24 road,51.2065,-0.331,,,,tt0061452,12208,,https://www.wikidata.org/wiki/Q591272,https://www.wikidata.org/wiki/Q4649056,Wikidata P915/P625/P6375/P577
Q591272,007：皇家赌场,film,1967-04-14,Q956090,Mereworth Castle,51.2539,0.3902,,,,tt0061452,12208,,https://www.wikidata.org/wiki/Q591272,https://www.wikidata.org/wiki/Q956090,Wikidata P915/P625/P6375/P577
Q591272,007：皇家赌场,film,1967-04-14,Q169101,唐宁街10号,51.503333333,-0.127777777,,,,tt0061452,12208,,https://www.wikidata.org/wiki/Q591272,https://www.wikidata.org/wiki/Q169101,Wikidata P915/P625/P6375/P577
Q591272,007：皇家赌场,film,1967-04-14,Q1009402,基林,56.466,-4.318,,,,tt0061452,12208,,https://www.wikidata.org/wiki/Q591272,https://www.wikidata.org/wiki/Q1009402,Wikidata P915/P625/P6375/P577
Q591272,007：皇家赌场,film,1967-04-14,Q783210,布拉克内尔,51.416,-0.749,,,,tt0061452,12208,,https://www.wikidata.org/wiki/Q591272,https://www.wikidata.org/wiki/Q783210,Wikidata P915/P625/P6375/P577
Q591272,007：皇家赌场,film,1967-04-14,Q2529554,旧温莎,51.46,-0.586,,,,tt0061452,12208,,https://www.wikidata.org/wiki/Q591272,https://www.wikidata.org/wiki/Q2529554,Wikidata P915/P625/P6375/P577
Q591272,007：皇家赌场,film,1967-04-14,Q661896,松木制片厂,51.548611111,-0.535,,,,tt0061452,12208,,https://www.wikidata.org/wiki/Q591272,https://www.wikidata.org/wiki/Q661896,Wikidata P915/P625/P6375/P577
Q591272,007：皇家赌场,film,1967-04-14,Q214820,白厅,51.504166666,-0.126388888,,,,tt0061452,12208,,https://www.wikidata.org/wiki/Q591272,https://www.wikidata.org/wiki/Q214820,Wikidata P915/P625/P6375/P577
Q127324468,0時盜數,film,2025-09-05,Q84,伦敦,51.507222222,-0.1275,,,,tt31189814,1242265,,https://www.wikidata.org/wiki/Q127324468,https://www.wikidata.org/wiki/Q84,Wikidata P915/P625/P6375/P577
Q8594,101真狗,film,1996-11-27,Q84,伦敦,51.507222222,-0.1275,,,,tt0115433,11674,,https://www.wikidata.org/wiki/Q8594,https://www.wikidata.org/wiki/Q84,Wikidata P915/P625/P6375/P577
Q165847,102斑點狗,film,2000-11-22,Q21,英格兰,53.0,-1.0,,,,tt0211181,10481,,https://www.wikidata.org/wiki/Q165847,https://www.wikidata.org/wiki/Q21,Wikidata P915/P625/P6375/P577
Q5473919,14 Days with Victor,film,2010-10-30,Q84,伦敦,51.507222222,-0.1275,,,,tt1576360,169384,,https://www.wikidata.org/wiki/Q5473919,https://www.wikidata.org/wiki/Q84,Wikidata P915/P625/P6375/P577
Q203560,1408,film,2007-06-22,Q84,伦敦,51.507222222,-0.1275,,,,tt0450385,3021,,https://www.wikidata.org/wiki/Q203560,https://www.wikidata.org/wiki/Q84,Wikidata P915/P625/P6375/P577
Q203560,1408,film,2007-06-22,Q661896,松木制片厂,51.548611111,-0.535,,,,tt0450385,3021,,https://www.wikidata.org/wiki/Q203560,https://www.wikidata.org/wiki/Q661896,Wikidata P915/P625/P6375/P577
Q1539655,1966年的世界盃,film,2006-01-01,Q661896,松木制片厂,51.548611111,-0.535,,,,tt0493450,31082,,https://www.wikidata.org/wiki/Q1539655,https://www.wikidata.org/wiki/Q661896,Wikidata P915/P625/P6375/P577
Q4595879,1世代：我們的世代,film,2013-09-05,Q84,伦敦,51.507222222,-0.1275,,,,tt2515086,164558,,https://www.wikidata.org/wiki/Q4595879,https://www.wikidata.org/wiki/Q84,Wikidata P915/P625/P6375/P577
Q40314487,200 Meat Dogs Saved from Korea,film,2017-01-01,Q8691,希思罗机场,51.4775,-0.461389,,,,tt7123204,,,https://www.wikidata.org/wiki/Q40314487,https://www.wikidata.org/wiki/Q8691,Wikidata P915/P625/P6375/P577
Q103474,2001太空漫游,film,1968-04-02,Q1122196,哈里斯岛,57.921389,-6.829444,,,,tt0062622,62,,https://www.wikidata.org/wiki/Q103474,https://www.wikidata.org/wiki/Q1122196,Wikidata P915/P625/P6375/P577
Q211693,200家汽车旅馆,film,1971-01-01,Q661896,松木制片厂,51.548611111,-0.535,,,,tt0066732,27645,,https://www.wikidata.org/wiki/Q211693,https://www.wikidata.org/wiki/Q661896,Wikidata P915/P625/P6375/P577
Q125392328,28年毀滅倒數,film,2025-06-20,Q23079,诺森伯兰郡,55.166666666,-2.0,,,,tt10548174,1100988,,https://www.wikidata.org/wiki/Q125392328,https://www.wikidata.org/wiki/Q23079,Wikidata P915/P625/P6375/P577
Q221075,28日後,film,2002-11-01,Q84,伦敦,51.507222222,-0.1275,,,,tt0289043,170,,https://www.wikidata.org/wiki/Q221075,https://www.wikidata.org/wiki/Q84,Wikidata P915/P625/P6375/P577
Q221075,28日後,film,2002-11-01,Q1459835,南船塢站,51.50003,-0.01626,Marsh Wall,,,tt0289043,170,,https://www.wikidata.org/wiki/Q221075,https://www.wikidata.org/wiki/Q1459835,Wikidata P915/P625/P6375/P577
Q221075,28日後,film,2002-11-01,Q649329,恩納代爾湖,54.52,-3.376111111,,,,tt0289043,170,,https://www.wikidata.org/wiki/Q221075,https://www.wikidata.org/wiki/Q649329,Wikidata P915/P625/P6375/P577
Q221075,28日後,film,2002-11-01,Q661896,松木制片厂,51.548611111,-0.535,,,,tt0289043,170,,https://www.wikidata.org/wiki/Q221075,https://www.wikidata.org/wiki/Q661896,Wikidata P915/P625/P6375/P577
Q221075,28日後,film,2002-11-01,Q211778,湖区,54.5,-3.166666666,,,,tt0289043,170,,https://www.wikidata.org/wiki/Q221075,https://www.wikidata.org/wiki/Q211778,Wikidata P915/P625/P6375/P577
Q221075,28日後,film,2002-11-01,Q7832424,特拉法加公園,51.013,-1.73637,,,,tt0289043,170,,https://www.wikidata.org/wiki/Q221075,https://www.wikidata.org/wiki/Q7832424,Wikidata P915/P625/P6375/P577
Q221075,28日後,film,2002-11-01,Q129143,特拉法加广场,51.508055555,-0.128055555,,,,tt0289043,170,,https://www.wikidata.org/wiki/Q221075,https://www.wikidata.org/wiki/Q129143,Wikidata P915/P625/P6375/P577
Q221075,28日後,film,2002-11-01,Q215255,皮卡迪利圆环,51.51,-0.134444444,,,,tt0289043,170,,https://www.wikidata.org/wiki/Q221075,https://www.wikidata.org/wiki/Q215255,Wikidata P915/P625/P6375/P577
Q221075,28日後,film,2002-11-01,Q456960,西敏橋,51.500833333,-0.121944444,,,,tt0289043,170,,https://www.wikidata.org/wiki/Q221075,https://www.wikidata.org/wiki/Q456960,Wikidata P915/P625/P6375/P577
Q221075,28日後,film,2002-11-01,Q1032842,金絲雀碼頭站,51.503611111,-0.018611111,"[[Canary Wharf]], [[Tower Hamlets]], [[Londra]]",,,tt0289043,170,,https://www.wikidata.org/wiki/Q221075,https://www.wikidata.org/wiki/Q1032842,Wikidata P915/P625/P6375/P577
Q221075,28日後,film,2002-11-01,Q1295286,韋弗利修道院,51.2004,-0.758282,,,,tt0289043,170,,https://www.wikidata.org/wiki/Q221075,https://www.wikidata.org/wiki/Q1295286,Wikidata P915/P625/P6375/P577
Q221102,28週後,film,2007-04-26,Q84,伦敦,51.507222222,-0.1275,,,,tt0463854,1562,,https://www.wikidata.org/wiki/Q221102,https://www.wikidata.org/wiki/Q84,Wikidata P915/P625/P6375/P577
Q221102,28週後,film,2007-04-26,Q10690,加地夫,51.481666666,-3.179166666,,,,tt0463854,1562,,https://www.wikidata.org/wiki/Q221102,https://www.wikidata.org/wiki/Q10690,Wikidata P915/P625/P6375/P577
Q27907930,30 Years Ago,film,2016-07-06,Q84,伦敦,51.507222222,-0.1275,,,,tt5680626,415817,,https://www.wikidata.org/wiki/Q27907930,https://www.wikidata.org/wiki/Q84,Wikidata P915/P625/P6375/P577
Q93622,31 North 62 East,film,2009-01-01,Q177544,贺森,51.062,-0.325,,,,tt1235404,58781,,https://www.wikidata.org/wiki/Q93622,https://www.wikidata.org/wiki/Q177544,Wikidata P915/P625/P6375/P577
Q234789,44英寸的胸围,film,2009-01-01,Q3501089,埃尔斯特里影城,51.6587,-0.2758,,,,tt0914837,29182,,https://www.wikidata.org/wiki/Q234789,https://www.wikidata.org/wiki/Q3501089,Wikidata P915/P625/P6375/P577
Q85419123,83,film,2020-01-01,Q21,英格兰,53.0,-1.0,,,,tt7518786,601337,,https://www.wikidata.org/wiki/Q85419123,https://www.wikidata.org/wiki/Q21,Wikidata P915/P625/P6375/P577
Q105984950,A Bird Flew In,film,,Q84,伦敦,51.507222222,-0.1275,,,,tt12543464,729727,,https://www.wikidata.org/wiki/Q105984950,https://www.wikidata.org/wiki/Q84,Wikidata P915/P625/P6375/P577
Q4656335,A Day to Remember,film,1953-01-01,Q661896,松木制片厂,51.548611111,-0.535,,,,tt0045672,224921,,https://www.wikidata.org/wiki/Q4656335,https://www.wikidata.org/wiki/Q661896,Wikidata P915/P625/P6375/P577
Q19363656,A Kind of English,film,1986-01-01,Q84,伦敦,51.507222222,-0.1275,,,,tt0483921,853320,,https://www.wikidata.org/wiki/Q19363656,https://www.wikidata.org/wiki/Q84,Wikidata P915/P625/P6375/P577
Q4658693,A Pair of Briefs,film,1962-01-01,Q661896,松木制片厂,51.548611111,-0.535,,,,tt0056325,351783,,https://www.wikidata.org/wiki/Q4658693,https://www.wikidata.org/wiki/Q661896,Wikidata P915/P625/P6375/P577
Q15039707,A Private Enterprise,film,1974-01-01,Q84,伦敦,51.507222222,-0.1275,,,,tt0067619,223848,,https://www.wikidata.org/wiki/Q15039707,https://www.wikidata.org/wiki/Q84,Wikidata P915/P625/P6375/P577
Q4659765,A Spot of Bother,film,1938-01-01,Q661896,松木制片厂,51.548611111,-0.535,,,,tt0170615,333328,,https://www.wikidata.org/wiki/Q4659765,https://www.wikidata.org/wiki/Q661896,Wikidata P915/P625/P6375/P577
Q4659962,A Tale of Two Cities,film,1958-01-01,Q661896,松木制片厂,51.548611111,-0.535,,,,tt0052270,4701,,https://www.wikidata.org/wiki/Q4659962,https://www.wikidata.org/wiki/Q661896,Wikidata P915/P625/P6375/P577
Q4661631,Aap Ki Khatir,film,2006-01-01,Q84,伦敦,51.507222222,-0.1275,,,,tt0810058,155949,,https://www.wikidata.org/wiki/Q4661631,https://www.wikidata.org/wiki/Q84,Wikidata P915/P625/P6375/P577
Q4662707,Aashiq Banaya Aapne,film,2005-01-01,Q84,伦敦,51.507222222,-0.1275,,,,tt0477253,49496,,https://www.wikidata.org/wiki/Q4662707,https://www.wikidata.org/wiki/Q84,Wikidata P915/P625/P6375/P577
Q4666737,Abendland,film,2011-03-22,Q84,伦敦,51.507222222,-0.1275,,,,tt2125427,81225,,https://www.wikidata.org/wiki/Q4666737,https://www.wikidata.org/wiki/Q84,Wikidata P915/P625/P6375/P577
Q3604808,Action,film,1980-01-04,Q84,伦敦,51.507222222,-0.1275,,,,tt0078732,137599,,https://www.wikidata.org/wiki/Q3604808,https://www.wikidata.org/wiki/Q84,Wikidata P915/P625/P6375/P577
Q124611547,Adele: Live at the Royal Albert Hall,film,2011-11-27,Q193639,皇家阿尔伯特音乐厅,51.50105,-0.17748,,,,tt2122272,79931,,https://www.wikidata.org/wiki/Q124611547,https://www.wikidata.org/wiki/Q193639,Wikidata P915/P625/P6375/P577
Q4526392,Adulthood,film,2008-01-01,Q84,伦敦,51.507222222,-0.1275,,,,tt1126596,13058,,https://www.wikidata.org/wiki/Q4526392,https://www.wikidata.org/wiki/Q84,Wikidata P915/P625/P6375/P577
Q4701744,Aksar,film,2006-02-03,Q84,伦敦,51.507222222,-0.1275,,,,tt0476729,324218,,https://www.wikidata.org/wiki/Q4701744,https://www.wikidata.org/wiki/Q84,Wikidata P915/P625/P6375/P577
Q4729169,All Night Long,film,1962-02-06,Q661896,松木制片厂,51.548611111,-0.535,,,,tt0054614,37038,,https://www.wikidata.org/wiki/Q4729169,https://www.wikidata.org/wiki/Q661896,Wikidata P915/P625/P6375/P577
Q4729229,All Over the Town,film,1949-01-01,Q661896,松木制片厂,51.548611111,-0.535,,,,tt0041111,258094,,https://www.wikidata.org/wiki/Q4729229,https://www.wikidata.org/wiki/Q661896,Wikidata P915/P625/P6375/P577
Q4729957,All for Mary,film,1955-01-01,Q661896,松木制片厂,51.548611111,-0.535,,,,tt0047812,578301,,https://www.wikidata.org/wiki/Q4729957,https://www.wikidata.org/wiki/Q661896,Wikidata P915/P625/P6375/P577
Q16147478,Allah Made Me Funny - Official Muslim Comedy Show - Live HMV Apollo,film,2009-10-05,Q84,伦敦,51.507222222,-0.1275,,,,,,,https://www.wikidata.org/wiki/Q16147478,https://www.wikidata.org/wiki/Q84,Wikidata P915/P625/P6375/P577
Q2844865,An Alligator Named Daisy,film,1955-01-01,Q661896,松木制片厂,51.548611111,-0.535,,,,tt0047813,252721,,https://www.wikidata.org/wiki/Q2844865,https://www.wikidata.org/wiki/Q661896,Wikidata P915/P625/P6375/P577
Q130394023,Anemone,film,2025-09-28,Q18125,曼彻斯特,53.466666666,-2.233333333,,,,tt33549447,1364608,,https://www.wikidata.org/wiki/Q130394023,https://www.wikidata.org/wiki/Q18125,Wikidata P915/P625/P6375/P577
Q21527464,Another Mother's Son,film,2017-03-16,Q22889,巴斯,51.381388888,-2.359722222,,,,tt5193790,437848,,https://www.wikidata.org/wiki/Q21527464,https://www.wikidata.org/wiki/Q22889,Wikidata P915/P625/P6375/P577
Q21527464,Another Mother's Son,film,2017-03-16,Q18712625,西伦敦制片厂,51.5137,-0.398427,,,,tt5193790,437848,,https://www.wikidata.org/wiki/Q21527464,https://www.wikidata.org/wiki/Q18712625,Wikidata P915/P625/P6375/P577
Q4802930,As Long as They're Happy,film,1955-01-01,Q661896,松木制片厂,51.548611111,-0.535,,,,tt0047841,183656,,https://www.wikidata.org/wiki/Q4802930,https://www.wikidata.org/wiki/Q661896,Wikidata P915/P625/P6375/P577
Q4808558,Assault,film,1971-01-01,Q661896,松木制片厂,51.548611111,-0.535,,,,tt0067243,106046,,https://www.wikidata.org/wiki/Q4808558,https://www.wikidata.org/wiki/Q661896,Wikidata P915/P625/P6375/P577
Q4812021,Asylum,film,1972-01-01,Q84,伦敦,51.507222222,-0.1275,,,,tt0775421,291136,,https://www.wikidata.org/wiki/Q4812021,https://www.wikidata.org/wiki/Q84,Wikidata P915/P625/P6375/P577
Q1171544,A錢大玩家,film,1999-01-01,Q661896,松木制片厂,51.548611111,-0.535,,,,tt0131566,21039,,https://www.wikidata.org/wiki/Q1171544,https://www.wikidata.org/wiki/Q661896,Wikidata P915/P625/P6375/P577
Q752313,BJ单身日记,film,2001-03-10,Q84,伦敦,51.507222222,-0.1275,,,,tt0243155,634,,https://www.wikidata.org/wiki/Q752313,https://www.wikidata.org/wiki/Q84,Wikidata P915/P625/P6375/P577
Q752313,BJ单身日记,film,2001-03-10,Q3410,赫特福德郡,51.9,-0.2,,,,tt0243155,634,,https://www.wikidata.org/wiki/Q752313,https://www.wikidata.org/wiki/Q3410,Wikidata P915/P625/P6375/P577
Q843612,BJ單身日記：男人禍水,film,2004-11-08,Q84,伦敦,51.507222222,-0.1275,,,,tt0317198,9801,,https://www.wikidata.org/wiki/Q843612,https://www.wikidata.org/wiki/Q84,Wikidata P915/P625/P6375/P577
Q11909982,BJ有喜,film,2016-09-05,Q84,伦敦,51.507222222,-0.1275,,,,tt1473832,95610,,https://www.wikidata.org/wiki/Q11909982,https://www.wikidata.org/wiki/Q84,Wikidata P915/P625/P6375/P577
Q124654573,Back to Front: Live in London,film,2014-06-23,Q5364202,西班牙電信英國公司體育館,51.502944444,0.003194444,,,,tt6543400,278535,,https://www.wikidata.org/wiki/Q124654573,https://www.wikidata.org/wiki/Q5364202,Wikidata P915/P625/P6375/P577
Q125029885,Bad Apples,film,2025-09-07,Q23154,布里斯托尔,51.453611111,-2.5975,,,,tt29714073,1198654,,https://www.wikidata.org/wiki/Q125029885,https://www.wikidata.org/wiki/Q23154,Wikidata P915/P625/P6375/P577
Q3124318,Baghban,film,2003-10-02,Q84,伦敦,51.507222222,-0.1275,,,,tt0337578,39839,,https://www.wikidata.org/wiki/Q3124318,https://www.wikidata.org/wiki/Q84,Wikidata P915/P625/P6375/P577
Q110302035,Be happy!,film,2019-09-20,Q84,伦敦,51.507222222,-0.1275,,,,tt8176462,620437,,https://www.wikidata.org/wiki/Q110302035,https://www.wikidata.org/wiki/Q84,Wikidata P915/P625/P6375/P577
Q16842578,Björk: Biophilia Live,film,2014-04-26,Q84,伦敦,51.507222222,-0.1275,,,,tt3626442,261830,,https://www.wikidata.org/wiki/Q16842578,https://www.wikidata.org/wiki/Q84,Wikidata P915/P625/P6375/P577
Q2905565,Blackmailed,film,1951-01-01,Q661896,松木制片厂,51.548611111,-0.535,,,,tt0042257,181876,,https://www.wikidata.org/wiki/Q2905565,https://www.wikidata.org/wiki/Q661896,Wikidata P915/P625/P6375/P577
Q130248805,Blackwater Lane,film,2024-06-21,Q23111,萨福克郡,52.2,1.0,,,,tt22767628,1215918,,https://www.wikidata.org/wiki/Q130248805,https://www.wikidata.org/wiki/Q23111,Wikidata P915/P625/P6375/P577
Q583347,Bless This House,film,1972-01-01,Q661896,松木制片厂,51.548611111,-0.535,,,,tt0068285,17120,,https://www.wikidata.org/wiki/Q583347,https://www.wikidata.org/wiki/Q661896,Wikidata P915/P625/P6375/P577
Q116175931,Blessing Europe: The Legacy of the Celtic Saints,film,2011-01-01,Q26,北爱尔兰,54.6075,-6.6925,,,,,,,https://www.wikidata.org/wiki/Q116175931,https://www.wikidata.org/wiki/Q26,Wikidata P915/P625/P6375/P577
Q4926526,Blind Corner,film,1963-01-01,Q661896,松木制片厂,51.548611111,-0.535,,,,tt0056874,78007,,https://www.wikidata.org/wiki/Q4926526,https://www.wikidata.org/wiki/Q661896,Wikidata P915/P625/P6375/P577
Q4928014,Bloodstained Memoirs,film,2009-01-01,Q84,伦敦,51.507222222,-0.1275,,,,tt1345819,59867,,https://www.wikidata.org/wiki/Q4928014,https://www.wikidata.org/wiki/Q84,Wikidata P915/P625/P6375/P577
Q5732034,Bonus DVD,film,2004-01-01,Q123738,海德公园,51.508611111,-0.163611111,,,,,,,https://www.wikidata.org/wiki/Q5732034,https://www.wikidata.org/wiki/Q123738,Wikidata P915/P625/P6375/P577
Q126092919,Borderline,film,2023-01-01,Q84,伦敦,51.507222222,-0.1275,,,,tt16900896,1170574,,https://www.wikidata.org/wiki/Q126092919,https://www.wikidata.org/wiki/Q84,Wikidata P915/P625/P6375/P577
Q4952717,Boys in Brown,film,1949-01-01,Q661896,松木制片厂,51.548611111,-0.535,,,,tt0041204,183918,,https://www.wikidata.org/wiki/Q4952717,https://www.wikidata.org/wiki/Q661896,Wikidata P915/P625/P6375/P577
Q57262209,Bra Wars – Hollywood’s affair with the bra. From Cleopatra to Princess Leia and beyond.,film,2014-11-23,Q84,伦敦,51.507222222,-0.1275,,,,,388087,,https://www.wikidata.org/wiki/Q57262209,https://www.wikidata.org/wiki/Q84,Wikidata P915/P625/P6375/P577
Q18740682,Brand New-U,film,2015-01-01,Q84,伦敦,51.507222222,-0.1275,,,,tt2544074,343724,,https://www.wikidata.org/wiki/Q18740682,https://www.wikidata.org/wiki/Q84,Wikidata P915/P625/P6375/P577
Q970195,Break the News,film,1938-01-01,Q661896,松木制片厂,51.548611111,-0.535,,,,tt0029944,281599,,https://www.wikidata.org/wiki/Q970195,https://www.wikidata.org/wiki/Q661896,Wikidata P915/P625/P6375/P577
Q140042756,Brit School Brats,film,2013-03-26,Q68300873,27-35 Portland Place,51.51983,-0.14566,,,,tt2929900,164866,,https://www.wikidata.org/wiki/Q140042756,https://www.wikidata.org/wiki/Q68300873,Wikidata P915/P625/P6375/P577
Q4984781,Buddy's Song,film,1991-03-01,Q661896,松木制片厂,51.548611111,-0.535,,,,tt0099184,73205,,https://www.wikidata.org/wiki/Q4984781,https://www.wikidata.org/wiki/Q661896,Wikidata P915/P625/P6375/P577
Q4996798,Bullet Boy,film,2004-01-01,Q84,伦敦,51.507222222,-0.1275,,,,tt0385568,32566,,https://www.wikidata.org/wiki/Q4996798,https://www.wikidata.org/wiki/Q84,Wikidata P915/P625/P6375/P577
Q6656017,"Camden Underworld, London - 16 November 2001",film,2002-12-17,Q5025824,卡姆登地下世界,51.5392,-0.1422,,,,tt0808156,,,https://www.wikidata.org/wiki/Q6656017,https://www.wikidata.org/wiki/Q5025824,Wikidata P915/P625/P6375/P577
Q3213431,Campbell's Kingdom,film,1957-01-01,Q661896,松木制片厂,51.548611111,-0.535,,,,tt0050225,75683,,https://www.wikidata.org/wiki/Q3213431,https://www.wikidata.org/wiki/Q661896,Wikidata P915/P625/P6375/P577
Q5036575,Captain Boycott,film,1947-01-01,Q661896,松木制片厂,51.548611111,-0.535,,,,tt0039242,197603,,https://www.wikidata.org/wiki/Q5036575,https://www.wikidata.org/wiki/Q661896,Wikidata P915/P625/P6375/P577
Q1325568,Carry On Constable,film,1960-01-01,Q661896,松木制片厂,51.548611111,-0.535,,,,tt0053699,21240,,https://www.wikidata.org/wiki/Q1325568,https://www.wikidata.org/wiki/Q661896,Wikidata P915/P625/P6375/P577
Q1766656,Carry On Emmannuelle,film,1978-10-12,Q270263,伦敦动物园,51.535555555,-0.155833333,,,,tt0077300,34743,,https://www.wikidata.org/wiki/Q1766656,https://www.wikidata.org/wiki/Q270263,Wikidata P915/P625/P6375/P577
Q1766656,Carry On Emmannuelle,film,1978-10-12,Q8691,希思罗机场,51.4775,-0.461389,,,,tt0077300,34743,,https://www.wikidata.org/wiki/Q1766656,https://www.wikidata.org/wiki/Q8691,Wikidata P915/P625/P6375/P577
Q1766656,Carry On Emmannuelle,film,1978-10-12,Q661896,松木制片厂,51.548611111,-0.535,,,,tt0077300,34743,,https://www.wikidata.org/wiki/Q1766656,https://www.wikidata.org/wiki/Q661896,Wikidata P915/P625/P6375/P577
Q1766656,Carry On Emmannuelle,film,1978-10-12,Q842930,林荫路,51.504166666,-0.135277777,,,,tt0077300,34743,,https://www.wikidata.org/wiki/Q1766656,https://www.wikidata.org/wiki/Q842930,Wikidata P915/P625/P6375/P577
Q1766656,Carry On Emmannuelle,film,1978-10-12,Q43279,温布利球场,51.555555555,-0.279722222,"Wembley Park, Wembley, London HA9 0WS",,,tt0077300,34743,,https://www.wikidata.org/wiki/Q1766656,https://www.wikidata.org/wiki/Q43279,Wikidata P915/P625/P6375/P577
Q1766656,Carry On Emmannuelle,film,1978-10-12,Q1996213,牛津圆环,51.515277777,-0.141944444,,,,tt0077300,34743,,https://www.wikidata.org/wiki/Q1766656,https://www.wikidata.org/wiki/Q1996213,Wikidata P915/P625/P6375/P577
Q1766656,Carry On Emmannuelle,film,1978-10-12,Q209714,牛津街,51.515277777,-0.141944444,,,,tt0077300,34743,,https://www.wikidata.org/wiki/Q1766656,https://www.wikidata.org/wiki/Q209714,Wikidata P915/P625/P6375/P577
Q1766656,Carry On Emmannuelle,film,1978-10-12,Q129143,特拉法加广场,51.508055555,-0.128055555,,,,tt0077300,34743,,https://www.wikidata.org/wiki/Q1766656,https://www.wikidata.org/wiki/Q129143,Wikidata P915/P625/P6375/P577
Q1489818,Carry On Sergeant,film,1958-01-01,Q661896,松木制片厂,51.548611111,-0.535,,,,tt0051453,32110,,https://www.wikidata.org/wiki/Q1489818,https://www.wikidata.org/wiki/Q661896,Wikidata P915/P625/P6375/P577
Q5048673,Cash and Curry,film,2008-01-01,Q84,伦敦,51.507222222,-0.1275,,,,tt0784979,42353,,https://www.wikidata.org/wiki/Q5048673,https://www.wikidata.org/wiki/Q84,Wikidata P915/P625/P6375/P577
Q16956081,Castles in the Sky,film,2014-06-23,Q23436,爱丁堡,55.953333333,-3.189166666,,,,tt3311900,277846,,https://www.wikidata.org/wiki/Q16956081,https://www.wikidata.org/wiki/Q23436,Wikidata P915/P625/P6375/P577
Q3415117,Checkpoint,film,1956-01-01,Q661896,松木制片厂,51.548611111,-0.535,,,,tt0049065,173707,,https://www.wikidata.org/wiki/Q3415117,https://www.wikidata.org/wiki/Q661896,Wikidata P915/P625/P6375/P577
Q5097465,Chikku Bukku,film,2010-01-01,Q84,伦敦,51.507222222,-0.1275,,,,tt1813225,55737,,https://www.wikidata.org/wiki/Q5097465,https://www.wikidata.org/wiki/Q84,Wikidata P915/P625/P6375/P577
Q5133664,Climbing High,film,1938-01-01,Q661896,松木制片厂,51.548611111,-0.535,,,,tt0031161,283404,,https://www.wikidata.org/wiki/Q5133664,https://www.wikidata.org/wiki/Q661896,Wikidata P915/P625/P6375/P577
Q106504945,Closure,film,2019-06-01,Q835835,卡马森,51.856944444,-4.316388888,,,,tt12665070,,,https://www.wikidata.org/wiki/Q106504945,https://www.wikidata.org/wiki/Q835835,Wikidata P915/P625/P6375/P577
Q3627717,Cocktail,film,2012-01-01,Q84,伦敦,51.507222222,-0.1275,,,,tt2168910,118051,,https://www.wikidata.org/wiki/Q3627717,https://www.wikidata.org/wiki/Q84,Wikidata P915/P625/P6375/P577
Q111584737,Colouring Light: Brian Clarke - An Artist Apart,film,2011-10-17,Q102328757,"St Lawrence's Church, Longridge",53.8253,-2.601,,,,tt5701150,1406217,,https://www.wikidata.org/wiki/Q111584737,https://www.wikidata.org/wiki/Q102328757,Wikidata P915/P625/P6375/P577
Q111584737,Colouring Light: Brian Clarke - An Artist Apart,film,2011-10-17,Q84,伦敦,51.507222222,-0.1275,,,,tt5701150,1406217,,https://www.wikidata.org/wiki/Q111584737,https://www.wikidata.org/wiki/Q84,Wikidata P915/P625/P6375/P577
Q111584737,Colouring Light: Brian Clarke - An Artist Apart,film,2011-10-17,Q202628,奥尔德姆,53.544722222,-2.118333333,,,,tt5701150,1406217,,https://www.wikidata.org/wiki/Q111584737,https://www.wikidata.org/wiki/Q202628,Wikidata P915/P625/P6375/P577
Q5151551,Comes a Bright Day,film,2012-01-01,Q84,伦敦,51.507222222,-0.1275,,,,tt1900854,116723,,https://www.wikidata.org/wiki/Q5151551,https://www.wikidata.org/wiki/Q84,Wikidata P915/P625/P6375/P577
Q5152094,Command Performance,film,1937-01-01,Q661896,松木制片厂,51.548611111,-0.535,,,,tt0028733,23424,,https://www.wikidata.org/wiki/Q5152094,https://www.wikidata.org/wiki/Q661896,Wikidata P915/P625/P6375/P577
Q5158515,Concert for George,film,2003-01-01,Q193639,皇家阿尔伯特音乐厅,51.50105,-0.17748,,,,tt0380275,28236,,https://www.wikidata.org/wiki/Q5158515,https://www.wikidata.org/wiki/Q193639,Wikidata P915/P625/P6375/P577
Q5163446,Conspiracy of Hearts,film,1960-01-01,Q661896,松木制片厂,51.548611111,-0.535,,,,tt0053732,73898,,https://www.wikidata.org/wiki/Q5163446,https://www.wikidata.org/wiki/Q661896,Wikidata P915/P625/P6375/P577
Q1323261,Count Your Blessings,film,1959-01-01,Q84,伦敦,51.507222222,-0.1275,,,,tt0052706,166672,,https://www.wikidata.org/wiki/Q1323261,https://www.wikidata.org/wiki/Q84,Wikidata P915/P625/P6375/P577
Q16952460,Crackerjack,film,1938-01-01,Q661896,松木制片厂,51.548611111,-0.535,,,,tt0030021,258279,,https://www.wikidata.org/wiki/Q16952460,https://www.wikidata.org/wiki/Q661896,Wikidata P915/P625/P6375/P577
Q16952906,Cross My Heart,film,1937-01-01,Q661896,松木制片厂,51.548611111,-0.535,,,,tt0159381,,,https://www.wikidata.org/wiki/Q16952906,https://www.wikidata.org/wiki/Q661896,Wikidata P915/P625/P6375/P577
Q19872527,Dangerous Twins,film,2004-01-01,Q84,伦敦,51.507222222,-0.1275,,,,tt0492957,432917,,https://www.wikidata.org/wiki/Q19872527,https://www.wikidata.org/wiki/Q84,Wikidata P915/P625/P6375/P577
Q106091156,Daniel's Gotta Die,film,,Q737765,大开曼,19.33,-81.24,,,,tt4925252,823399,,https://www.wikidata.org/wiki/Q106091156,https://www.wikidata.org/wiki/Q737765,Wikidata P915/P625/P6375/P577
Q5245700,Deadmeat,film,2007-01-01,Q84,伦敦,51.507222222,-0.1275,,,,tt1135967,166403,,https://www.wikidata.org/wiki/Q5245700,https://www.wikidata.org/wiki/Q84,Wikidata P915/P625/P6375/P577
Q5245909,Dealers,film,1989-01-01,Q661896,松木制片厂,51.548611111,-0.535,,,,tt0097172,55036,,https://www.wikidata.org/wiki/Q5245909,https://www.wikidata.org/wiki/Q661896,Wikidata P915/P625/P6375/P577
Q109766868,Dealing With It,film,2021-06-01,Q10690,加地夫,51.481666666,-3.179166666,,,,tt15161520,,,https://www.wikidata.org/wiki/Q109766868,https://www.wikidata.org/wiki/Q10690,Wikidata P915/P625/P6375/P577
Q5246907,Dear Mr. Prohack,film,1949-01-01,Q661896,松木制片厂,51.548611111,-0.535,,,,tt0041285,182063,,https://www.wikidata.org/wiki/Q5246907,https://www.wikidata.org/wiki/Q661896,Wikidata P915/P625/P6375/P577
Q16988558,Death Walks,film,2016-07-15,Q84,伦敦,51.507222222,-0.1275,,,,tt3020786,412406,,https://www.wikidata.org/wiki/Q16988558,https://www.wikidata.org/wiki/Q84,Wikidata P915/P625/P6375/P577
Q1764322,Den ofrivillige golfaren,film,1991-12-25,Q4916478,Birkhill railway station,55.99333333,-3.66055556,,,,tt0102579,24646,,https://www.wikidata.org/wiki/Q1764322,https://www.wikidata.org/wiki/Q4916478,Wikidata P915/P625/P6375/P577
Q1764322,Den ofrivillige golfaren,film,1991-12-25,Q5185742,Cringletie,55.688,-3.21858,,,,tt0102579,24646,,https://www.wikidata.org/wiki/Q1764322,https://www.wikidata.org/wiki/Q5185742,Wikidata P915/P625/P6375/P577
Q1764322,Den ofrivillige golfaren,film,1991-12-25,Q1011507,皮布尔斯,55.651944444,-3.188888888,,,,tt0102579,24646,,https://www.wikidata.org/wiki/Q1764322,https://www.wikidata.org/wiki/Q1011507,Wikidata P915/P625/P6375/P577
Q5259554,Dentist in the Chair,film,1960-01-01,Q661896,松木制片厂,51.548611111,-0.535,,,,tt0053759,260970,,https://www.wikidata.org/wiki/Q5259554,https://www.wikidata.org/wiki/Q661896,Wikidata P915/P625/P6375/P577
Q12113912,Desperate Moment,film,1953-01-01,Q661896,松木制片厂,51.548611111,-0.535,,,,tt0045681,181871,,https://www.wikidata.org/wiki/Q12113912,https://www.wikidata.org/wiki/Q661896,Wikidata P915/P625/P6375/P577
Q3506295,Dev.D,film,2009-01-01,Q84,伦敦,51.507222222,-0.1275,,,,tt1327035,15977,,https://www.wikidata.org/wiki/Q3506295,https://www.wikidata.org/wiki/Q84,Wikidata P915/P625/P6375/P577
Q5276612,Dil Diya Hai,film,2006-01-01,Q84,伦敦,51.507222222,-0.1275,,,,tt0814082,157801,,https://www.wikidata.org/wiki/Q5276612,https://www.wikidata.org/wiki/Q84,Wikidata P915/P625/P6375/P577
Q16988802,Diving Lucy,film,1903-01-01,Q188313,布莱克本,53.7449,-2.4769,,,,tt1056050,196060,,https://www.wikidata.org/wiki/Q16988802,https://www.wikidata.org/wiki/Q188313,Wikidata P915/P625/P6375/P577
Q1538005,Don't Lose Your Head,film,1966-01-01,Q661896,松木制片厂,51.548611111,-0.535,,,,tt0060330,5061,,https://www.wikidata.org/wiki/Q1538005,https://www.wikidata.org/wiki/Q661896,Wikidata P915/P625/P6375/P577
Q636553,Don't Open Till Christmas,film,1984-01-01,Q84,伦敦,51.507222222,-0.1275,,,,tt0089038,84422,,https://www.wikidata.org/wiki/Q636553,https://www.wikidata.org/wiki/Q84,Wikidata P915/P625/P6375/P577
Q63810329,Don’t Leave Home,film,2018-09-14,Q22890,爱尔兰岛,53.351,-7.921,,,,tt6842126,502167,,https://www.wikidata.org/wiki/Q63810329,https://www.wikidata.org/wiki/Q22890,Wikidata P915/P625/P6375/P577
Q3036905,Doomwatch,film,1972-03-01,Q661896,松木制片厂,51.548611111,-0.535,,,,tt0068498,112687,,https://www.wikidata.org/wiki/Q3036905,https://www.wikidata.org/wiki/Q661896,Wikidata P915/P625/P6375/P577
Q3039250,Dream Lover,film,1986-01-01,Q661896,松木制片厂,51.548611111,-0.535,,,,tt0090970,103600,,https://www.wikidata.org/wiki/Q3039250,https://www.wikidata.org/wiki/Q661896,Wikidata P915/P625/P6375/P577
Q18330936,Erection,film,1971-01-01,Q84,伦敦,51.507222222,-0.1275,,,,tt0270930,340170,,https://www.wikidata.org/wiki/Q18330936,https://www.wikidata.org/wiki/Q84,Wikidata P915/P625/P6375/P577
Q16991846,Escape Route,film,1952-01-01,Q84,伦敦,51.507222222,-0.1275,,,,tt0044596,270820,,https://www.wikidata.org/wiki/Q16991846,https://www.wikidata.org/wiki/Q84,Wikidata P915/P625/P6375/P577
Q5397051,Escape from the Dark,film,1976-01-01,Q661896,松木制片厂,51.548611111,-0.535,,,,tt0076320,103777,,https://www.wikidata.org/wiki/Q5397051,https://www.wikidata.org/wiki/Q661896,Wikidata P915/P625/P6375/P577
Q5401320,Esther Waters,film,1948-01-01,Q661896,松木制片厂,51.548611111,-0.535,,,,tt0040328,161041,,https://www.wikidata.org/wiki/Q5401320,https://www.wikidata.org/wiki/Q661896,Wikidata P915/P625/P6375/P577
Q123822933,Eternal Return,film,2025-09-08,Q84,伦敦,51.507222222,-0.1275,,,,tt27725750,1125822,,https://www.wikidata.org/wiki/Q123822933,https://www.wikidata.org/wiki/Q84,Wikidata P915/P625/P6375/P577
Q123822933,Eternal Return,film,2025-09-08,Q10690,加地夫,51.481666666,-3.179166666,,,,tt27725750,1125822,,https://www.wikidata.org/wiki/Q123822933,https://www.wikidata.org/wiki/Q10690,Wikidata P915/P625/P6375/P577
Q123822933,Eternal Return,film,2025-09-08,Q23154,布里斯托尔,51.453611111,-2.5975,,,,tt27725750,1125822,,https://www.wikidata.org/wiki/Q123822933,https://www.wikidata.org/wiki/Q23154,Wikidata P915/P625/P6375/P577
Q6670679,Exhibition,film,2013-08-09,Q84,伦敦,51.507222222,-0.1275,,,,tt2436452,208028,,https://www.wikidata.org/wiki/Q6670679,https://www.wikidata.org/wiki/Q84,Wikidata P915/P625/P6375/P577
Q114246242,F1,film,2025-01-01,Q6802081,迈凯伦技术中心,51.345833333,-0.548333333,,,,tt16311594,911430,,https://www.wikidata.org/wiki/Q114246242,https://www.wikidata.org/wiki/Q6802081,Wikidata P915/P625/P6375/P577
Q5435039,Farewell Performance,film,1963-01-01,Q661896,松木制片厂,51.548611111,-0.535,,,,tt0210676,1399471,,https://www.wikidata.org/wiki/Q5435039,https://www.wikidata.org/wiki/Q661896,Wikidata P915/P625/P6375/P577
Q5437015,Fast and Loose,film,1954-01-01,Q661896,松木制片厂,51.548611111,-0.535,,,,tt0045755,139154,,https://www.wikidata.org/wiki/Q5437015,https://www.wikidata.org/wiki/Q661896,Wikidata P915/P625/P6375/P577
Q14949832,Fedz,film,2013-01-01,Q84,伦敦,51.507222222,-0.1275,,,,tt1327720,295989,,https://www.wikidata.org/wiki/Q14949832,https://www.wikidata.org/wiki/Q84,Wikidata P915/P625/P6375/P577
Q5460134,Floodtide,film,1949-01-01,Q661896,松木制片厂,51.548611111,-0.535,,,,tt0041376,238364,,https://www.wikidata.org/wiki/Q5460134,https://www.wikidata.org/wiki/Q661896,Wikidata P915/P625/P6375/P577
Q58848502,Follow Me,film,2017-11-30,Q84,伦敦,51.507222222,-0.1275,,,,tt7631792,562250,,https://www.wikidata.org/wiki/Q58848502,https://www.wikidata.org/wiki/Q84,Wikidata P915/P625/P6375/P577
Q16992265,Follow Your Star,film,1938-01-01,Q661896,松木制片厂,51.548611111,-0.535,,,,tt0028885,,,https://www.wikidata.org/wiki/Q16992265,https://www.wikidata.org/wiki/Q661896,Wikidata P915/P625/P6375/P577
Q4296494,Follow a Star,film,1959-01-01,Q661896,松木制片厂,51.548611111,-0.535,,,,tt0052815,38380,,https://www.wikidata.org/wiki/Q4296494,https://www.wikidata.org/wiki/Q661896,Wikidata P915/P625/P6375/P577
Q5465694,Fools Rush In,film,1949-01-01,Q661896,松木制片厂,51.548611111,-0.535,,,,tt0041379,281194,,https://www.wikidata.org/wiki/Q5465694,https://www.wikidata.org/wiki/Q661896,Wikidata P915/P625/P6375/P577
Q5467315,Forbidden Cargo,film,1954-01-01,Q661896,松木制片厂,51.548611111,-0.535,,,,tt0046992,176546,,https://www.wikidata.org/wiki/Q5467315,https://www.wikidata.org/wiki/Q661896,Wikidata P915/P625/P6375/P577
Q16981268,Four Men in Prison,film,1950-01-01,Q5635276,韋克菲爾德監獄,53.6825,-1.50917,,,,tt1883192,358129,,https://www.wikidata.org/wiki/Q16981268,https://www.wikidata.org/wiki/Q5635276,Wikidata P915/P625/P6375/P577
Q9262039,Framed Youth: The Revenge of the Teenage Perverts,film,1983-01-01,Q84,伦敦,51.507222222,-0.1275,,,,tt0136960,504794,,https://www.wikidata.org/wiki/Q9262039,https://www.wikidata.org/wiki/Q84,Wikidata P915/P625/P6375/P577
Q3220957,Full Circle,film,1977-01-01,Q84,伦敦,51.507222222,-0.1275,,,,tt0074611,102283,,https://www.wikidata.org/wiki/Q3220957,https://www.wikidata.org/wiki/Q84,Wikidata P915/P625/P6375/P577
Q5521276,Gangway,film,1937-01-01,Q661896,松木制片厂,51.548611111,-0.535,,,,tt0028918,291758,,https://www.wikidata.org/wiki/Q5521276,https://www.wikidata.org/wiki/Q661896,Wikidata P915/P625/P6375/P577
Q5532820,Genesis Live in London 1980,film,2007-01-01,Q1661445,萊塞姆劇院,51.5116,-0.11975,,,,tt1664593,,,https://www.wikidata.org/wiki/Q5532820,https://www.wikidata.org/wiki/Q1661445,Wikidata P915/P625/P6375/P577
Q125613304,Giant,film,2025-10-18,Q39121,利兹,53.7975,-1.543611111,,,,tt26452616,1078581,,https://www.wikidata.org/wiki/Q125613304,https://www.wikidata.org/wiki/Q39121,Wikidata P915/P625/P6375/P577
Q5575012,Go for a Take,film,1972-12-01,Q661896,松木制片厂,51.548611111,-0.535,,,,tt0068500,259716,,https://www.wikidata.org/wiki/Q5575012,https://www.wikidata.org/wiki/Q661896,Wikidata P915/P625/P6375/P577
Q120630076,Great Yarmouth: Provisional Figures,film,2023-03-16,Q237253,大雅茅斯,52.607777777,1.733055555,,,,tt14888898,1007637,,https://www.wikidata.org/wiki/Q120630076,https://www.wikidata.org/wiki/Q237253,Wikidata P915/P625/P6375/P577
Q2377738,Green for Danger,film,1946-01-01,Q661896,松木制片厂,51.548611111,-0.535,,,,tt0038577,29589,,https://www.wikidata.org/wiki/Q2377738,https://www.wikidata.org/wiki/Q661896,Wikidata P915/P625/P6375/P577
Q3116355,Gregory's Two Girls,film,1999-01-01,Q23436,爱丁堡,55.953333333,-3.189166666,,,,tt0150786,29108,,https://www.wikidata.org/wiki/Q3116355,https://www.wikidata.org/wiki/Q23436,Wikidata P915/P625/P6375/P577
Q1584983,Hard Grit,film,1997-01-01,Q1330811,峰区,53.384722222,-1.873888888,,,,tt2151649,74683,,https://www.wikidata.org/wiki/Q1584983,https://www.wikidata.org/wiki/Q1330811,Wikidata P915/P625/P6375/P577
Q5692387,Heart of a Child,film,1958-01-01,Q661896,松木制片厂,51.548611111,-0.535,,,,tt0051708,687989,,https://www.wikidata.org/wiki/Q5692387,https://www.wikidata.org/wiki/Q661896,Wikidata P915/P625/P6375/P577
Q5880305,Holiday's End,film,1937-01-01,Q661896,松木制片厂,51.548611111,-0.535,,,,tt0144237,,,https://www.wikidata.org/wiki/Q5880305,https://www.wikidata.org/wiki/Q661896,Wikidata P915/P625/P6375/P577
Q5893900,Honeymooner,film,2010-01-01,Q84,伦敦,51.507222222,-0.1275,,,,tt1552184,198251,,https://www.wikidata.org/wiki/Q5893900,https://www.wikidata.org/wiki/Q84,Wikidata P915/P625/P6375/P577
Q123371097,Hostage Takers,film,2023-01-01,Q145,英国,54.6,-2.0,,,,tt23333298,1086677,,https://www.wikidata.org/wiki/Q123371097,https://www.wikidata.org/wiki/Q145,Wikidata P915/P625/P6375/P577
Q3115764,I See You,film,2006-01-01,Q84,伦敦,51.507222222,-0.1275,,,,tt0857381,65956,,https://www.wikidata.org/wiki/Q3115764,https://www.wikidata.org/wiki/Q84,Wikidata P915/P625/P6375/P577
Q5978994,I Spit on Your Rave,film,2009-01-01,Q5330815,Eastnor Castle,52.0289,-2.38722,"Eastnor, Nr Ledbury, Herefordshire HR8 1RL",,,,,,https://www.wikidata.org/wiki/Q5978994,https://www.wikidata.org/wiki/Q5330815,Wikidata P915/P625/P6375/P577
Q2995882,I Was Monty's Double,film,1958-01-01,Q1410,直布罗陀,36.14,-5.35,,,,tt0051759,77794,,https://www.wikidata.org/wiki/Q2995882,https://www.wikidata.org/wiki/Q1410,Wikidata P915/P625/P6375/P577
Q5978742,I – Proud to Be an Indian,film,2004-01-01,Q84,伦敦,51.507222222,-0.1275,,,,tt0379818,311571,,https://www.wikidata.org/wiki/Q5978742,https://www.wikidata.org/wiki/Q84,Wikidata P915/P625/P6375/P577
Q28369630,IBoy 奇機少年,film,2017-01-27,Q47012677,Middlesex Street Estate,51.5159,-0.0766,,,,tt3171832,414190,,https://www.wikidata.org/wiki/Q28369630,https://www.wikidata.org/wiki/Q47012677,Wikidata P915/P625/P6375/P577
Q97798779,Idiot Prayer,film,2020-07-23,Q254650,亞歷山德拉宮,51.594166666,-0.130833333,"Alexandra Palace, Alexandra Palace Way, Wood Green, London, Haringey, N22 7AY, England",,,tt12721126,726779,,https://www.wikidata.org/wiki/Q97798779,https://www.wikidata.org/wiki/Q254650,Wikidata P915/P625/P6375/P577
Q3149151,Imogène McCarthery,film,2010-01-01,Q22,苏格兰,57.0,-5.0,,,,tt1376421,49510,,https://www.wikidata.org/wiki/Q3149151,https://www.wikidata.org/wiki/Q22,Wikidata P915/P625/P6375/P577
Q6014584,Incident in Shanghai,film,1938-01-01,Q661896,松木制片厂,51.548611111,-0.535,,,,tt0159492,425133,,https://www.wikidata.org/wiki/Q6014584,https://www.wikidata.org/wiki/Q661896,Wikidata P915/P625/P6375/P577
Q112247632,Inni,film,2011-01-01,Q254650,亞歷山德拉宮,51.594166666,-0.130833333,"Alexandra Palace, Alexandra Palace Way, Wood Green, London, Haringey, N22 7AY, England",,,tt2011232,78397,,https://www.wikidata.org/wiki/Q112247632,https://www.wikidata.org/wiki/Q254650,Wikidata P915/P625/P6375/P577
Q1961848,Instant Justice,film,1986-01-01,Q1410,直布罗陀,36.14,-5.35,,,,tt0093266,214521,,https://www.wikidata.org/wiki/Q1961848,https://www.wikidata.org/wiki/Q1410,Wikidata P915/P625/P6375/P577
Q6057633,Intimate Reflections,film,1975-01-01,Q84,伦敦,51.507222222,-0.1275,,,,tt0218352,1559173,,https://www.wikidata.org/wiki/Q6057633,https://www.wikidata.org/wiki/Q84,Wikidata P915/P625/P6375/P577
Q135088105,Iris,film,2025-06-24,Q84,伦敦,51.507222222,-0.1275,,,,tt37432030,1503364,,https://www.wikidata.org/wiki/Q135088105,https://www.wikidata.org/wiki/Q84,Wikidata P915/P625/P6375/P577
Q136379356,Jack of Spades,film,,Q22,苏格兰,57.0,-5.0,,,,tt37024725,,,https://www.wikidata.org/wiki/Q136379356,https://www.wikidata.org/wiki/Q22,Wikidata P915/P625/P6375/P577
Q6120037,Jacqueline,film,1956-01-01,Q661896,松木制片厂,51.548611111,-0.535,,,,tt0049377,233561,,https://www.wikidata.org/wiki/Q6120037,https://www.wikidata.org/wiki/Q661896,Wikidata P915/P625/P6375/P577
Q109766920,Jangle,film,,Q10690,加地夫,51.481666666,-3.179166666,,,,tt16248660,919736,,https://www.wikidata.org/wiki/Q109766920,https://www.wikidata.org/wiki/Q10690,Wikidata P915/P625/P6375/P577
Q6170404,Jean Charles,film,2009-06-26,Q84,伦敦,51.507222222,-0.1275,,,,tt0989007,28997,,https://www.wikidata.org/wiki/Q6170404,https://www.wikidata.org/wiki/Q84,Wikidata P915/P625/P6375/P577
Q117467730,Jeff Wayne's Musical Version of the War of the Worlds Alive on Stage! The New Generation,film,2013-05-01,Q5364202,西班牙電信英國公司體育館,51.502944444,0.003194444,,,,tt2916786,241428,,https://www.wikidata.org/wiki/Q117467730,https://www.wikidata.org/wiki/Q5364202,Wikidata P915/P625/P6375/P577
Q6182136,Jericho,film,1937-01-01,Q661896,松木制片厂,51.548611111,-0.535,,,,tt0029064,113749,,https://www.wikidata.org/wiki/Q6182136,https://www.wikidata.org/wiki/Q661896,Wikidata P915/P625/P6375/P577
Q2156798,Jew Suss,film,1934-01-01,Q84,伦敦,51.507222222,-0.1275,,,,tt0025329,172214,,https://www.wikidata.org/wiki/Q2156798,https://www.wikidata.org/wiki/Q84,Wikidata P915/P625/P6375/P577
Q6311308,Jumping for Joy,film,1956-01-01,Q661896,松木制片厂,51.548611111,-0.535,,,,tt0048237,466752,,https://www.wikidata.org/wiki/Q6311308,https://www.wikidata.org/wiki/Q661896,Wikidata P915/P625/P6375/P577
Q6316229,Just My Luck,film,1957-01-01,Q661896,松木制片厂,51.548611111,-0.535,,,,tt0050580,38381,,https://www.wikidata.org/wiki/Q6316229,https://www.wikidata.org/wiki/Q661896,Wikidata P915/P625/P6375/P577
Q3414832,Just like a Woman,film,1992-01-01,Q661896,松木制片厂,51.548611111,-0.535,,,,tt0104576,161780,,https://www.wikidata.org/wiki/Q3414832,https://www.wikidata.org/wiki/Q661896,Wikidata P915/P625/P6375/P577
Q662342,K-19：寡妇制造者,film,2002-01-01,Q661896,松木制片厂,51.548611111,-0.535,,,,tt0267626,8665,,https://www.wikidata.org/wiki/Q662342,https://www.wikidata.org/wiki/Q661896,Wikidata P915/P625/P6375/P577
Q6383084,Keep Smiling,film,1938-01-01,Q661896,松木制片厂,51.548611111,-0.535,,,,tt0031939,284662,,https://www.wikidata.org/wiki/Q6383084,https://www.wikidata.org/wiki/Q661896,Wikidata P915/P625/P6375/P577
Q6384646,Keith Lemon:电影,film,2012-01-01,Q84,伦敦,51.507222222,-0.1275,,,,tt2147365,118690,,https://www.wikidata.org/wiki/Q6384646,https://www.wikidata.org/wiki/Q84,Wikidata P915/P625/P6375/P577
Q6404367,Kicking the Moon Around,film,1938-01-01,Q661896,松木制片厂,51.548611111,-0.535,,,,tt0030319,259339,,https://www.wikidata.org/wiki/Q6404367,https://www.wikidata.org/wiki/Q661896,Wikidata P915/P625/P6375/P577
Q2073030,Kidnapped,film,1960-02-24,Q661896,松木制片厂,51.548611111,-0.535,,,,tt0053994,43037,,https://www.wikidata.org/wiki/Q2073030,https://www.wikidata.org/wiki/Q661896,Wikidata P915/P625/P6375/P577
Q4353419,Kidulthood,film,2006-03-03,Q84,伦敦,51.507222222,-0.1275,,,,tt0435680,13185,,https://www.wikidata.org/wiki/Q4353419,https://www.wikidata.org/wiki/Q84,Wikidata P915/P625/P6375/P577
Q832337,Kill Cruise,film,1990-01-01,Q1410,直布罗陀,36.14,-5.35,,,,tt0100633,12638,,https://www.wikidata.org/wiki/Q832337,https://www.wikidata.org/wiki/Q1410,Wikidata P915/P625/P6375/P577
Q6424778,Kochadaiyaan,film,2014-05-22,Q84,伦敦,51.507222222,-0.1275,,,,tt2339505,256968,,https://www.wikidata.org/wiki/Q6424778,https://www.wikidata.org/wiki/Q84,Wikidata P915/P625/P6375/P577
Q6424778,Kochadaiyaan,film,2014-05-22,Q661896,松木制片厂,51.548611111,-0.535,,,,tt2339505,256968,,https://www.wikidata.org/wiki/Q6424778,https://www.wikidata.org/wiki/Q661896,Wikidata P915/P625/P6375/P577
Q502908,LIS太空號,film,1998-01-01,Q84,伦敦,51.507222222,-0.1275,,,,tt0120738,2157,,https://www.wikidata.org/wiki/Q502908,https://www.wikidata.org/wiki/Q84,Wikidata P915/P625/P6375/P577
Q6483026,Lancashire Luck,film,1937-01-01,Q661896,松木制片厂,51.548611111,-0.535,,,,tt0029107,1474196,,https://www.wikidata.org/wiki/Q6483026,https://www.wikidata.org/wiki/Q661896,Wikidata P915/P625/P6375/P577
Q105299158,Land of Hope and Glory,film,2017-01-01,Q145,英国,54.6,-2.0,,,,tt7214598,469116,,https://www.wikidata.org/wiki/Q105299158,https://www.wikidata.org/wiki/Q145,Wikidata P915/P625/P6375/P577
Q6495199,Late Bloomers,film,2011-01-01,Q84,伦敦,51.507222222,-0.1275,,,,tt1572502,79995,,https://www.wikidata.org/wiki/Q6495199,https://www.wikidata.org/wiki/Q84,Wikidata P915/P625/P6375/P577
Q3227413,Le stade de Wimbledon,film,2002-01-01,Q2603183,中央球場 (溫布頓),51.433722,-0.214056,,,,tt0254791,125848,,https://www.wikidata.org/wiki/Q3227413,https://www.wikidata.org/wiki/Q2603183,Wikidata P915/P625/P6375/P577
Q3227413,Le stade de Wimbledon,film,2002-01-01,Q146659,克拉珀姆,51.463230555,-0.133938888,,,,tt0254791,125848,,https://www.wikidata.org/wiki/Q3227413,https://www.wikidata.org/wiki/Q146659,Wikidata P915/P625/P6375/P577
Q3227413,Le stade de Wimbledon,film,2002-01-01,Q146667,斯特里漢姆,51.4279,-0.1235,,,,tt0254791,125848,,https://www.wikidata.org/wiki/Q3227413,https://www.wikidata.org/wiki/Q146667,Wikidata P915/P625/P6375/P577
Q3227413,Le stade de Wimbledon,film,2002-01-01,Q736742,温布尔登,51.4235,-0.2171,,,,tt0254791,125848,,https://www.wikidata.org/wiki/Q3227413,https://www.wikidata.org/wiki/Q736742,Wikidata P915/P625/P6375/P577
Q3227413,Le stade de Wimbledon,film,2002-01-01,Q1974778,溫布頓公園站,51.43405,-0.19904,,,,tt0254791,125848,,https://www.wikidata.org/wiki/Q3227413,https://www.wikidata.org/wiki/Q1974778,Wikidata P915/P625/P6375/P577
Q6517827,Legend of the Werewolf,film,1975-01-01,Q661896,松木制片厂,51.548611111,-0.535,,,,tt0073275,42333,,https://www.wikidata.org/wiki/Q6517827,https://www.wikidata.org/wiki/Q661896,Wikidata P915/P625/P6375/P577
Q2822910,Life for Ruth,film,1962-01-01,Q661896,松木制片厂,51.548611111,-0.535,,,,tt0056181,173937,,https://www.wikidata.org/wiki/Q2822910,https://www.wikidata.org/wiki/Q661896,Wikidata P915/P625/P6375/P577
Q12125730,Lightning Conductor,film,1938-01-01,Q661896,松木制片厂,51.548611111,-0.535,,,,tt0030367,,,https://www.wikidata.org/wiki/Q12125730,https://www.wikidata.org/wiki/Q661896,Wikidata P915/P625/P6375/P577
Q6655226,Live It Up!,film,1963-01-01,Q661896,松木制片厂,51.548611111,-0.535,,,,tt0057504,241760,,https://www.wikidata.org/wiki/Q6655226,https://www.wikidata.org/wiki/Q661896,Wikidata P915/P625/P6375/P577
Q20831158,Live at the Royal Albert Hall,film,2015-09-10,Q193639,皇家阿尔伯特音乐厅,51.50105,-0.17748,,,,tt5368296,368692,,https://www.wikidata.org/wiki/Q20831158,https://www.wikidata.org/wiki/Q193639,Wikidata P915/P625/P6375/P577
Q3760601,Live in London,film,2009-12-07,Q1130746,伯爵宫展览中心,51.488888888,-0.197777777,,,,tt1418353,26695,,https://www.wikidata.org/wiki/Q3760601,https://www.wikidata.org/wiki/Q1130746,Wikidata P915/P625/P6375/P577
Q6669761,London,film,2005-01-01,Q84,伦敦,51.507222222,-0.1275,,,,tt1499272,277883,,https://www.wikidata.org/wiki/Q6669761,https://www.wikidata.org/wiki/Q84,Wikidata P915/P625/P6375/P577
Q1937179,London Belongs to Me,film,1948-01-01,Q661896,松木制片厂,51.548611111,-0.535,,,,tt0040548,130649,,https://www.wikidata.org/wiki/Q1937179,https://www.wikidata.org/wiki/Q661896,Wikidata P915/P625/P6375/P577
Q6670579,London Melody,film,1937-01-01,Q661896,松木制片厂,51.548611111,-0.535,,,,tt0029160,253928,,https://www.wikidata.org/wiki/Q6670579,https://www.wikidata.org/wiki/Q661896,Wikidata P915/P625/P6375/P577
Q29591040,Luna,film,2014-01-01,Q674940,北德文區,51.081,-4.058,,,,tt1695388,284304,,https://www.wikidata.org/wiki/Q29591040,https://www.wikidata.org/wiki/Q674940,Wikidata P915/P625/P6375/P577
Q6725903,Mad About Men,film,1954-01-01,Q661896,松木制片厂,51.548611111,-0.535,,,,tt0047199,112049,,https://www.wikidata.org/wiki/Q6725903,https://www.wikidata.org/wiki/Q661896,Wikidata P915/P625/P6375/P577
Q6726728,Made in Heaven,film,1952-01-01,Q661896,松木制片厂,51.548611111,-0.535,,,,tt0044864,121700,,https://www.wikidata.org/wiki/Q6726728,https://www.wikidata.org/wiki/Q661896,Wikidata P915/P625/P6375/P577
Q2656457,Madeleine,film,1950-01-01,Q661896,松木制片厂,51.548611111,-0.535,,,,tt0042700,46995,,https://www.wikidata.org/wiki/Q2656457,https://www.wikidata.org/wiki/Q661896,Wikidata P915/P625/P6375/P577
Q2656457,Madeleine,film,1950-01-01,Q23436,爱丁堡,55.953333333,-3.189166666,,,,tt0042700,46995,,https://www.wikidata.org/wiki/Q2656457,https://www.wikidata.org/wiki/Q23436,Wikidata P915/P625/P6375/P577
Q16997182,Magik,film,2015-01-01,Q84,伦敦,51.507222222,-0.1275,,,,tt1713496,,,https://www.wikidata.org/wiki/Q16997182,https://www.wikidata.org/wiki/Q84,Wikidata P915/P625/P6375/P577
Q6739042,Make Mine Mink,film,1960-01-01,Q661896,松木制片厂,51.548611111,-0.535,,,,tt0054049,44023,,https://www.wikidata.org/wiki/Q6739042,https://www.wikidata.org/wiki/Q661896,Wikidata P915/P625/P6375/P577
Q12126005,Man in the Moon,film,1960-01-01,Q661896,松木制片厂,51.548611111,-0.535,,,,tt0055133,92301,,https://www.wikidata.org/wiki/Q12126005,https://www.wikidata.org/wiki/Q661896,Wikidata P915/P625/P6375/P577
Q4210005,Man of the Moment,film,1955-01-01,Q661896,松木制片厂,51.548611111,-0.535,,,,tt0048346,38382,,https://www.wikidata.org/wiki/Q4210005,https://www.wikidata.org/wiki/Q661896,Wikidata P915/P625/P6375/P577
Q1182497,Marat/Sade,film,1966-01-01,Q661896,松木制片厂,51.548611111,-0.535,,,,tt0060668,44258,,https://www.wikidata.org/wiki/Q1182497,https://www.wikidata.org/wiki/Q661896,Wikidata P915/P625/P6375/P577
Q23660760,Maremmamara,film,2016-01-01,Q84,伦敦,51.507222222,-0.1275,,,,tt4246364,558447,,https://www.wikidata.org/wiki/Q23660760,https://www.wikidata.org/wiki/Q84,Wikidata P915/P625/P6375/P577
Q62075863,Margolaria (The Painter),film,2018-09-01,Q84,伦敦,51.507222222,-0.1275,,,,tt8903524,588892,,https://www.wikidata.org/wiki/Q62075863,https://www.wikidata.org/wiki/Q84,Wikidata P915/P625/P6375/P577
Q6785470,Masters of Venus,film,1962-01-01,Q661896,松木制片厂,51.548611111,-0.535,,,,tt0056229,257804,,https://www.wikidata.org/wiki/Q6785470,https://www.wikidata.org/wiki/Q661896,Wikidata P915/P625/P6375/P577
Q6802741,McVicar,film,1980-01-01,Q661896,松木制片厂,51.548611111,-0.535,,,,tt0081144,38539,,https://www.wikidata.org/wiki/Q6802741,https://www.wikidata.org/wiki/Q661896,Wikidata P915/P625/P6375/P577
Q131782175,Meat Puppet,film,2024-03-10,Q145,英国,54.6,-2.0,,,,tt30835426,1242721,,https://www.wikidata.org/wiki/Q131782175,https://www.wikidata.org/wiki/Q145,Wikidata P915/P625/P6375/P577
Q6807464,Mee-Shee: The Water Giant,film,2005-01-01,Q661896,松木制片厂,51.548611111,-0.535,,,,tt0243462,60596,,https://www.wikidata.org/wiki/Q6807464,https://www.wikidata.org/wiki/Q661896,Wikidata P915/P625/P6375/P577
Q6807763,Meet Me Tonight,film,1952-01-01,Q661896,松木制片厂,51.548611111,-0.535,,,,tt0045243,168315,,https://www.wikidata.org/wiki/Q6807763,https://www.wikidata.org/wiki/Q661896,Wikidata P915/P625/P6375/P577
Q1844760,Meeting People Is Easy,film,1998-01-01,Q84,伦敦,51.507222222,-0.1275,,,,tt0195909,19362,,https://www.wikidata.org/wiki/Q1844760,https://www.wikidata.org/wiki/Q84,Wikidata P915/P625/P6375/P577
Q3282889,Meetings with Remarkable Men,film,1979-02-01,Q661896,松木制片厂,51.548611111,-0.535,,,,tt0079542,108758,,https://www.wikidata.org/wiki/Q3282889,https://www.wikidata.org/wiki/Q661896,Wikidata P915/P625/P6375/P577
Q6842728,Midnight Menace,film,1937-01-01,Q661896,松木制片厂,51.548611111,-0.535,,,,tt0029240,246883,,https://www.wikidata.org/wiki/Q6842728,https://www.wikidata.org/wiki/Q661896,Wikidata P915/P625/P6375/P577
Q24886838,"Missing, Believed Married",film,1937-09-24,Q661896,松木制片厂,51.548611111,-0.535,,,,tt0029254,547737,,https://www.wikidata.org/wiki/Q24886838,https://www.wikidata.org/wiki/Q661896,Wikidata P915/P625/P6375/P577
Q6880217,Mister Quilp,film,1975-01-01,Q661896,松木制片厂,51.548611111,-0.535,,,,tt0073480,243717,,https://www.wikidata.org/wiki/Q6880217,https://www.wikidata.org/wiki/Q661896,Wikidata P915/P625/P6375/P577
Q6887968,Mod Fuck Explosion,film,1994-01-01,Q84,伦敦,51.507222222,-0.1275,,,,tt0107587,250586,,https://www.wikidata.org/wiki/Q6887968,https://www.wikidata.org/wiki/Q84,Wikidata P915/P625/P6375/P577
Q20022642,Mr. Smith Carries On,film,1937-09-01,Q661896,松木制片厂,51.548611111,-0.535,,,,tt0029268,,,https://www.wikidata.org/wiki/Q20022642,https://www.wikidata.org/wiki/Q661896,Wikidata P915/P625/P6375/P577
Q64242452,Mrs Lowry & Son,film,2019-06-01,Q84,伦敦,51.507222222,-0.1275,,,,tt7590074,604298,,https://www.wikidata.org/wiki/Q64242452,https://www.wikidata.org/wiki/Q84,Wikidata P915/P625/P6375/P577
Q64242452,Mrs Lowry & Son,film,2019-06-01,Q18125,曼彻斯特,53.466666666,-2.233333333,,,,tt7590074,604298,,https://www.wikidata.org/wiki/Q64242452,https://www.wikidata.org/wiki/Q18125,Wikidata P915/P625/P6375/P577
Q263006,Mujhse Dosti Karoge!,film,2002-01-01,Q84,伦敦,51.507222222,-0.1275,,,,tt0272736,26277,,https://www.wikidata.org/wiki/Q263006,https://www.wikidata.org/wiki/Q84,Wikidata P915/P625/P6375/P577
Q115858658,My Journey to Life: On the Trail of Celtic Saints,film,2010-01-01,Q22,苏格兰,57.0,-5.0,,,,tt1673422,,,https://www.wikidata.org/wiki/Q115858658,https://www.wikidata.org/wiki/Q22,Wikidata P915/P625/P6375/P577
Q115858658,My Journey to Life: On the Trail of Celtic Saints,film,2010-01-01,Q21,英格兰,53.0,-1.0,,,,tt1673422,,,https://www.wikidata.org/wiki/Q115858658,https://www.wikidata.org/wiki/Q21,Wikidata P915/P625/P6375/P577
Q6956300,N is a Number: A Portrait of Paul Erdős,film,1993-01-01,Q332342,剑桥大学三一学院,52.206944444,0.116944444,,,,tt0125425,76102,,https://www.wikidata.org/wiki/Q6956300,https://www.wikidata.org/wiki/Q332342,Wikidata P915/P625/P6375/P577
Q4373818,National Lampoon's Last Resort,film,1994-01-01,Q5785,开曼群岛,19.5,-80.5,,,,tt0110629,49338,,https://www.wikidata.org/wiki/Q4373818,https://www.wikidata.org/wiki/Q5785,Wikidata P915/P625/P6375/P577
Q1756853,Never Let Go,film,1960-01-01,Q661896,松木制片厂,51.548611111,-0.535,,,,tt0054115,36631,,https://www.wikidata.org/wiki/Q1756853,https://www.wikidata.org/wiki/Q661896,Wikidata P915/P625/P6375/P577
Q7004164,Never Mind the Quality Feel the Width,film,1973-01-01,Q661896,松木制片厂,51.548611111,-0.535,,,,tt1221361,325458,,https://www.wikidata.org/wiki/Q7004164,https://www.wikidata.org/wiki/Q661896,Wikidata P915/P625/P6375/P577
Q7004404,Neverland,film,2003-01-01,Q661896,松木制片厂,51.548611111,-0.535,,,,tt0349880,39198,,https://www.wikidata.org/wiki/Q7004404,https://www.wikidata.org/wiki/Q661896,Wikidata P915/P625/P6375/P577
Q134608416,Next to Normal,film,2025-05-09,Q931899,溫德姆劇院,51.5111,-0.128222,"Charing Cross Road, London, Westminster, WC2H 0DA, England",,,tt37835599 | tt8069966,1228596,,https://www.wikidata.org/wiki/Q134608416,https://www.wikidata.org/wiki/Q931899,Wikidata P915/P625/P6375/P577
Q25136827,Night Ride,film,1937-06-01,Q661896,松木制片厂,51.548611111,-0.535,,,,tt0159597,322107,,https://www.wikidata.org/wiki/Q25136827,https://www.wikidata.org/wiki/Q661896,Wikidata P915/P625/P6375/P577
Q7044328,No Kidding,film,1960-01-01,Q661896,松木制片厂,51.548611111,-0.535,,,,tt0053648,94131,,https://www.wikidata.org/wiki/Q7044328,https://www.wikidata.org/wiki/Q661896,Wikidata P915/P625/P6375/P577
Q7044600,No My Darling Daughter,film,1961-01-01,Q661896,松木制片厂,51.548611111,-0.535,,,,tt0055235,227664,,https://www.wikidata.org/wiki/Q7044600,https://www.wikidata.org/wiki/Q661896,Wikidata P915/P625/P6375/P577
Q6049369,Oh My God,film,2009-10-16,Q84,伦敦,51.507222222,-0.1275,,,,tt1326954,38931,,https://www.wikidata.org/wiki/Q6049369,https://www.wikidata.org/wiki/Q84,Wikidata P915/P625/P6375/P577
Q3352307,On the Beat,film,1962-01-01,Q661896,松木制片厂,51.548611111,-0.535,,,,tt0056307,38384,,https://www.wikidata.org/wiki/Q3352307,https://www.wikidata.org/wiki/Q661896,Wikidata P915/P625/P6375/P577
Q7091817,Once Upon a Dream,film,1949-01-01,Q661896,松木制片厂,51.548611111,-0.535,,,,tt0039679,336141,,https://www.wikidata.org/wiki/Q7091817,https://www.wikidata.org/wiki/Q661896,Wikidata P915/P625/P6375/P577
Q7092679,One Good Turn,film,1955-01-01,Q661896,松木制片厂,51.548611111,-0.535,,,,tt0047298,38385,,https://www.wikidata.org/wiki/Q7092679,https://www.wikidata.org/wiki/Q661896,Wikidata P915/P625/P6375/P577
Q17426181,One Night in Turin,film,2010-05-19,Q84,伦敦,51.507222222,-0.1275,,,,tt1626175,45374,,https://www.wikidata.org/wiki/Q17426181,https://www.wikidata.org/wiki/Q84,Wikidata P915/P625/P6375/P577
Q1549606,One of Our Dinosaurs Is Missing,film,1975-07-09,Q661896,松木制片厂,51.548611111,-0.535,,,,tt0075016,29694,,https://www.wikidata.org/wiki/Q1549606,https://www.wikidata.org/wiki/Q661896,Wikidata P915/P625/P6375/P577
Q18655611,Our Colonial Hangover,film,2014-01-01,Q21,英格兰,53.0,-1.0,,,,tt4132226,307078,,https://www.wikidata.org/wiki/Q18655611,https://www.wikidata.org/wiki/Q21,Wikidata P915/P625/P6375/P577
Q7110631,Our Fighting Navy,film,1937-01-01,Q661896,松木制片厂,51.548611111,-0.535,,,,tt0029357,292738,,https://www.wikidata.org/wiki/Q7110631,https://www.wikidata.org/wiki/Q661896,Wikidata P915/P625/P6375/P577
Q47492499,POKÉMON 名偵探皮卡丘,film,2019-05-03,Q84,伦敦,51.507222222,-0.1275,,,,tt5884052,447404,,https://www.wikidata.org/wiki/Q47492499,https://www.wikidata.org/wiki/Q84,Wikidata P915/P625/P6375/P577
Q3791672,Passage Home,film,1955-01-01,Q661896,松木制片厂,51.548611111,-0.535,,,,tt0048470,259579,,https://www.wikidata.org/wiki/Q3791672,https://www.wikidata.org/wiki/Q661896,Wikidata P915/P625/P6375/P577
Q43911,Penny Gold,film,1974-01-01,Q661896,松木制片厂,51.548611111,-0.535,,,,tt0070524,205082,,https://www.wikidata.org/wiki/Q43911,https://www.wikidata.org/wiki/Q661896,Wikidata P915/P625/P6375/P577
Q7167979,Perfect Friday,film,1970-09-08,Q661896,松木制片厂,51.548611111,-0.535,,,,tt0066212,91583,,https://www.wikidata.org/wiki/Q7167979,https://www.wikidata.org/wiki/Q661896,Wikidata P915/P625/P6375/P577
Q7170051,Persecution,film,1974-01-01,Q661896,松木制片厂,51.548611111,-0.535,,,,tt0071988,97345,,https://www.wikidata.org/wiki/Q7170051,https://www.wikidata.org/wiki/Q661896,Wikidata P915/P625/P6375/P577
Q7170471,Personal Affair,film,1953-01-01,Q661896,松木制片厂,51.548611111,-0.535,,,,tt0046181,106477,,https://www.wikidata.org/wiki/Q7170471,https://www.wikidata.org/wiki/Q661896,Wikidata P915/P625/P6375/P577
Q7190568,Piccadilly Third Stop,film,1960-01-01,Q661896,松木制片厂,51.548611111,-0.535,,,,tt0054181,187592,,https://www.wikidata.org/wiki/Q7190568,https://www.wikidata.org/wiki/Q661896,Wikidata P915/P625/P6375/P577
Q17017833,Play Up the Band,film,1935-01-01,Q84,伦敦,51.507222222,-0.1275,,,,tt0168127,232417,,https://www.wikidata.org/wiki/Q17017833,https://www.wikidata.org/wiki/Q84,Wikidata P915/P625/P6375/P577
Q7204243,Please Sir!,film,1971-01-01,Q661896,松木制片厂,51.548611111,-0.535,,,,tt0067591,53062,,https://www.wikidata.org/wiki/Q7204243,https://www.wikidata.org/wiki/Q661896,Wikidata P915/P625/P6375/P577
Q7207417,Poet's Pub,film,1949-01-01,Q661896,松木制片厂,51.548611111,-0.535,,,,tt0041754,252753,,https://www.wikidata.org/wiki/Q7207417,https://www.wikidata.org/wiki/Q661896,Wikidata P915/P625/P6375/P577
Q7240098,Prelude to Fame,film,1950-05-02,Q661896,松木制片厂,51.548611111,-0.535,,,,tt0042856,210715,,https://www.wikidata.org/wiki/Q7240098,https://www.wikidata.org/wiki/Q661896,Wikidata P915/P625/P6375/P577
Q7242271,Pretty Polly,film,1967-01-01,Q661896,松木制片厂,51.548611111,-0.535,,,,tt0061960,424757,,https://www.wikidata.org/wiki/Q7242271,https://www.wikidata.org/wiki/Q661896,Wikidata P915/P625/P6375/P577
Q107985684,Q107985684,film,2016-12-11,Q84,伦敦,51.507222222,-0.1275,,,,,,,https://www.wikidata.org/wiki/Q107985684,https://www.wikidata.org/wiki/Q84,Wikidata P915/P625/P6375/P577
Q107985684,Q107985684,film,2016-12-11,Q189288,埃文河畔斯特拉特福,52.192777777,-1.706388888,,,,,,,https://www.wikidata.org/wiki/Q107985684,https://www.wikidata.org/wiki/Q189288,Wikidata P915/P625/P6375/P577
Q138987337,Q138987337,film,2017-07-01,Q84,伦敦,51.507222222,-0.1275,,,,tt8242908,1215941,,https://www.wikidata.org/wiki/Q138987337,https://www.wikidata.org/wiki/Q84,Wikidata P915/P625/P6375/P577
Q137695961,Quando Se É Jovem,film,2025-07-31,Q84,伦敦,51.507222222,-0.1275,,,,tt40205851,1639008,,https://www.wikidata.org/wiki/Q137695961,https://www.wikidata.org/wiki/Q84,Wikidata P915/P625/P6375/P577
Q7271478,Quest for Love,film,1971-01-01,Q661896,松木制片厂,51.548611111,-0.535,,,,tt0067645,114201,,https://www.wikidata.org/wiki/Q7271478,https://www.wikidata.org/wiki/Q661896,Wikidata P915/P625/P6375/P577
Q7285173,Raising the Wind,film,1961-01-01,Q661896,松木制片厂,51.548611111,-0.535,,,,tt0055354,47834,,https://www.wikidata.org/wiki/Q7285173,https://www.wikidata.org/wiki/Q661896,Wikidata P915/P625/P6375/P577
Q12449624,Ramji Londonwaley,film,2005-01-01,Q84,伦敦,51.507222222,-0.1275,,,,tt0476848,258688,,https://www.wikidata.org/wiki/Q12449624,https://www.wikidata.org/wiki/Q84,Wikidata P915/P625/P6375/P577
Q7316542,Resurrection Man,film,1998-02-13,Q24826,利物浦,53.407222222,-2.991666666,,,,tt0140508,136134,,https://www.wikidata.org/wiki/Q7316542,https://www.wikidata.org/wiki/Q24826,Wikidata P915/P625/P6375/P577
Q7316542,Resurrection Man,film,1998-02-13,Q18125,曼彻斯特,53.466666666,-2.233333333,,,,tt0140508,136134,,https://www.wikidata.org/wiki/Q7316542,https://www.wikidata.org/wiki/Q18125,Wikidata P915/P625/P6375/P577
Q7316542,Resurrection Man,film,1998-02-13,Q215733,沃灵顿,53.38732,-2.60288,,,,tt0140508,136134,,https://www.wikidata.org/wiki/Q7316542,https://www.wikidata.org/wiki/Q215733,Wikidata P915/P625/P6375/P577
Q7317890,Revenge,film,1971-01-01,Q661896,松木制片厂,51.548611111,-0.535,,,,tt0067248,87789,,https://www.wikidata.org/wiki/Q7317890,https://www.wikidata.org/wiki/Q661896,Wikidata P915/P625/P6375/P577
Q2159973,Robinson Crusoe on Sin Island,film,2005-09-19,Q84,伦敦,51.507222222,-0.1275,,,,tt1065314,39648,,https://www.wikidata.org/wiki/Q2159973,https://www.wikidata.org/wiki/Q84,Wikidata P915/P625/P6375/P577
Q107072164,Rogue Agent,film,2022-07-27,Q84,伦敦,51.507222222,-0.1275,,,,tt9731386,846956,,https://www.wikidata.org/wiki/Q107072164,https://www.wikidata.org/wiki/Q84,Wikidata P915/P625/P6375/P577
Q7392119,SOS Pacific,film,1959-01-01,Q661896,松木制片厂,51.548611111,-0.535,,,,tt0053234,71991,,https://www.wikidata.org/wiki/Q7392119,https://www.wikidata.org/wiki/Q661896,Wikidata P915/P625/P6375/P577
Q18486021,STAR WARS：最後的絕地武士,film,2017-12-09,Q661896,松木制片厂,51.548611111,-0.535,,,,tt2527336,181808,,https://www.wikidata.org/wiki/Q18486021,https://www.wikidata.org/wiki/Q661896,Wikidata P915/P625/P6375/P577
Q7400196,Sailing Along,film,1938-01-01,Q661896,松木制片厂,51.548611111,-0.535,,,,tt0030708,210718,,https://www.wikidata.org/wiki/Q7400196,https://www.wikidata.org/wiki/Q661896,Wikidata P915/P625/P6375/P577
Q7401185,Saint Dracula 3D,film,2012-11-23,Q3395336,Gwrych Castle,53.28353961,-3.609589,"Gwrych Castle, Llanddulas Road, Abergele, Conwy, North Wales, LL22 8ET",,,tt2184267,149233,,https://www.wikidata.org/wiki/Q7401185,https://www.wikidata.org/wiki/Q3395336,Wikidata P915/P625/P6375/P577
Q7401185,Saint Dracula 3D,film,2012-11-23,Q84,伦敦,51.507222222,-0.1275,,,,tt2184267,149233,,https://www.wikidata.org/wiki/Q7401185,https://www.wikidata.org/wiki/Q84,Wikidata P915/P625/P6375/P577
Q7401185,Saint Dracula 3D,film,2012-11-23,Q24826,利物浦,53.407222222,-2.991666666,,,,tt2184267,149233,,https://www.wikidata.org/wiki/Q7401185,https://www.wikidata.org/wiki/Q24826,Wikidata P915/P625/P6375/P577
Q128787400,Saipan,film,2025-09-04,Q10686,贝尔法斯特,54.596666666,-5.93,,,,tt33093531,1322692,,https://www.wikidata.org/wiki/Q128787400,https://www.wikidata.org/wiki/Q10686,Wikidata P915/P625/P6375/P577
Q67619255,Sand and Fire,film,2019-09-18,Q21,英格兰,53.0,-1.0,,,,tt7724494,622748,,https://www.wikidata.org/wiki/Q67619255,https://www.wikidata.org/wiki/Q21,Wikidata P915/P625/P6375/P577
Q87908786,Scheme Birds,film,2019-01-01,Q737547,马瑟韦尔,55.789166666,-3.995555555,,,,tt7511320,597616,,https://www.wikidata.org/wiki/Q87908786,https://www.wikidata.org/wiki/Q737547,Wikidata P915/P625/P6375/P577
Q106159613,Seaspiracy,film,2021-03-24,Q22,苏格兰,57.0,-5.0,,,,tt14152756,801058,,https://www.wikidata.org/wiki/Q106159613,https://www.wikidata.org/wiki/Q22,Wikidata P915/P625/P6375/P577
Q3235471,Seven Thunders,film,1957-01-01,Q661896,松木制片厂,51.548611111,-0.535,,,,tt0050174,137603,,https://www.wikidata.org/wiki/Q3235471,https://www.wikidata.org/wiki/Q661896,Wikidata P915/P625/P6375/P577
Q2276148,Shaadi Karke Phas Gaya Yaar,film,2006-01-01,Q84,伦敦,51.507222222,-0.1275,,,,tt0430589,161205,,https://www.wikidata.org/wiki/Q2276148,https://www.wikidata.org/wiki/Q84,Wikidata P915/P625/P6375/P577
Q16254174,Shongram,film,2014-01-01,Q84,伦敦,51.507222222,-0.1275,,,,tt3009068,320432,,https://www.wikidata.org/wiki/Q16254174,https://www.wikidata.org/wiki/Q84,Wikidata P915/P625/P6375/P577
Q7516013,Silver Dream Racer,film,1980-01-01,Q661896,松木制片厂,51.548611111,-0.535,,,,tt0081517,31972,,https://www.wikidata.org/wiki/Q7516013,https://www.wikidata.org/wiki/Q661896,Wikidata P915/P625/P6375/P577
Q97581018,Simulation Theory Film,film,2020-08-17,Q5364202,西班牙電信英國公司體育館,51.502944444,0.003194444,,,,tt12874840,731971,,https://www.wikidata.org/wiki/Q97581018,https://www.wikidata.org/wiki/Q5364202,Wikidata P915/P625/P6375/P577
Q7533157,Sixth Happiness,film,1997-01-01,Q84,伦敦,51.507222222,-0.1275,,,,tt0127289,264157,,https://www.wikidata.org/wiki/Q7533157,https://www.wikidata.org/wiki/Q84,Wikidata P915/P625/P6375/P577
Q1090737,Skagerrak,film,2003-03-14,Q23436,爱丁堡,55.953333333,-3.189166666,,,,tt0338440,55179,,https://www.wikidata.org/wiki/Q1090737,https://www.wikidata.org/wiki/Q23436,Wikidata P915/P625/P6375/P577
Q7534711,Sket,film,2011-01-01,Q84,伦敦,51.507222222,-0.1275,,,,tt1658820,92391,,https://www.wikidata.org/wiki/Q7534711,https://www.wikidata.org/wiki/Q84,Wikidata P915/P625/P6375/P577
Q12127522,Sky West and Crooked,film,1965-01-01,Q661896,松木制片厂,51.548611111,-0.535,,,,tt0060484,192990,,https://www.wikidata.org/wiki/Q12127522,https://www.wikidata.org/wiki/Q661896,Wikidata P915/P625/P6375/P577
Q12127543,Smash and Grab,film,1937-01-01,Q661896,松木制片厂,51.548611111,-0.535,,,,tt0033813,370127,,https://www.wikidata.org/wiki/Q12127543,https://www.wikidata.org/wiki/Q661896,Wikidata P915/P625/P6375/P577
Q3482816,So Long at the Fair,film,1950-01-01,Q661896,松木制片厂,51.548611111,-0.535,,,,tt0042980,67411,,https://www.wikidata.org/wiki/Q3482816,https://www.wikidata.org/wiki/Q661896,Wikidata P915/P625/P6375/P577
Q7549542,So This Is London,film,1939-01-01,Q661896,松木制片厂,51.548611111,-0.535,,,,tt0033068,342711,,https://www.wikidata.org/wiki/Q7549542,https://www.wikidata.org/wiki/Q661896,Wikidata P915/P625/P6375/P577
Q7559676,Someone Else,film,2006-01-01,Q84,伦敦,51.507222222,-0.1275,,,,tt0773309,85397,,https://www.wikidata.org/wiki/Q7559676,https://www.wikidata.org/wiki/Q84,Wikidata P915/P625/P6375/P577
Q2424215,Somers Town,film,2008-01-01,Q84,伦敦,51.507222222,-0.1275,,,,tt1172206,14298,,https://www.wikidata.org/wiki/Q2424215,https://www.wikidata.org/wiki/Q84,Wikidata P915/P625/P6375/P577
Q7560135,Something Money Can't Buy,film,1952-01-01,Q661896,松木制片厂,51.548611111,-0.535,,,,tt0045172,789437,,https://www.wikidata.org/wiki/Q7560135,https://www.wikidata.org/wiki/Q661896,Wikidata P915/P625/P6375/P577
Q7572474,Space Riders,film,1984-01-01,Q84,伦敦,51.507222222,-0.1275,,,,tt0316649,7273,,https://www.wikidata.org/wiki/Q7572474,https://www.wikidata.org/wiki/Q84,Wikidata P915/P625/P6375/P577
Q7578589,Splinters in the Air,film,1937-01-01,Q661896,松木制片厂,51.548611111,-0.535,,,,tt0169263,1225965,,https://www.wikidata.org/wiki/Q7578589,https://www.wikidata.org/wiki/Q661896,Wikidata P915/P625/P6375/P577
Q17426191,Staggered,film,1994-01-01,Q84,伦敦,51.507222222,-0.1275,,,,tt0111275,54804,,https://www.wikidata.org/wiki/Q17426191,https://www.wikidata.org/wiki/Q84,Wikidata P915/P625/P6375/P577
Q17426191,Staggered,film,1994-01-01,Q223212,巴拉岛,56.983333333,-7.466666666,,,,tt0111275,54804,,https://www.wikidata.org/wiki/Q17426191,https://www.wikidata.org/wiki/Q223212,Wikidata P915/P625/P6375/P577
Q17426191,Staggered,film,1994-01-01,Q1425428,泰恩河畔纽卡斯尔,54.977777777,-1.613333333,,,,tt0111275,54804,,https://www.wikidata.org/wiki/Q17426191,https://www.wikidata.org/wiki/Q1425428,Wikidata P915/P625/P6375/P577
Q17426191,Staggered,film,1994-01-01,Q23298,肯特郡,51.19,0.73,,,,tt0111275,54804,,https://www.wikidata.org/wiki/Q17426191,https://www.wikidata.org/wiki/Q23298,Wikidata P915/P625/P6375/P577
Q7618619,Stolen Life,film,1939-01-01,Q661896,松木制片厂,51.548611111,-0.535,,,,tt0031979,256093,,https://www.wikidata.org/wiki/Q7618619,https://www.wikidata.org/wiki/Q661896,Wikidata P915/P625/P6375/P577
Q7619745,Stop Press Girl,film,1949-01-01,Q661896,松木制片厂,51.548611111,-0.535,,,,tt0041919,254281,,https://www.wikidata.org/wiki/Q7619745,https://www.wikidata.org/wiki/Q661896,Wikidata P915/P625/P6375/P577
Q2229598,Stormforce,film,2006-01-01,Q661896,松木制片厂,51.548611111,-0.535,,,,tt0480854,17902,,https://www.wikidata.org/wiki/Q2229598,https://www.wikidata.org/wiki/Q661896,Wikidata P915/P625/P6375/P577
Q7621343,Strange Boarders,film,1938-01-01,Q661896,松木制片厂,51.548611111,-0.535,,,,tt0030803,341028,,https://www.wikidata.org/wiki/Q7621343,https://www.wikidata.org/wiki/Q661896,Wikidata P915/P625/P6375/P577
Q7623784,Strike It Rich,film,1990-01-01,Q661896,松木制片厂,51.548611111,-0.535,,,,tt0100708,123781,,https://www.wikidata.org/wiki/Q7623784,https://www.wikidata.org/wiki/Q661896,Wikidata P915/P625/P6375/P577
Q7641378,Sunset in Vienna,film,1937-01-01,Q661896,松木制片厂,51.548611111,-0.535,,,,tt0029619,,,https://www.wikidata.org/wiki/Q7641378,https://www.wikidata.org/wiki/Q661896,Wikidata P915/P625/P6375/P577
Q124556279,Surprised by Oxford,film,2022-10-08,Q34433,牛津大学,51.755,-1.255,"University of Oxford, University Offices, Wellington Square, Oxford, Oxfordshire, OX1 2JD",,,tt8891560,988452,,https://www.wikidata.org/wiki/Q124556279,https://www.wikidata.org/wiki/Q34433,Wikidata P915/P625/P6375/P577
Q3505719,Suspension of Disbelief,film,2012-11-12,Q84,伦敦,51.507222222,-0.1275,,,,tt2265565,204761,,https://www.wikidata.org/wiki/Q3505719,https://www.wikidata.org/wiki/Q84,Wikidata P915/P625/P6375/P577
Q7677753,Take My Life,film,1947-01-01,Q661896,松木制片厂,51.548611111,-0.535,,,,tt0039883,126923,,https://www.wikidata.org/wiki/Q7677753,https://www.wikidata.org/wiki/Q661896,Wikidata P915/P625/P6375/P577
Q7679685,Talk of the Devil,film,1936-01-01,Q661896,松木制片厂,51.548611111,-0.535,,,,tt0029637,578806,,https://www.wikidata.org/wiki/Q7679685,https://www.wikidata.org/wiki/Q661896,Wikidata P915/P625/P6375/P577
Q7682977,Tangiers,film,1982-01-01,Q1410,直布罗陀,36.14,-5.35,,,,tt0084763,174626,,https://www.wikidata.org/wiki/Q7682977,https://www.wikidata.org/wiki/Q1410,Wikidata P915/P625/P6375/P577
Q3517367,Tell Me Lies,film,1968-01-01,Q84,伦敦,51.507222222,-0.1275,,,,tt0063675,229146,,https://www.wikidata.org/wiki/Q3517367,https://www.wikidata.org/wiki/Q84,Wikidata P915/P625/P6375/P577
Q14942821,Ten,film,2013-01-01,Q84,伦敦,51.507222222,-0.1275,,,,tt2309562,1438034,,https://www.wikidata.org/wiki/Q14942821,https://www.wikidata.org/wiki/Q84,Wikidata P915/P625/P6375/P577
Q106504977,Terror Beach,film,2019-12-24,Q835835,卡马森,51.856944444,-4.316388888,,,,tt12185054,,,https://www.wikidata.org/wiki/Q106504977,https://www.wikidata.org/wiki/Q835835,Wikidata P915/P625/P6375/P577
Q7711266,That Riviera Touch,film,1966-01-01,Q661896,松木制片厂,51.548611111,-0.535,,,,tt0061085,43995,,https://www.wikidata.org/wiki/Q7711266,https://www.wikidata.org/wiki/Q661896,Wikidata P915/P625/P6375/P577
Q12100429,The Adventurers,film,1951-01-01,Q661896,松木制片厂,51.548611111,-0.535,,,,tt0043263,333025,,https://www.wikidata.org/wiki/Q12100429,https://www.wikidata.org/wiki/Q661896,Wikidata P915/P625/P6375/P577
Q106608795,The Almond and the Seahorse,film,,Q1892770,北威爾斯,52.937,-3.659,,,,tt7326608,787791,,https://www.wikidata.org/wiki/Q106608795,https://www.wikidata.org/wiki/Q1892770,Wikidata P915/P625/P6375/P577
Q106608795,The Almond and the Seahorse,film,,Q23100,默西賽德郡,53.416666666,-3.0,,,,tt7326608,787791,,https://www.wikidata.org/wiki/Q106608795,https://www.wikidata.org/wiki/Q23100,Wikidata P915/P625/P6375/P577
Q3580157,The Astonished Heart,film,1950-01-01,Q661896,松木制片厂,51.548611111,-0.535,,,,tt0041134,165355,,https://www.wikidata.org/wiki/Q3580157,https://www.wikidata.org/wiki/Q661896,Wikidata P915/P625/P6375/P577
Q3227123,The Black Knight,film,1954-01-01,Q661896,松木制片厂,51.548611111,-0.535,,,,tt0046786,35692,,https://www.wikidata.org/wiki/Q3227123,https://www.wikidata.org/wiki/Q661896,Wikidata P915/P625/P6375/P577
Q7720414,The Bruce,film,1996-01-01,Q23436,爱丁堡,55.953333333,-3.189166666,,,,tt0115766,280431,,https://www.wikidata.org/wiki/Q7720414,https://www.wikidata.org/wiki/Q23436,Wikidata P915/P625/P6375/P577
Q7721771,The Cavalier of the Streets,film,1937-01-01,Q661896,松木制片厂,51.548611111,-0.535,,,,tt0165134,,,https://www.wikidata.org/wiki/Q7721771,https://www.wikidata.org/wiki/Q661896,Wikidata P915/P625/P6375/P577
Q3203708,The Chairman,film,1969-01-01,Q661896,松木制片厂,51.548611111,-0.535,,,,tt0064148,107353,,https://www.wikidata.org/wiki/Q3203708,https://www.wikidata.org/wiki/Q661896,Wikidata P915/P625/P6375/P577
Q132646719,The Christophers,film,2025-01-01,Q84,伦敦,51.507222222,-0.1275,,,,tt34966562,1400357,,https://www.wikidata.org/wiki/Q132646719,https://www.wikidata.org/wiki/Q84,Wikidata P915/P625/P6375/P577
Q7723500,The Clouded Yellow,film,1951-01-01,Q661896,松木制片厂,51.548611111,-0.535,,,,tt0042333,38103,,https://www.wikidata.org/wiki/Q7723500,https://www.wikidata.org/wiki/Q661896,Wikidata P915/P625/P6375/P577
Q53761160,The Competition,film,2013-10-10,Q145,英国,54.6,-2.0,,,,tt2647618,303987,,https://www.wikidata.org/wiki/Q53761160,https://www.wikidata.org/wiki/Q145,Wikidata P915/P625/P6375/P577
Q1817809,The Confessions Tour: Live from London,film,,Q815571,温布利体育馆,51.558081,-0.282773,,,,tt0902306,18527,,https://www.wikidata.org/wiki/Q1817809,https://www.wikidata.org/wiki/Q815571,Wikidata P915/P625/P6375/P577
Q125960231,The Death of Robin Hood,film,2026-06-18,Q26,北爱尔兰,54.6075,-6.6925,,,,tt32273171,1284465,,https://www.wikidata.org/wiki/Q125960231,https://www.wikidata.org/wiki/Q26,Wikidata P915/P625/P6375/P577
Q7729484,The Debt Collector,film,1999-01-01,Q23436,爱丁堡,55.953333333,-3.189166666,,,,tt0159401,34713,,https://www.wikidata.org/wiki/Q7729484,https://www.wikidata.org/wiki/Q23436,Wikidata P915/P625/P6375/P577
Q2605272,The Edge of the World,film,1937-01-01,Q661896,松木制片厂,51.548611111,-0.535,,,,tt0028818,44407,,https://www.wikidata.org/wiki/Q2605272,https://www.wikidata.org/wiki/Q661896,Wikidata P915/P625/P6375/P577
Q7732134,The End of the River,film,1947-12-01,Q661896,松木制片厂,51.548611111,-0.535,,,,tt0039356,259470,,https://www.wikidata.org/wiki/Q7732134,https://www.wikidata.org/wiki/Q661896,Wikidata P915/P625/P6375/P577
Q3986838,The Eternal City,film,1915-01-01,Q84,伦敦,51.507222222,-0.1275,,,,tt0005250,655787,,https://www.wikidata.org/wiki/Q3986838,https://www.wikidata.org/wiki/Q84,Wikidata P915/P625/P6375/P577
Q7732724,The Evolved,film,2006-10-01,Q84,伦敦,51.507222222,-0.1275,,,,tt0818672,217107,,https://www.wikidata.org/wiki/Q7732724,https://www.wikidata.org/wiki/Q84,Wikidata P915/P625/P6375/P577
Q7732724,The Evolved,film,2006-10-01,Q743521,斯卡伯勒,54.2825,-0.4,,,,tt0818672,217107,,https://www.wikidata.org/wiki/Q7732724,https://www.wikidata.org/wiki/Q743521,Wikidata P915/P625/P6375/P577
Q20814810,The Fatal Hour,film,1937-05-01,Q661896,松木制片厂,51.548611111,-0.535,,,,tt0134651,,,https://www.wikidata.org/wiki/Q20814810,https://www.wikidata.org/wiki/Q661896,Wikidata P915/P625/P6375/P577
Q3225894,The Fighting Prince of Donegal,film,1966-10-01,Q661896,松木制片厂,51.548611111,-0.535,,,,tt0060408,64875,,https://www.wikidata.org/wiki/Q3225894,https://www.wikidata.org/wiki/Q661896,Wikidata P915/P625/P6375/P577
Q7733947,The Final Test,film,1953-01-01,Q661896,松木制片厂,51.548611111,-0.535,,,,tt0045769,182946,,https://www.wikidata.org/wiki/Q7733947,https://www.wikidata.org/wiki/Q661896,Wikidata P915/P625/P6375/P577
Q7735334,The Frog,film,1937-01-01,Q661896,松木制片厂,51.548611111,-0.535,,,,tt0027646,1009473,,https://www.wikidata.org/wiki/Q7735334,https://www.wikidata.org/wiki/Q661896,Wikidata P915/P625/P6375/P577
Q7735650,The Galloping Major,film,1951-01-01,Q84,伦敦,51.507222222,-0.1275,,,,tt0043574,191263,,https://www.wikidata.org/wiki/Q7735650,https://www.wikidata.org/wiki/Q84,Wikidata P915/P625/P6375/P577
Q3521028,The Ghoul,film,1975-01-01,Q661896,松木制片厂,51.548611111,-0.535,,,,tt0073042,70810,,https://www.wikidata.org/wiki/Q3521028,https://www.wikidata.org/wiki/Q661896,Wikidata P915/P625/P6375/P577
Q85807258,The Girl on the Train,film,2020-01-01,Q84,伦敦,51.507222222,-0.1275,,,,tt8907992,695958,,https://www.wikidata.org/wiki/Q85807258,https://www.wikidata.org/wiki/Q84,Wikidata P915/P625/P6375/P577
Q85807258,The Girl on the Train,film,2020-01-01,Q145,英国,54.6,-2.0,,,,tt8907992,695958,,https://www.wikidata.org/wiki/Q85807258,https://www.wikidata.org/wiki/Q145,Wikidata P915/P625/P6375/P577
Q85807258,The Girl on the Train,film,2020-01-01,Q21,英格兰,53.0,-1.0,,,,tt8907992,695958,,https://www.wikidata.org/wiki/Q85807258,https://www.wikidata.org/wiki/Q21,Wikidata P915/P625/P6375/P577
Q7738807,The Happy Ending,film,1931-01-01,Q3444510,莱姆园摄影棚,51.503611111,-0.227222222,,,,tt0150827,473693,,https://www.wikidata.org/wiki/Q7738807,https://www.wikidata.org/wiki/Q3444510,Wikidata P915/P625/P6375/P577
Q7739197,The Heart of a Man,film,1959-01-01,Q661896,松木制片厂,51.548611111,-0.535,,,,tt0052882,1212099,,https://www.wikidata.org/wiki/Q7739197,https://www.wikidata.org/wiki/Q661896,Wikidata P915/P625/P6375/P577
Q3521320,The House in Nightmare Park,film,1973-01-01,Q661896,松木制片厂,51.548611111,-0.535,,,,tt0070195,143369,,https://www.wikidata.org/wiki/Q3521320,https://www.wikidata.org/wiki/Q661896,Wikidata P915/P625/P6375/P577
Q116762216,The Importance of Being Earnest,film,2018-10-28,Q7917262,杂耍剧院,51.510339,-0.122488,"404 Strand, London, Westminster, WC2R 0NH, England",,,tt8918426,560484,,https://www.wikidata.org/wiki/Q116762216,https://www.wikidata.org/wiki/Q7917262,Wikidata P915/P625/P6375/P577
Q133163344,The Incomer,film,2026-01-22,Q22,苏格兰,57.0,-5.0,,,,tt36980182,1554956,,https://www.wikidata.org/wiki/Q133163344,https://www.wikidata.org/wiki/Q22,Wikidata P915/P625/P6375/P577
Q7742017,The Informers,film,1963-01-01,Q661896,松木制片厂,51.548611111,-0.535,,,,tt0059312,284440,,https://www.wikidata.org/wiki/Q7742017,https://www.wikidata.org/wiki/Q661896,Wikidata P915/P625/P6375/P577
Q12125107,The Intelligence Men,film,1965-04-13,Q661896,松木制片厂,51.548611111,-0.535,,,,tt0059315,43993,,https://www.wikidata.org/wiki/Q12125107,https://www.wikidata.org/wiki/Q661896,Wikidata P915/P625/P6375/P577
Q3426138,The Iron Maiden,film,1962-01-01,Q661896,松木制片厂,51.548611111,-0.535,,,,tt0056105,122744,,https://www.wikidata.org/wiki/Q3426138,https://www.wikidata.org/wiki/Q661896,Wikidata P915/P625/P6375/P577
Q1748960,The Iron Petticoat,film,1956-01-01,Q661896,松木制片厂,51.548611111,-0.535,,,,tt0049369,40953,,https://www.wikidata.org/wiki/Q1748960,https://www.wikidata.org/wiki/Q661896,Wikidata P915/P625/P6375/P577
Q7742757,The Italian Key,film,2011-01-01,Q84,伦敦,51.507222222,-0.1275,,,,tt1465513,134782,,https://www.wikidata.org/wiki/Q7742757,https://www.wikidata.org/wiki/Q84,Wikidata P915/P625/P6375/P577
Q7745639,The Last Curtain,film,1937-01-01,Q661896,松木制片厂,51.548611111,-0.535,,,,tt0029117,546599,,https://www.wikidata.org/wiki/Q7745639,https://www.wikidata.org/wiki/Q661896,Wikidata P915/P625/P6375/P577
Q83987738,The Last Faust,film,2019-12-02,Q84,伦敦,51.507222222,-0.1275,,,,tt8871254,652778,,https://www.wikidata.org/wiki/Q83987738,https://www.wikidata.org/wiki/Q84,Wikidata P915/P625/P6375/P577
Q3545625,The Long Memory,film,1952-01-01,Q661896,松木制片厂,51.548611111,-0.535,,,,tt0044849,50208,,https://www.wikidata.org/wiki/Q3545625,https://www.wikidata.org/wiki/Q661896,Wikidata P915/P625/P6375/P577
Q7748268,The Long Shadow,film,1961-01-01,Q661896,松木制片厂,51.548611111,-0.535,,,,tt0055096,1287018,,https://www.wikidata.org/wiki/Q7748268,https://www.wikidata.org/wiki/Q661896,Wikidata P915/P625/P6375/P577
Q110324618,The Magnificent Eleven,film,2013-05-13,Q84,伦敦,51.507222222,-0.1275,,,,tt1027873,191825,,https://www.wikidata.org/wiki/Q110324618,https://www.wikidata.org/wiki/Q84,Wikidata P915/P625/P6375/P577
Q7749592,The Magnificent Two,film,1967-01-01,Q661896,松木制片厂,51.548611111,-0.535,,,,tt0061938,43996,,https://www.wikidata.org/wiki/Q7749592,https://www.wikidata.org/wiki/Q661896,Wikidata P915/P625/P6375/P577
Q124528247,The Man In My Basement,film,2025-09-05,Q10690,加地夫,51.481666666,-3.179166666,,,,tt12619462,957121,,https://www.wikidata.org/wiki/Q124528247,https://www.wikidata.org/wiki/Q10690,Wikidata P915/P625/P6375/P577
Q7751395,The Mikado,film,1939-01-01,Q661896,松木制片厂,51.548611111,-0.535,,,,tt0031650,68201,,https://www.wikidata.org/wiki/Q7751395,https://www.wikidata.org/wiki/Q661896,Wikidata P915/P625/P6375/P577
Q133341560,The Moment,film,2026-01-23,Q84,伦敦,51.507222222,-0.1275,,,,tt35524793,1422562,,https://www.wikidata.org/wiki/Q133341560,https://www.wikidata.org/wiki/Q84,Wikidata P915/P625/P6375/P577
Q1215256,The Neptune Factor,film,1973-06-26,Q5785,开曼群岛,19.5,-80.5,,,,tt0070438,62754,,https://www.wikidata.org/wiki/Q1215256,https://www.wikidata.org/wiki/Q5785,Wikidata P915/P625/P6375/P577
Q6491056,The Net,film,1953-01-01,Q661896,松木制片厂,51.548611111,-0.535,,,,tt0046123,235081,,https://www.wikidata.org/wiki/Q6491056,https://www.wikidata.org/wiki/Q661896,Wikidata P915/P625/P6375/P577
Q7753615,The New Gladiators,film,2002-01-01,Q84,伦敦,51.507222222,-0.1275,,,,tt0349882,,,https://www.wikidata.org/wiki/Q7753615,https://www.wikidata.org/wiki/Q84,Wikidata P915/P625/P6375/P577
Q18393623,The Paddy Lincoln Gang,film,2012-01-01,Q84,伦敦,51.507222222,-0.1275,,,,tt2098843,505369,,https://www.wikidata.org/wiki/Q18393623,https://www.wikidata.org/wiki/Q84,Wikidata P915/P625/P6375/P577
Q7756208,The Party's Over,film,1960-01-01,Q661896,松木制片厂,51.548611111,-0.535,,,,tt0060816,41830,,https://www.wikidata.org/wiki/Q7756208,https://www.wikidata.org/wiki/Q661896,Wikidata P915/P625/P6375/P577
Q3208719,The Planter's Wife,film,1952-01-01,Q661896,松木制片厂,51.548611111,-0.535,,,,tt0045005,176089,,https://www.wikidata.org/wiki/Q3208719,https://www.wikidata.org/wiki/Q661896,Wikidata P915/P625/P6375/P577
Q7759695,The Reality of the Virtual,film,2004-01-01,Q84,伦敦,51.507222222,-0.1275,,,,tt0419142,69054,,https://www.wikidata.org/wiki/Q7759695,https://www.wikidata.org/wiki/Q84,Wikidata P915/P625/P6375/P577
Q131001472,The Rembrandt Syndrome,film,,Q21,英格兰,53.0,-1.0,,,,tt31539698,1001043,,https://www.wikidata.org/wiki/Q131001472,https://www.wikidata.org/wiki/Q21,Wikidata P915/P625/P6375/P577
Q7760679,The Riddle,film,2007-01-01,Q84,伦敦,51.507222222,-0.1275,,,,tt0790741,16178,,https://www.wikidata.org/wiki/Q7760679,https://www.wikidata.org/wiki/Q84,Wikidata P915/P625/P6375/P577
Q56034514,The Rock Queen,film,,Q2738637,霍伊島上的老人,58.886152777,-3.432141666,,,,tt0450491,1048618,,https://www.wikidata.org/wiki/Q56034514,https://www.wikidata.org/wiki/Q2738637,Wikidata P915/P625/P6375/P577
Q131180372,The Roof Over Your Head,film,,Q881062,布莱奈-费斯蒂尼奥格,52.994444444,-3.9375,,,,,,,https://www.wikidata.org/wiki/Q131180372,https://www.wikidata.org/wiki/Q881062,Wikidata P915/P625/P6375/P577
Q134107888,The Runner,film,,Q84,伦敦,51.507222222,-0.1275,,,,tt34564059,1386315,,https://www.wikidata.org/wiki/Q134107888,https://www.wikidata.org/wiki/Q84,Wikidata P915/P625/P6375/P577
Q7762971,The Second Victory,film,1986-01-01,Q661896,松木制片厂,51.548611111,-0.535,,,,tt0091914,365219,,https://www.wikidata.org/wiki/Q7762971,https://www.wikidata.org/wiki/Q661896,Wikidata P915/P625/P6375/P577
Q125177125,The Secret Army,film,,Q26,北爱尔兰,54.6075,-6.6925,,,,,,,https://www.wikidata.org/wiki/Q125177125,https://www.wikidata.org/wiki/Q26,Wikidata P915/P625/P6375/P577
Q7763067,The Secret Place,film,1957-01-01,Q661896,松木制片厂,51.548611111,-0.535,,,,tt0050947,172585,,https://www.wikidata.org/wiki/Q7763067,https://www.wikidata.org/wiki/Q661896,Wikidata P915/P625/P6375/P577
Q7764664,The Sky's the Limit,film,1938-01-01,Q661896,松木制片厂,51.548611111,-0.535,,,,tt0030762,1282039,,https://www.wikidata.org/wiki/Q7764664,https://www.wikidata.org/wiki/Q661896,Wikidata P915/P625/P6375/P577
Q1199631,The Spanish Gardener,film,1956-01-01,Q661896,松木制片厂,51.548611111,-0.535,,,,tt0049787,123354,,https://www.wikidata.org/wiki/Q1199631,https://www.wikidata.org/wiki/Q661896,Wikidata P915/P625/P6375/P577
Q7765846,The Spider and the Fly,film,1949-01-01,Q661896,松木制片厂,51.548611111,-0.535,,,,tt0041911,211490,,https://www.wikidata.org/wiki/Q7765846,https://www.wikidata.org/wiki/Q661896,Wikidata P915/P625/P6375/P577
Q98716820,The Squad,film,2020-09-02,Q1630338,金斯梅多,51.405083333,-0.281944444,,,,tt12992034,712825,,https://www.wikidata.org/wiki/Q98716820,https://www.wikidata.org/wiki/Q1630338,Wikidata P915/P625/P6375/P577
Q796445,The Square Peg,film,1959-01-01,Q661896,松木制片厂,51.548611111,-0.535,,,,tt0052233,38364,,https://www.wikidata.org/wiki/Q796445,https://www.wikidata.org/wiki/Q661896,Wikidata P915/P625/P6375/P577
Q7767716,The Switch,film,1963-01-01,Q661896,松木制片厂,51.548611111,-0.535,,,,tt0286187,170553,,https://www.wikidata.org/wiki/Q7767716,https://www.wikidata.org/wiki/Q661896,Wikidata P915/P625/P6375/P577
Q7769921,The Traitors,film,1962-01-01,Q661896,松木制片厂,51.548611111,-0.535,,,,tt0057599,299287,,https://www.wikidata.org/wiki/Q7769921,https://www.wikidata.org/wiki/Q661896,Wikidata P915/P625/P6375/P577
Q7770045,The Treasure of Monte Cristo,film,1961-01-01,Q661896,松木制片厂,51.548611111,-0.535,,,,tt0055544,253158,,https://www.wikidata.org/wiki/Q7770045,https://www.wikidata.org/wiki/Q661896,Wikidata P915/P625/P6375/P577
Q7772048,The Vanishing Man,film,1997-01-01,Q661896,松木制片厂,51.548611111,-0.535,,,,tt0124915,,,https://www.wikidata.org/wiki/Q7772048,https://www.wikidata.org/wiki/Q661896,Wikidata P915/P625/P6375/P577
Q17015736,The Watcher Self,film,2016-03-25,Q84,伦敦,51.507222222,-0.1275,,,,tt2237012,427124,,https://www.wikidata.org/wiki/Q17015736,https://www.wikidata.org/wiki/Q84,Wikidata P915/P625/P6375/P577
Q7774927,The Wild and the Willing,film,1962-01-01,Q661896,松木制片厂,51.548611111,-0.535,,,,tt0056696,257181,,https://www.wikidata.org/wiki/Q7774927,https://www.wikidata.org/wiki/Q661896,Wikidata P915/P625/P6375/P577
Q7775549,The Woman in the Hall,film,1947-01-01,Q661896,松木制片厂,51.548611111,-0.535,,,,tt0039999,291552,,https://www.wikidata.org/wiki/Q7775549,https://www.wikidata.org/wiki/Q661896,Wikidata P915/P625/P6375/P577
Q7782714,There Goes the Bride,film,1980-01-01,Q661896,松木制片厂,51.548611111,-0.535,,,,tt0080014,361015,,https://www.wikidata.org/wiki/Q7782714,https://www.wikidata.org/wiki/Q661896,Wikidata P915/P625/P6375/P577
Q3523786,There Was a Crooked Man,film,1960-01-01,Q661896,松木制片厂,51.548611111,-0.535,,,,tt0054379,402695,,https://www.wikidata.org/wiki/Q3523786,https://www.wikidata.org/wiki/Q661896,Wikidata P915/P625/P6375/P577
Q7786134,This Man Is News,film,1938-01-01,Q661896,松木制片厂,51.548611111,-0.535,,,,tt0032025,259526,,https://www.wikidata.org/wiki/Q7786134,https://www.wikidata.org/wiki/Q661896,Wikidata P915/P625/P6375/P577
Q7801529,Tiger in the Smoke,film,1956-01-01,Q661896,松木制片厂,51.548611111,-0.535,,,,tt0049854,80082,,https://www.wikidata.org/wiki/Q7801529,https://www.wikidata.org/wiki/Q661896,Wikidata P915/P625/P6375/P577
Q7814694,Tom's Midnight Garden,film,1999-01-01,Q661896,松木制片厂,51.548611111,-0.535,,,,tt0146315,77945,,https://www.wikidata.org/wiki/Q7814694,https://www.wikidata.org/wiki/Q661896,Wikidata P915/P625/P6375/P577
Q7822258,Tony Draws a Horse,film,1950-01-01,Q661896,松木制片厂,51.548611111,-0.535,,,,tt0043055,305792,,https://www.wikidata.org/wiki/Q7822258,https://www.wikidata.org/wiki/Q661896,Wikidata P915/P625/P6375/P577
Q3531955,Too Many Crooks,film,1959-01-01,Q661896,松木制片厂,51.548611111,-0.535,,,,tt0052301,61643,,https://www.wikidata.org/wiki/Q3531955,https://www.wikidata.org/wiki/Q661896,Wikidata P915/P625/P6375/P577
Q7824671,Top of the Form,film,1953-01-01,Q661896,松木制片厂,51.548611111,-0.535,,,,tt0046444,392333,,https://www.wikidata.org/wiki/Q7824671,https://www.wikidata.org/wiki/Q661896,Wikidata P915/P625/P6375/P577
Q7839913,"Triads, Yardies and Onion Bhajees",film,2003-01-01,Q84,伦敦,51.507222222,-0.1275,,,,tt0373400,42873,,https://www.wikidata.org/wiki/Q7839913,https://www.wikidata.org/wiki/Q84,Wikidata P915/P625/P6375/P577
Q2605666,Turn the Key Softly,film,1953-01-01,Q661896,松木制片厂,51.548611111,-0.535,,,,tt0046471,143128,,https://www.wikidata.org/wiki/Q2605666,https://www.wikidata.org/wiki/Q661896,Wikidata P915/P625/P6375/P577
Q7856081,Turnout,film,2011-01-01,Q84,伦敦,51.507222222,-0.1275,,,,tt1699520,75600,,https://www.wikidata.org/wiki/Q7856081,https://www.wikidata.org/wiki/Q84,Wikidata P915/P625/P6375/P577
Q12129911,Two Days in the Smoke,film,2014-01-01,Q84,伦敦,51.507222222,-0.1275,,,,tt2386353,299464,,https://www.wikidata.org/wiki/Q12129911,https://www.wikidata.org/wiki/Q84,Wikidata P915/P625/P6375/P577
Q115406426,Two Strangers Who Meet Five Times,film,2017-12-02,Q84,伦敦,51.507222222,-0.1275,,,,tt7524428,505121,,https://www.wikidata.org/wiki/Q115406426,https://www.wikidata.org/wiki/Q84,Wikidata P915/P625/P6375/P577
Q1795954,Unidentified Flying Oddball,film,1979-07-26,Q661896,松木制片厂,51.548611111,-0.535,,,,tt0080062,65596,,https://www.wikidata.org/wiki/Q1795954,https://www.wikidata.org/wiki/Q661896,Wikidata P915/P625/P6375/P577
Q139710483,Untitled Mummy Project,film,2027-01-01,Q84,伦敦,51.507222222,-0.1275,,,,tt22408968,1574840,,https://www.wikidata.org/wiki/Q139710483,https://www.wikidata.org/wiki/Q84,Wikidata P915/P625/P6375/P577
Q3552072,Up in the World,film,1956-01-01,Q661896,松木制片厂,51.548611111,-0.535,,,,tt0049906,38389,,https://www.wikidata.org/wiki/Q3552072,https://www.wikidata.org/wiki/Q661896,Wikidata P915/P625/P6375/P577
Q7912325,Valley of Eagles,film,1951-01-01,Q661896,松木制片厂,51.548611111,-0.535,,,,tt0044178,115829,,https://www.wikidata.org/wiki/Q7912325,https://www.wikidata.org/wiki/Q661896,Wikidata P915/P625/P6375/P577
Q7912754,Value for Money,film,1955-01-01,Q661896,松木制片厂,51.548611111,-0.535,,,,tt0048772,171394,,https://www.wikidata.org/wiki/Q7912754,https://www.wikidata.org/wiki/Q661896,Wikidata P915/P625/P6375/P577
Q7919727,Venetian Bird,film,1952-01-01,Q661896,松木制片厂,51.548611111,-0.535,,,,tt0044378,84734,,https://www.wikidata.org/wiki/Q7919727,https://www.wikidata.org/wiki/Q661896,Wikidata P915/P625/P6375/P577
Q7933172,Violent Playground,film,1958-01-01,Q661896,松木制片厂,51.548611111,-0.535,,,,tt0052367,93181,,https://www.wikidata.org/wiki/Q7933172,https://www.wikidata.org/wiki/Q661896,Wikidata P915/P625/P6375/P577
Q5890,V字仇杀队,film,2005-12-11,Q19813,哈特菲爾德莊園,51.7606,-0.2092,Hatfield AL9 5NQ,,,tt0434409,752,,https://www.wikidata.org/wiki/Q5890,https://www.wikidata.org/wiki/Q19813,Wikidata P915/P625/P6375/P577
Q5890,V字仇杀队,film,2005-12-11,Q990658,奧德維奇站,51.51215,-0.11595,,,,tt0434409,752,,https://www.wikidata.org/wiki/Q5890,https://www.wikidata.org/wiki/Q990658,Wikidata P915/P625/P6375/P577
Q5890,V字仇杀队,film,2005-12-11,Q661896,松木制片厂,51.548611111,-0.535,,,,tt0434409,752,,https://www.wikidata.org/wiki/Q5890,https://www.wikidata.org/wiki/Q661896,Wikidata P915/P625/P6375/P577
Q5890,V字仇杀队,film,2005-12-11,Q756819,河岸街,51.5114,-0.119,"Strand, London WC2",,,tt0434409,752,,https://www.wikidata.org/wiki/Q5890,https://www.wikidata.org/wiki/Q756819,Wikidata P915/P625/P6375/P577
Q5890,V字仇杀队,film,2005-12-11,Q800754,法灵顿站,51.520555555,-0.105,,,,tt0434409,752,,https://www.wikidata.org/wiki/Q5890,https://www.wikidata.org/wiki/Q800754,Wikidata P915/P625/P6375/P577
Q5890,V字仇杀队,film,2005-12-11,Q129143,特拉法加广场,51.508055555,-0.128055555,,,,tt0434409,752,,https://www.wikidata.org/wiki/Q5890,https://www.wikidata.org/wiki/Q129143,Wikidata P915/P625/P6375/P577
Q7969833,Warning to Wantons,film,1949-01-01,Q661896,松木制片厂,51.548611111,-0.535,,,,tt0040950,418658,,https://www.wikidata.org/wiki/Q7969833,https://www.wikidata.org/wiki/Q661896,Wikidata P915/P625/P6375/P577
Q1674813,Watch Your Stern,film,1960-01-01,Q661896,松木制片厂,51.548611111,-0.535,,,,tt0054463,78842,,https://www.wikidata.org/wiki/Q1674813,https://www.wikidata.org/wiki/Q661896,Wikidata P915/P625/P6375/P577
Q3737918,Waterbomb for the Fat Tomcat,film,2004-03-04,Q84,伦敦,51.507222222,-0.1275,,,,tt0439862,224669,,https://www.wikidata.org/wiki/Q3737918,https://www.wikidata.org/wiki/Q84,Wikidata P915/P625/P6375/P577
Q7977678,We Moderns,film,1925-01-01,Q84,伦敦,51.507222222,-0.1275,,,,tt0016507,456384,,https://www.wikidata.org/wiki/Q7977678,https://www.wikidata.org/wiki/Q84,Wikidata P915/P625/P6375/P577
Q18811646,Welcome to Purgatory,film,2016-01-01,Q84,伦敦,51.507222222,-0.1275,,,,tt1643249,298025,,https://www.wikidata.org/wiki/Q18811646,https://www.wikidata.org/wiki/Q84,Wikidata P915/P625/P6375/P577
Q7991015,What Changed Charley Farthing?,film,1974-01-01,Q661896,松木制片厂,51.548611111,-0.535,,,,tt0071190,408074,,https://www.wikidata.org/wiki/Q7991015,https://www.wikidata.org/wiki/Q661896,Wikidata P915/P625/P6375/P577
Q7997600,Whom the Gods Love,film,1936-01-01,Q84,伦敦,51.507222222,-0.1275,,,,tt0029772,238759,,https://www.wikidata.org/wiki/Q7997600,https://www.wikidata.org/wiki/Q84,Wikidata P915/P625/P6375/P577
Q23755376,Why Beauty Matters,film,2009-11-28,Q5503356,Friar Street,51.4567,-0.973619,,,,tt3006616,220290,,https://www.wikidata.org/wiki/Q23755376,https://www.wikidata.org/wiki/Q5503356,Wikidata P915/P625/P6375/P577
Q23755376,Why Beauty Matters,film,2009-11-28,Q1928413,庞德伯里,50.713,-2.466,,,,tt3006616,220290,,https://www.wikidata.org/wiki/Q23755376,https://www.wikidata.org/wiki/Q1928413,Wikidata P915/P625/P6375/P577
Q223596,X战警：第一战,film,2011-05-25,Q84,伦敦,51.507222222,-0.1275,,,,tt1270798,49538,,https://www.wikidata.org/wiki/Q223596,https://www.wikidata.org/wiki/Q84,Wikidata P915/P625/P6375/P577
Q223596,X战警：第一战,film,2011-05-25,Q661896,松木制片厂,51.548611111,-0.535,,,,tt1270798,49538,,https://www.wikidata.org/wiki/Q223596,https://www.wikidata.org/wiki/Q661896,Wikidata P915/P625/P6375/P577
Q120255818,Your Christmas or Mine 2,film,2023-12-08,Q84,伦敦,51.507222222,-0.1275,,,,tt27446495,1176139,,https://www.wikidata.org/wiki/Q120255818,https://www.wikidata.org/wiki/Q84,Wikidata P915/P625/P6375/P577
Q119521730,一個人的逃亡,film,2023-10-06,Q21,英格兰,53.0,-1.0,,,,tt14124080,944194,,https://www.wikidata.org/wiki/Q119521730,https://www.wikidata.org/wiki/Q21,Wikidata P915/P625/P6375/P577
Q913311,一夜狂欢,film,1964-01-01,Q649419,莫里波恩站,51.522222,-0.163056,,,,tt0058182,704,,https://www.wikidata.org/wiki/Q913311,https://www.wikidata.org/wiki/Q649419,Wikidata P915/P625/P6375/P577
Q912877,一年好時光,film,2006-01-01,Q84,伦敦,51.507222222,-0.1275,,,,tt0401445,9726,,https://www.wikidata.org/wiki/Q912877,https://www.wikidata.org/wiki/Q84,Wikidata P915/P625/P6375/P577
Q912877,一年好時光,film,2006-01-01,Q1814818,劳埃德大厦,51.513055555,-0.0825,,,,tt0401445,9726,,https://www.wikidata.org/wiki/Q912877,https://www.wikidata.org/wiki/Q1814818,Wikidata P915/P625/P6375/P577
Q466186,一条叫旺达的鱼,film,1988-07-07,Q124041,伦敦码头区,51.505,-0.018055555,,,,tt0095159,623,,https://www.wikidata.org/wiki/Q466186,https://www.wikidata.org/wiki/Q124041,Wikidata P915/P625/P6375/P577
Q466186,一条叫旺达的鱼,film,1988-07-07,Q822040,伯蒙德西,51.4986,-0.0757,,,,tt0095159,623,,https://www.wikidata.org/wiki/Q466186,https://www.wikidata.org/wiki/Q822040,Wikidata P915/P625/P6375/P577
Q466186,一条叫旺达的鱼,film,1988-07-07,Q124129,克拉肯韦尔区,51.526,-0.103475,,,,tt0095159,623,,https://www.wikidata.org/wiki/Q466186,https://www.wikidata.org/wiki/Q124129,Wikidata P915/P625/P6375/P577
Q466186,一条叫旺达的鱼,film,1988-07-07,Q1194829,奧卑利,51.515833333,-0.101944444,,,,tt0095159,623,,https://www.wikidata.org/wiki/Q466186,https://www.wikidata.org/wiki/Q1194829,Wikidata P915/P625/P6375/P577
Q466186,一条叫旺达的鱼,film,1988-07-07,Q2916164,小威尼斯,51.52124,-0.18239,,,,tt0095159,623,,https://www.wikidata.org/wiki/Q466186,https://www.wikidata.org/wiki/Q2916164,Wikidata P915/P625/P6375/P577
Q466186,一条叫旺达的鱼,film,1988-07-07,Q8691,希思罗机场,51.4775,-0.461389,,,,tt0095159,623,,https://www.wikidata.org/wiki/Q466186,https://www.wikidata.org/wiki/Q8691,Wikidata P915/P625/P6375/P577
Q466186,一条叫旺达的鱼,film,1988-07-07,Q2166359,旺兹沃思,51.455,-0.192,,,,tt0095159,623,,https://www.wikidata.org/wiki/Q466186,https://www.wikidata.org/wiki/Q2166359,Wikidata P915/P625/P6375/P577
Q466186,一条叫旺达的鱼,film,1988-07-07,Q122744,梅達谷區,51.5274,-0.1899,,,,tt0095159,623,,https://www.wikidata.org/wiki/Q466186,https://www.wikidata.org/wiki/Q122744,Wikidata P915/P625/P6375/P577
Q466186,一条叫旺达的鱼,film,1988-07-07,Q2600886,牛津城堡,51.7518,-1.26248,,,,tt0095159,623,,https://www.wikidata.org/wiki/Q466186,https://www.wikidata.org/wiki/Q2600886,Wikidata P915/P625/P6375/P577
Q466186,一条叫旺达的鱼,film,1988-07-07,Q7115474,牛津市政厅,51.7517,-1.25722,,,,tt0095159,623,,https://www.wikidata.org/wiki/Q466186,https://www.wikidata.org/wiki/Q7115474,Wikidata P915/P625/P6375/P577
Q466186,一条叫旺达的鱼,film,1988-07-07,Q288781,肯辛顿,51.5004,-0.1909,,,,tt0095159,623,,https://www.wikidata.org/wiki/Q466186,https://www.wikidata.org/wiki/Q288781,Wikidata P915/P625/P6375/P577
Q869862,一球成名,film,2005-01-01,Q661896,松木制片厂,51.548611111,-0.535,,,,tt0380389,9763,,https://www.wikidata.org/wiki/Q869862,https://www.wikidata.org/wiki/Q661896,Wikidata P915/P625/P6375/P577
Q1801544,一生與瞬間,film,1991-11-04,Q84,伦敦,51.507222222,-0.1275,,,,tt0102258,64879,,https://www.wikidata.org/wiki/Q1801544,https://www.wikidata.org/wiki/Q84,Wikidata P915/P625/P6375/P577
Q15079318,万物理论,film,2014-01-01,Q1769761,Penn,51.633,-0.681,,,,tt2980516,266856,,https://www.wikidata.org/wiki/Q15079318,https://www.wikidata.org/wiki/Q1769761,Wikidata P915/P625/P6375/P577
Q15079318,万物理论,film,2014-01-01,Q350,剑桥,52.208055555,0.1225,,,,tt2980516,266856,,https://www.wikidata.org/wiki/Q15079318,https://www.wikidata.org/wiki/Q350,Wikidata P915/P625/P6375/P577
Q15079318,万物理论,film,2014-01-01,Q691283,剑桥大学圣约翰学院,52.208055555,0.116666666,,,,tt2980516,266856,,https://www.wikidata.org/wiki/Q15079318,https://www.wikidata.org/wiki/Q691283,Wikidata P915/P625/P6375/P577
Q15079318,万物理论,film,2014-01-01,Q1247373,哈罗公学,51.5725,-0.335,"Harrow School, 5 High Street, Harrow-on-the-Hill, Middlesex, HA1 3HP",,,tt2980516,266856,,https://www.wikidata.org/wiki/Q15079318,https://www.wikidata.org/wiki/Q1247373,Wikidata P915/P625/P6375/P577
Q15079318,万物理论,film,2014-01-01,Q205666,汉普敦宫,51.4034,-0.337499,"Hampton Court Palace, East Molesey KT8 9AU",,,tt2980516,266856,,https://www.wikidata.org/wiki/Q15079318,https://www.wikidata.org/wiki/Q205666,Wikidata P915/P625/P6375/P577
Q1210739,三十九级台阶,film,1978-01-01,Q661896,松木制片厂,51.548611111,-0.535,,,,tt0078389,60287,,https://www.wikidata.org/wiki/Q1210739,https://www.wikidata.org/wiki/Q661896,Wikidata P915/P625/P6375/P577
Q501105,三十九级台阶,film,1935-01-01,Q23436,爱丁堡,55.953333333,-3.189166666,,,,tt0026029,260,,https://www.wikidata.org/wiki/Q501105,https://www.wikidata.org/wiki/Q23436,Wikidata P915/P625/P6375/P577
Q1210739,三十九级台阶,film,1978-01-01,Q649419,莫里波恩站,51.522222,-0.163056,,,,tt0078389,60287,,https://www.wikidata.org/wiki/Q1210739,https://www.wikidata.org/wiki/Q649419,Wikidata P915/P625/P6375/P577
Q22905756,三枪隐情,film,2016-08-12,Q29303,坎特伯雷,51.278333333,1.0775,,,,tt5165344,392572,,https://www.wikidata.org/wiki/Q22905756,https://www.wikidata.org/wiki/Q29303,Wikidata P915/P625/P6375/P577
Q7843073,三重奏,film,1950-01-01,Q661896,松木制片厂,51.548611111,-0.535,,,,tt0042752,134168,,https://www.wikidata.org/wiki/Q7843073,https://www.wikidata.org/wiki/Q661896,Wikidata P915/P625/P6375/P577
Q1710428,上天入海擒金匪,film,1971-03-09,Q661896,松木制片厂,51.548611111,-0.535,,,,tt0067976,38654,,https://www.wikidata.org/wiki/Q1710428,https://www.wikidata.org/wiki/Q661896,Wikidata P915/P625/P6375/P577
Q588464,上帝的使者,film,1976-07-30,Q145,英国,54.6,-2.0,,,,tt0074896,26842,,https://www.wikidata.org/wiki/Q588464,https://www.wikidata.org/wiki/Q145,Wikidata P915/P625/P6375/P577
Q3072241,下流刑警,film,2013-09-16,Q23436,爱丁堡,55.953333333,-3.189166666,,,,tt1450321,85889,,https://www.wikidata.org/wiki/Q3072241,https://www.wikidata.org/wiki/Q23436,Wikidata P915/P625/P6375/P577
Q714989,不列颠之战,film,1969-01-01,Q661896,松木制片厂,51.548611111,-0.535,,,,tt0064072,11463,,https://www.wikidata.org/wiki/Q714989,https://www.wikidata.org/wiki/Q661896,Wikidata P915/P625/P6375/P577
Q3486740,不可思议的萨拉,film,1976-01-01,Q661896,松木制片厂,51.548611111,-0.535,,,,tt0074678,147362,,https://www.wikidata.org/wiki/Q3486740,https://www.wikidata.org/wiki/Q661896,Wikidata P915/P625/P6375/P577
Q29261993,不可能的任務：全面瓦解,film,2018-07-12,Q84,伦敦,51.507222222,-0.1275,,,,tt4912910,353081,,https://www.wikidata.org/wiki/Q29261993,https://www.wikidata.org/wiki/Q84,Wikidata P915/P625/P6375/P577
Q29261993,不可能的任務：全面瓦解,film,2018-07-12,Q909993,布伦特伍德,51.620277777,0.305,,,,tt4912910,353081,,https://www.wikidata.org/wiki/Q29261993,https://www.wikidata.org/wiki/Q909993,Wikidata P915/P625/P6375/P577
Q17548046,不可能的任務：失控國度,film,2015-07-23,Q5438774,Fawley Power Station,50.8167,-1.32888,,,,tt2381249,177677,,https://www.wikidata.org/wiki/Q17548046,https://www.wikidata.org/wiki/Q5438774,Wikidata P915/P625/P6375/P577
Q17548046,不可能的任務：失控國度,film,2015-07-23,Q925942,中殿律师学院,51.511922045,-0.111340366,,,,tt2381249,177677,,https://www.wikidata.org/wiki/Q17548046,https://www.wikidata.org/wiki/Q925942,Wikidata P915/P625/P6375/P577
Q17548046,不可能的任務：失控國度,film,2015-07-23,Q826480,伦敦展览中心,51.5075,0.029722222,"One Western Gateway, Royal Victoria Dock, London, E16 1XL",,,tt2381249,177677,,https://www.wikidata.org/wiki/Q17548046,https://www.wikidata.org/wiki/Q826480,Wikidata P915/P625/P6375/P577
Q17548046,不可能的任務：失控國度,film,2015-07-23,Q214788,伦敦帕丁顿车站,51.516666666,-0.177222222,,,,tt2381249,177677,,https://www.wikidata.org/wiki/Q17548046,https://www.wikidata.org/wiki/Q214788,Wikidata P915/P625/P6375/P577
Q17548046,不可能的任務：失控國度,film,2015-07-23,Q720102,圣潘克拉斯车站,51.53,-0.125277777,,,,tt2381249,177677,,https://www.wikidata.org/wiki/Q17548046,https://www.wikidata.org/wiki/Q720102,Wikidata P915/P625/P6375/P577
Q17548046,不可能的任務：失控國度,film,2015-07-23,Q5600252,大風車街,51.5112,-0.1343,,,,tt2381249,177677,,https://www.wikidata.org/wiki/Q17548046,https://www.wikidata.org/wiki/Q5600252,Wikidata P915/P625/P6375/P577
Q17548046,不可能的任務：失控國度,film,2015-07-23,Q1754901,威特靈皇家空軍基地,52.6125,-0.476389,,,,tt2381249,177677,,https://www.wikidata.org/wiki/Q17548046,https://www.wikidata.org/wiki/Q1754901,Wikidata P915/P625/P6375/P577
Q17548046,不可能的任務：失控國度,film,2015-07-23,Q926913,布朗普頓公墓,51.484882,-0.190796,,,,tt2381249,177677,,https://www.wikidata.org/wiki/Q17548046,https://www.wikidata.org/wiki/Q926913,Wikidata P915/P625/P6375/P577
Q17548046,不可能的任務：失控國度,film,2015-07-23,Q208181,布莱尼姆宫,51.841362665,-1.360948307,"Blenheim Palace, Woodstock, Oxfordshire, OX20 1UL",,,tt2381249,177677,,https://www.wikidata.org/wiki/Q17548046,https://www.wikidata.org/wiki/Q208181,Wikidata P915/P625/P6375/P577
Q61876370,不可能的任務：致命清算 第一章,film,2023-07-12,Q7127748,Grand Central,52.4778,-1.89885,,,,tt9603212,575264,,https://www.wikidata.org/wiki/Q61876370,https://www.wikidata.org/wiki/Q7127748,Wikidata P915/P625/P6375/P577
Q61876370,不可能的任務：致命清算 第一章,film,2023-07-12,Q2613814,Levisham,54.303838888,-0.720930555,,,,tt9603212,575264,,https://www.wikidata.org/wiki/Q61876370,https://www.wikidata.org/wiki/Q2613814,Wikidata P915/P625/P6375/P577
Q61876370,不可能的任務：致命清算 第一章,film,2023-07-12,Q2256,伯明翰,52.48,-1.9025,,,,tt9603212,575264,,https://www.wikidata.org/wiki/Q61876370,https://www.wikidata.org/wiki/Q2256,Wikidata P915/P625/P6375/P577
Q7771303,不寻常,film,1977-01-01,Q661896,松木制片厂,51.548611111,-0.535,,,,tt0076853,75903,,https://www.wikidata.org/wiki/Q7771303,https://www.wikidata.org/wiki/Q661896,Wikidata P915/P625/P6375/P577
Q921510,不死魔咒,film,2009-09-07,Q84,伦敦,51.507222222,-0.1275,,,,tt1235124,23488,,https://www.wikidata.org/wiki/Q921510,https://www.wikidata.org/wiki/Q84,Wikidata P915/P625/P6375/P577
Q38463058,不法國王,film,2018-09-06,Q22,苏格兰,57.0,-5.0,,,,tt6679794,454227,,https://www.wikidata.org/wiki/Q38463058,https://www.wikidata.org/wiki/Q22,Wikidata P915/P625/P6375/P577
Q752017,东方的承诺,film,2007-01-01,Q84,伦敦,51.507222222,-0.1275,,,,tt0765443,2252,,https://www.wikidata.org/wiki/Q752017,https://www.wikidata.org/wiki/Q84,Wikidata P915/P625/P6375/P577
Q16985835,中间人2,film,2014-08-05,Q84,伦敦,51.507222222,-0.1275,,,,tt3097204,242022,,https://www.wikidata.org/wiki/Q16985835,https://www.wikidata.org/wiki/Q84,Wikidata P915/P625/P6375/P577
Q3421398,主教抗暴記,film,1955-01-01,Q661896,松木制片厂,51.548611111,-0.535,,,,tt0048512,52857,,https://www.wikidata.org/wiki/Q3421398,https://www.wikidata.org/wiki/Q661896,Wikidata P915/P625/P6375/P577
Q239794,九宵云外,film,1981-05-01,Q661896,松木制片厂,51.548611111,-0.535,,,,tt0082869,10540,,https://www.wikidata.org/wiki/Q239794,https://www.wikidata.org/wiki/Q661896,Wikidata P915/P625/P6375/P577
Q3545552,乡间一月,film,1987-01-01,Q6535693,Levisham railway station,54.3082,-0.74429,,,,tt0093562,63639,,https://www.wikidata.org/wiki/Q3545552,https://www.wikidata.org/wiki/Q6535693,Wikidata P915/P625/P6375/P577
Q3545552,乡间一月,film,1987-01-01,Q1925344,Radnage,51.668,-0.87,,,,tt0093562,63639,,https://www.wikidata.org/wiki/Q3545552,https://www.wikidata.org/wiki/Q1925344,Wikidata P915/P625/P6375/P577
Q3545552,乡间一月,film,1987-01-01,Q2924156,布雷製片廠,51.492881,-0.676111,,,,tt0093562,63639,,https://www.wikidata.org/wiki/Q3545552,https://www.wikidata.org/wiki/Q2924156,Wikidata P915/P625/P6375/P577
Q3545552,乡间一月,film,1987-01-01,Q23229,白金汉郡,51.766666666,-0.8,,,,tt0093562,63639,,https://www.wikidata.org/wiki/Q3545552,https://www.wikidata.org/wiki/Q23229,Wikidata P915/P625/P6375/P577
Q28936,云图,film,2012-09-08,Q23436,爱丁堡,55.953333333,-3.189166666,,,,tt1371111,83542,,https://www.wikidata.org/wiki/Q28936,https://www.wikidata.org/wiki/Q23436,Wikidata P915/P625/P6375/P577
Q5978757,五女餐厅,film,2007-01-01,Q84,伦敦,51.507222222,-0.1275,,,,tt0831299,18820,,https://www.wikidata.org/wiki/Q5978757,https://www.wikidata.org/wiki/Q84,Wikidata P915/P625/P6375/P577
Q1757235,亚特兰蒂斯战神,film,1978-05-05,Q661896,松木制片厂,51.548611111,-0.535,,,,tt0078474,30117,,https://www.wikidata.org/wiki/Q1757235,https://www.wikidata.org/wiki/Q661896,Wikidata P915/P625/P6375/P577
Q337090,亚瑟王,film,2004-01-01,Q661896,松木制片厂,51.548611111,-0.535,,,,tt0349683,9477,,https://www.wikidata.org/wiki/Q337090,https://www.wikidata.org/wiki/Q661896,Wikidata P915/P625/P6375/P577
Q162277,亞歷山大帝,film,2004-01-01,Q661896,松木制片厂,51.548611111,-0.535,,,,tt0346491,1966,,https://www.wikidata.org/wiki/Q162277,https://www.wikidata.org/wiki/Q661896,Wikidata P915/P625/P6375/P577
Q19569225,亞瑟：王者之劍,film,2017-05-11,Q867913,史諾多尼亞,52.9,-3.85,,,,tt1972591,274857,,https://www.wikidata.org/wiki/Q19569225,https://www.wikidata.org/wiki/Q867913,Wikidata P915/P625/P6375/P577
Q19569225,亞瑟：王者之劍,film,2017-05-11,Q3569306,大温莎公园,51.444444444,-0.604166666,,,,tt1972591,274857,,https://www.wikidata.org/wiki/Q19569225,https://www.wikidata.org/wiki/Q3569306,Wikidata P915/P625/P6375/P577
Q19569225,亞瑟：王者之劍,film,2017-05-11,Q2385621,奎朗,57.641114,-6.267263,,,,tt1972591,274857,,https://www.wikidata.org/wiki/Q19569225,https://www.wikidata.org/wiki/Q2385621,Wikidata P915/P625/P6375/P577
Q19569225,亞瑟：王者之劍,film,2017-05-11,Q19835,華納兄弟利維斯登製片廠,51.693333333,-0.419722222,,,,tt1972591,274857,,https://www.wikidata.org/wiki/Q19569225,https://www.wikidata.org/wiki/Q19835,Wikidata P915/P625/P6375/P577
Q19569225,亞瑟：王者之劍,film,2017-05-11,Q1250844,西罗斯,57.666,-5.219,,,,tt1972591,274857,,https://www.wikidata.org/wiki/Q19569225,https://www.wikidata.org/wiki/Q1250844,Wikidata P915/P625/P6375/P577
Q3222253,亡命天涯,film,1963-01-01,Q1410,直布罗陀,36.14,-5.35,,,,tt0057463,144299,,https://www.wikidata.org/wiki/Q3222253,https://www.wikidata.org/wiki/Q1410,Wikidata P915/P625/P6375/P577
Q7091902,亡命英雄,film,1949-01-01,Q661896,松木制片厂,51.548611111,-0.535,,,,tt0040666,79495,,https://www.wikidata.org/wiki/Q7091902,https://www.wikidata.org/wiki/Q661896,Wikidata P915/P625/P6375/P577
Q1166360,亲爱的,film,1965-01-01,Q84,伦敦,51.507222222,-0.1275,,,,tt0059084,24134,,https://www.wikidata.org/wiki/Q1166360,https://www.wikidata.org/wiki/Q84,Wikidata P915/P625/P6375/P577
Q2446893,人人爱上我老婆,film,2001-01-01,Q661896,松木制片厂,51.548611111,-0.535,,,,tt0269499,14651,,https://www.wikidata.org/wiki/Q2446893,https://www.wikidata.org/wiki/Q661896,Wikidata P915/P625/P6375/P577
Q1780390,人形蜈蚣2,film,2011-09-22,Q84,伦敦,51.507222222,-0.1275,,,,tt1530509,74997,,https://www.wikidata.org/wiki/Q1780390,https://www.wikidata.org/wiki/Q84,Wikidata P915/P625/P6375/P577
Q2329726,人性因素,film,1975-11-19,Q661896,松木制片厂,51.548611111,-0.535,,,,tt0073131,31950,,https://www.wikidata.org/wiki/Q2329726,https://www.wikidata.org/wiki/Q661896,Wikidata P915/P625/P6375/P577
Q7974065,人海波瀾,film,1950-01-01,Q661896,松木制片厂,51.548611111,-0.535,,,,tt0043121,106041,,https://www.wikidata.org/wiki/Q7974065,https://www.wikidata.org/wiki/Q661896,Wikidata P915/P625/P6375/P577
Q24980,人生七部曲,film,1983-01-01,Q84,伦敦,51.507222222,-0.1275,,,,tt0085959,4543,,https://www.wikidata.org/wiki/Q24980,https://www.wikidata.org/wiki/Q84,Wikidata P915/P625/P6375/P577
Q24980,人生七部曲,film,1983-01-01,Q3410,赫特福德郡,51.9,-0.2,,,,tt0085959,4543,,https://www.wikidata.org/wiki/Q24980,https://www.wikidata.org/wiki/Q3410,Wikidata P915/P625/P6375/P577
Q221090,人类之子,film,2006-09-03,Q84,伦敦,51.507222222,-0.1275,,,,tt0206634,9693,,https://www.wikidata.org/wiki/Q221090,https://www.wikidata.org/wiki/Q84,Wikidata P915/P625/P6375/P577
Q221090,人类之子,film,2006-09-03,Q661896,松木制片厂,51.548611111,-0.535,,,,tt0206634,9693,,https://www.wikidata.org/wiki/Q221090,https://www.wikidata.org/wiki/Q661896,Wikidata P915/P625/P6375/P577
Q2255971,人鱼传说,film,1994-01-01,Q111444,马尔岛,56.45,-6.0,,,,tt0111112,14334,,https://www.wikidata.org/wiki/Q2255971,https://www.wikidata.org/wiki/Q111444,Wikidata P915/P625/P6375/P577
Q353753,仁心与冠冕,film,1949-06-23,Q72081,伊灵制作公司,51.509166666,-0.3075,,,,tt0041546,11898,,https://www.wikidata.org/wiki/Q353753,https://www.wikidata.org/wiki/Q72081,Wikidata P915/P625/P6375/P577
Q1215427,从心所欲,film,1968-01-01,Q661896,松木制片厂,51.548611111,-0.535,,,,tt0063467,85847,,https://www.wikidata.org/wiki/Q1215427,https://www.wikidata.org/wiki/Q661896,Wikidata P915/P625/P6375/P577
Q83726410,仙女教母,film,2020-12-04,Q899030,牛津大学布雷齐诺斯学院,51.753194,-1.254722,,,,tt11681250,662546,,https://www.wikidata.org/wiki/Q83726410,https://www.wikidata.org/wiki/Q899030,Wikidata P915/P625/P6375/P577
Q15046091,仙履奇緣,film,2015-03-12,Q661896,松木制片厂,51.548611111,-0.535,,,,tt1661199,150689,,https://www.wikidata.org/wiki/Q15046091,https://www.wikidata.org/wiki/Q661896,Wikidata P915/P625/P6375/P577
Q15046091,仙履奇緣,film,2015-03-12,Q205666,汉普敦宫,51.4034,-0.337499,"Hampton Court Palace, East Molesey KT8 9AU",,,tt1661199,150689,,https://www.wikidata.org/wiki/Q15046091,https://www.wikidata.org/wiki/Q205666,Wikidata P915/P625/P6375/P577
Q15046091,仙履奇緣,film,2015-03-12,Q21,英格兰,53.0,-1.0,,,,tt1661199,150689,,https://www.wikidata.org/wiki/Q15046091,https://www.wikidata.org/wiki/Q21,Wikidata P915/P625/P6375/P577
Q1105584,代碼46,film,2003-09-02,Q1814818,劳埃德大厦,51.513055555,-0.0825,,,,tt0345061,2577,,https://www.wikidata.org/wiki/Q1105584,https://www.wikidata.org/wiki/Q1814818,Wikidata P915/P625/P6375/P577
Q304074,以父之名,film,1993-12-12,Q24826,利物浦,53.407222222,-2.991666666,,,,tt0107207,7984,,https://www.wikidata.org/wiki/Q304074,https://www.wikidata.org/wiki/Q24826,Wikidata P915/P625/P6375/P577
Q727846,伊丽莎白2：黄金时代,film,2007-01-01,Q1015079,伯利莊園,52.6425,-0.453056,"Burghley House, Stamford PE9 3JY",,,tt0414055,4517,,https://www.wikidata.org/wiki/Q727846,https://www.wikidata.org/wiki/Q1015079,Wikidata P915/P625/P6375/P577
Q1517616,伊普克雷斯檔案,film,1965-03-18,Q661896,松木制片厂,51.548611111,-0.535,,,,tt0059319,15247,,https://www.wikidata.org/wiki/Q1517616,https://www.wikidata.org/wiki/Q661896,Wikidata P915/P625/P6375/P577
Q1517616,伊普克雷斯檔案,film,1965-03-18,Q649419,莫里波恩站,51.522222,-0.163056,,,,tt0059319,15247,,https://www.wikidata.org/wiki/Q1517616,https://www.wikidata.org/wiki/Q649419,Wikidata P915/P625/P6375/P577
Q5684873,伏魔雷神劍,film,1980-01-01,Q661896,松木制片厂,51.548611111,-0.535,,,,tt0080846,25628,,https://www.wikidata.org/wiki/Q5684873,https://www.wikidata.org/wiki/Q661896,Wikidata P915/P625/P6375/P577
Q1134147,传播谣言的人,film,1967-01-01,Q661896,松木制片厂,51.548611111,-0.535,,,,tt0061180,70635,,https://www.wikidata.org/wiki/Q1134147,https://www.wikidata.org/wiki/Q661896,Wikidata P915/P625/P6375/P577
Q730888,传染病,film,2011-09-03,Q84,伦敦,51.507222222,-0.1275,,,,tt1598778,39538,,https://www.wikidata.org/wiki/Q730888,https://www.wikidata.org/wiki/Q84,Wikidata P915/P625/P6375/P577
Q477839,伦敦河,film,2009-01-01,Q84,伦敦,51.507222222,-0.1275,,,,tt1227787,39358,,https://www.wikidata.org/wiki/Q477839,https://www.wikidata.org/wiki/Q84,Wikidata P915/P625/P6375/P577
Q4729795,伦敦黑沼,film,2013-04-05,Q84,伦敦,51.507222222,-0.1275,,,,tt2095568,183258,,https://www.wikidata.org/wiki/Q4729795,https://www.wikidata.org/wiki/Q84,Wikidata P915/P625/P6375/P577
Q151848,何處尋真相,film,2005-05-13,Q84,伦敦,51.507222222,-0.1275,,,,tt0373450,9729,,https://www.wikidata.org/wiki/Q151848,https://www.wikidata.org/wiki/Q84,Wikidata P915/P625/P6375/P577
Q2960838,作家祕史,film,1968-02-11,Q661896,松木制片厂,51.548611111,-0.535,,,,tt0062792,75947,,https://www.wikidata.org/wiki/Q2960838,https://www.wikidata.org/wiki/Q661896,Wikidata P915/P625/P6375/P577
Q122194264,你和我的小情歌,film,2023-10-05,Q16821282,"All Saints RC School, York",53.9513,-1.0941,"All Saints RC School, Mill Mount Lane, York, North Yorkshire, YO24 1BJ | All Saints RC School, Nunnery Lane, York, North Yorkshire, YO23 1PJ",,,tt21819258,1022824,,https://www.wikidata.org/wiki/Q122194264,https://www.wikidata.org/wiki/Q16821282,Wikidata P915/P625/P6375/P577
Q60737736,你本應離開,film,2020-01-01,Q25,威尔士,52.35,-3.633333333,,,,tt8201852,514593,,https://www.wikidata.org/wiki/Q60737736,https://www.wikidata.org/wiki/Q25,Wikidata P915/P625/P6375/P577
Q115141374,你的聖誕節還是我的？,film,2022-01-01,Q661896,松木制片厂,51.548611111,-0.535,,,,tt21994906,865559,,https://www.wikidata.org/wiki/Q115141374,https://www.wikidata.org/wiki/Q661896,Wikidata P915/P625/P6375/P577
Q115141374,你的聖誕節還是我的？,film,2022-01-01,Q649419,莫里波恩站,51.522222,-0.163056,,,,tt21994906,865559,,https://www.wikidata.org/wiki/Q115141374,https://www.wikidata.org/wiki/Q649419,Wikidata P915/P625/P6375/P577
Q4090654,來自外太空的笨蛋,film,1985-01-01,Q661896,松木制片厂,51.548611111,-0.535,,,,tt0089622,33525,,https://www.wikidata.org/wiki/Q4090654,https://www.wikidata.org/wiki/Q661896,Wikidata P915/P625/P6375/P577
Q55178974,侏羅紀世界3,film,2022-06-08,Q661896,松木制片厂,51.548611111,-0.535,,,,tt8041270,507086,,https://www.wikidata.org/wiki/Q55178974,https://www.wikidata.org/wiki/Q661896,Wikidata P915/P625/P6375/P577
Q21877685,侏羅紀世界：殞落國度,film,2018-06-06,Q84,伦敦,51.507222222,-0.1275,,,,tt4881806,351286,,https://www.wikidata.org/wiki/Q21877685,https://www.wikidata.org/wiki/Q84,Wikidata P915/P625/P6375/P577
Q21877685,侏羅紀世界：殞落國度,film,2018-06-06,Q2665449,兰利,51.5059,-0.5526,,,,tt4881806,351286,,https://www.wikidata.org/wiki/Q21877685,https://www.wikidata.org/wiki/Q2665449,Wikidata P915/P625/P6375/P577
Q21877685,侏羅紀世界：殞落國度,film,2018-06-06,Q661896,松木制片厂,51.548611111,-0.535,,,,tt4881806,351286,,https://www.wikidata.org/wiki/Q21877685,https://www.wikidata.org/wiki/Q661896,Wikidata P915/P625/P6375/P577
Q21877685,侏羅紀世界：殞落國度,film,2018-06-06,Q547071,法恩伯勒,51.29,-0.75,,,,tt4881806,351286,,https://www.wikidata.org/wiki/Q21877685,https://www.wikidata.org/wiki/Q547071,Wikidata P915/P625/P6375/P577
Q21877685,侏羅紀世界：殞落國度,film,2018-06-06,Q3778632,阿罗查尔,56.1962,-4.74802,,,,tt4881806,351286,,https://www.wikidata.org/wiki/Q21877685,https://www.wikidata.org/wiki/Q3778632,Wikidata P915/P625/P6375/P577
Q486822,侠盗王子罗宾汉,film,1991-06-14,Q4999737,Burnham Beeches,51.558319444,-0.6306,,,,tt0102798,8367,,https://www.wikidata.org/wiki/Q486822,https://www.wikidata.org/wiki/Q4999737,Wikidata P915/P625/P6375/P577
Q486822,侠盗王子罗宾汉,film,1991-06-14,Q15262106,New Wardour Castle,51.0416,-2.10421,,,,tt0102798,8367,,https://www.wikidata.org/wiki/Q486822,https://www.wikidata.org/wiki/Q15262106,Wikidata P915/P625/P6375/P577
Q486822,侠盗王子罗宾汉,film,1991-06-14,Q1754640,七姐妹岩,50.76,0.16,,,,tt0102798,8367,,https://www.wikidata.org/wiki/Q486822,https://www.wikidata.org/wiki/Q1754640,Wikidata P915/P625/P6375/P577
Q486822,侠盗王子罗宾汉,film,1991-06-14,Q3355636,哈德劳瀑布,54.321111111,-2.202222222,,,,tt0102798,8367,,https://www.wikidata.org/wiki/Q486822,https://www.wikidata.org/wiki/Q3355636,Wikidata P915/P625/P6375/P577
Q486822,侠盗王子罗宾汉,film,1991-06-14,Q57357,哈德良长城,55.024166666,-2.2925,,,,tt0102798,8367,,https://www.wikidata.org/wiki/Q486822,https://www.wikidata.org/wiki/Q57357,Wikidata P915/P625/P6375/P577
Q486822,侠盗王子罗宾汉,film,1991-06-14,Q1781967,艾斯加斯瀑布,54.293636111,-1.982222222,,,,tt0102798,8367,,https://www.wikidata.org/wiki/Q486822,https://www.wikidata.org/wiki/Q1781967,Wikidata P915/P625/P6375/P577
Q486822,侠盗王子罗宾汉,film,1991-06-14,Q7969192,華都城堡,51.0363247,-2.0888994,,,,tt0102798,8367,,https://www.wikidata.org/wiki/Q486822,https://www.wikidata.org/wiki/Q7969192,Wikidata P915/P625/P6375/P577
Q1419980,侦探,film,1972-12-10,Q661896,松木制片厂,51.548611111,-0.535,,,,tt0069281,993,,https://www.wikidata.org/wiki/Q1419980,https://www.wikidata.org/wiki/Q661896,Wikidata P915/P625/P6375/P577
Q586154,俄羅斯大廈,film,1990-01-01,Q661896,松木制片厂,51.548611111,-0.535,,,,tt0100530,10170,,https://www.wikidata.org/wiki/Q586154,https://www.wikidata.org/wiki/Q661896,Wikidata P915/P625/P6375/P577
Q2700853,保衛無尾猿,film,1962-01-01,Q1410,直布罗陀,36.14,-5.35,,,,tt0056311,392334,,https://www.wikidata.org/wiki/Q2700853,https://www.wikidata.org/wiki/Q1410,Wikidata P915/P625/P6375/P577
Q63985561,信条,film,2020-08-13,Q84,伦敦,51.507222222,-0.1275,,,,tt6723592,577922,,https://www.wikidata.org/wiki/Q63985561,https://www.wikidata.org/wiki/Q84,Wikidata P915/P625/P6375/P577
Q15715647,倒數行動,film,2015-05-21,Q84,伦敦,51.507222222,-0.1275,,,,tt3247714,334074,,https://www.wikidata.org/wiki/Q15715647,https://www.wikidata.org/wiki/Q84,Wikidata P915/P625/P6375/P577
Q4840255,倒霉日,film,2010-05-24,Q84,伦敦,51.507222222,-0.1275,,,,tt0878649,38403,,https://www.wikidata.org/wiki/Q4840255,https://www.wikidata.org/wiki/Q84,Wikidata P915/P625/P6375/P577
Q114344937,倖存者列車,film,2023-09-09,Q84,伦敦,51.507222222,-0.1275,,,,tt13097932,760774,,https://www.wikidata.org/wiki/Q114344937,https://www.wikidata.org/wiki/Q84,Wikidata P915/P625/P6375/P577
Q3959206,借胎殺人,film,1975-01-01,Q661896,松木制片厂,51.548611111,-0.535,,,,tt0072867,28271,,https://www.wikidata.org/wiki/Q3959206,https://www.wikidata.org/wiki/Q661896,Wikidata P915/P625/P6375/P577
Q19320982,倫敦戰場,film,2015-01-01,Q84,伦敦,51.507222222,-0.1275,,,,tt3573598,328483,,https://www.wikidata.org/wiki/Q19320982,https://www.wikidata.org/wiki/Q84,Wikidata P915/P625/P6375/P577
Q16860865,倫敦稚戀,film,2016-06-22,Q84,伦敦,51.507222222,-0.1275,,,,tt3215826,396557,,https://www.wikidata.org/wiki/Q16860865,https://www.wikidata.org/wiki/Q84,Wikidata P915/P625/P6375/P577
Q1235550,倾国之恋,film,2011-01-01,Q84,伦敦,51.507222222,-0.1275,,,,tt1536048,80591,,https://www.wikidata.org/wiki/Q1235550,https://www.wikidata.org/wiki/Q84,Wikidata P915/P625/P6375/P577
Q1305714,假期也疯狂,film,1972-01-01,Q661896,松木制片厂,51.548611111,-0.535,,,,tt0069847,19252,,https://www.wikidata.org/wiki/Q1305714,https://www.wikidata.org/wiki/Q661896,Wikidata P915/P625/P6375/P577
Q496019,偷雞摸狗,film,1997-01-01,Q661896,松木制片厂,51.548611111,-0.535,,,,tt0119115,12145,,https://www.wikidata.org/wiki/Q496019,https://www.wikidata.org/wiki/Q661896,Wikidata P915/P625/P6375/P577
Q270385,傲慢与偏见,film,2005-09-16,Q1015079,伯利莊園,52.6425,-0.453056,"Burghley House, Stamford PE9 3JY",,,tt0414387,4348,,https://www.wikidata.org/wiki/Q270385,https://www.wikidata.org/wiki/Q1015079,Wikidata P915/P625/P6375/P577
Q18154994,傲慢與偏見與殭屍,film,2016-01-21,Q4867508,Basing House,51.268622,-1.051961,"Barton's Lane, Basingstoke RG24 8AE",,,tt1374989,58431,,https://www.wikidata.org/wiki/Q18154994,https://www.wikidata.org/wiki/Q4867508,Wikidata P915/P625/P6375/P577
Q18154994,傲慢與偏見與殭屍,film,2016-01-21,Q680320,巴斯爾登莊園,51.49916667,-1.12138889,"Basildon Park, Lower Basildon, Reading, Berkshire, RG8 9NR",,,tt1374989,58431,,https://www.wikidata.org/wiki/Q18154994,https://www.wikidata.org/wiki/Q680320,Wikidata P915/P625/P6375/P577
Q18154994,傲慢與偏見與殭屍,film,2016-01-21,Q1981760,西威科姆公園,51.64131,-0.80366,West Wycombe HP14 3AU,,,tt1374989,58431,,https://www.wikidata.org/wiki/Q18154994,https://www.wikidata.org/wiki/Q1981760,Wikidata P915/P625/P6375/P577
Q18154994,傲慢與偏見與殭屍,film,2016-01-21,Q3410,赫特福德郡,51.9,-0.2,,,,tt1374989,58431,,https://www.wikidata.org/wiki/Q18154994,https://www.wikidata.org/wiki/Q3410,Wikidata P915/P625/P6375/P577
Q18154994,傲慢與偏見與殭屍,film,2016-01-21,Q2121329,錫永宮,51.4767,-0.3125,"Syon Park, Brentford TW8 8JF",,,tt1374989,58431,,https://www.wikidata.org/wiki/Q18154994,https://www.wikidata.org/wiki/Q2121329,Wikidata P915/P625/P6375/P577
Q4389954,傻人救火,film,1965-01-01,Q661896,松木制片厂,51.548611111,-0.535,,,,tt0059143,38387,,https://www.wikidata.org/wiki/Q4389954,https://www.wikidata.org/wiki/Q661896,Wikidata P915/P625/P6375/P577
Q28196,僵尸世界大战,film,2013-06-02,Q27702619,Discovery Park,51.285251,1.341575,,,,tt0816711,72190,,https://www.wikidata.org/wiki/Q28196,https://www.wikidata.org/wiki/Q27702619,Wikidata P915/P625/P6375/P577
Q28196,僵尸世界大战,film,2013-06-02,Q27702593,Hanningfield Water Treatment Works,51.664709,0.522422,"Hanningfield Water Treatment Works, South Hanningfield, Chelmsford, Essex, CM3 8HS",,,tt0816711,72190,,https://www.wikidata.org/wiki/Q28196,https://www.wikidata.org/wiki/Q27702593,Wikidata P915/P625/P6375/P577
Q28196,僵尸世界大战,film,2013-06-02,Q5749722,Heygate Estate,51.4931,-0.0961111,,,,tt0816711,72190,,https://www.wikidata.org/wiki/Q28196,https://www.wikidata.org/wiki/Q5749722,Wikidata P915/P625/P6375/P577
Q28196,僵尸世界大战,film,2013-06-02,Q7275649,上黑福德皇家空軍基地,51.9369,-1.25333,,,,tt0816711,72190,,https://www.wikidata.org/wiki/Q28196,https://www.wikidata.org/wiki/Q7275649,Wikidata P915/P625/P6375/P577
Q28196,僵尸世界大战,film,2013-06-02,Q5544754,乔治广场,55.861111111,-4.250277777,,,,tt0816711,72190,,https://www.wikidata.org/wiki/Q28196,https://www.wikidata.org/wiki/Q5544754,Wikidata P915/P625/P6375/P577
Q28196,僵尸世界大战,film,2013-06-02,Q84,伦敦,51.507222222,-0.1275,,,,tt0816711,72190,,https://www.wikidata.org/wiki/Q28196,https://www.wikidata.org/wiki/Q84,Wikidata P915/P625/P6375/P577
Q28196,僵尸世界大战,film,2013-06-02,Q646980,奥尔德肖特,51.248333333,-0.761388888,,,,tt0816711,72190,,https://www.wikidata.org/wiki/Q28196,https://www.wikidata.org/wiki/Q646980,Wikidata P915/P625/P6375/P577
Q28196,僵尸世界大战,film,2013-06-02,Q881062,布莱奈-费斯蒂尼奥格,52.994444444,-3.9375,,,,tt0816711,72190,,https://www.wikidata.org/wiki/Q28196,https://www.wikidata.org/wiki/Q881062,Wikidata P915/P625/P6375/P577
Q28196,僵尸世界大战,film,2013-06-02,Q4093,格拉斯哥,55.861111111,-4.25,,,,tt0816711,72190,,https://www.wikidata.org/wiki/Q28196,https://www.wikidata.org/wiki/Q4093,Wikidata P915/P625/P6375/P577
Q28196,僵尸世界大战,film,2013-06-02,Q478029,法尔茅斯,50.15,-5.066666666,,,,tt0816711,72190,,https://www.wikidata.org/wiki/Q28196,https://www.wikidata.org/wiki/Q478029,Wikidata P915/P625/P6375/P577
Q28196,僵尸世界大战,film,2013-06-02,Q953935,盧沃斯灣,50.6183,-2.2469,,,,tt0816711,72190,,https://www.wikidata.org/wiki/Q28196,https://www.wikidata.org/wiki/Q953935,Wikidata P915/P625/P6375/P577
Q826534,僵尸复仇,film,1973-06-27,Q62408,威斯敏斯特宫,51.499444444,-0.124166666,,,,tt0069165,74381,,https://www.wikidata.org/wiki/Q826534,https://www.wikidata.org/wiki/Q62408,Wikidata P915/P625/P6375/P577
Q826534,僵尸复仇,film,1973-06-27,Q215255,皮卡迪利圆环,51.51,-0.134444444,,,,tt0069165,74381,,https://www.wikidata.org/wiki/Q826534,https://www.wikidata.org/wiki/Q215255,Wikidata P915/P625/P6375/P577
Q858724,僵尸肖恩,film,2004-01-01,Q84,伦敦,51.507222222,-0.1275,,,,tt0365748,747,,https://www.wikidata.org/wiki/Q858724,https://www.wikidata.org/wiki/Q84,Wikidata P915/P625/P6375/P577
Q12129803,儍人艷福,film,1953-01-01,Q661896,松木制片厂,51.548611111,-0.535,,,,tt0046464,38388,,https://www.wikidata.org/wiki/Q12129803,https://www.wikidata.org/wiki/Q661896,Wikidata P915/P625/P6375/P577
Q1199683,儍伯嬉春,film,1975-01-01,Q661896,松木制片厂,51.548611111,-0.535,,,,tt0072764,19300,,https://www.wikidata.org/wiki/Q1199683,https://www.wikidata.org/wiki/Q661896,Wikidata P915/P625/P6375/P577
Q1674807,儍兵嬉春,film,1967-01-01,Q661896,松木制片厂,51.548611111,-0.535,,,,tt0061680,24568,,https://www.wikidata.org/wiki/Q1674807,https://www.wikidata.org/wiki/Q661896,Wikidata P915/P625/P6375/P577
Q7749585,儍瓜嬉春,film,1971-01-01,Q661896,松木制片厂,51.548611111,-0.535,,,,tt0067381,226124,,https://www.wikidata.org/wiki/Q7749585,https://www.wikidata.org/wiki/Q661896,Wikidata P915/P625/P6375/P577
Q1621941,儿子与情人,film,1960-01-01,Q661896,松木制片厂,51.548611111,-0.535,,,,tt0054326,53939,,https://www.wikidata.org/wiki/Q1621941,https://www.wikidata.org/wiki/Q661896,Wikidata P915/P625/P6375/P577
Q287740,光彩年華,film,2003-01-01,Q661896,松木制片厂,51.548611111,-0.535,,,,tt0325123,15271,,https://www.wikidata.org/wiki/Q287740,https://www.wikidata.org/wiki/Q661896,Wikidata P915/P625/P6375/P577
Q110876878,光影帝國,film,2022-09-03,Q590422,萨尼特,51.35,1.383333333,,,,tt14402146,814757,,https://www.wikidata.org/wiki/Q110876878,https://www.wikidata.org/wiki/Q590422,Wikidata P915/P625/P6375/P577
Q110876878,光影帝國,film,2022-09-03,Q618045,马盖特,51.385,1.3838,,,,tt14402146,814757,,https://www.wikidata.org/wiki/Q110876878,https://www.wikidata.org/wiki/Q618045,Wikidata P915/P625/P6375/P577
Q1671622,入侵者,film,2011-01-01,Q84,伦敦,51.507222222,-0.1275,,,,tt1634121,63207,,https://www.wikidata.org/wiki/Q1671622,https://www.wikidata.org/wiki/Q84,Wikidata P915/P625/P6375/P577
Q3423452,入錯棺材死錯人,film,1966-01-01,Q661896,松木制片厂,51.548611111,-0.535,,,,tt0061204,62143,,https://www.wikidata.org/wiki/Q3423452,https://www.wikidata.org/wiki/Q661896,Wikidata P915/P625/P6375/P577
Q3545779,全心交融,film,1965-01-01,Q84,伦敦,51.507222222,-0.1275,,,,tt0059910,151436,,https://www.wikidata.org/wiki/Q3545779,https://www.wikidata.org/wiki/Q84,Wikidata P915/P625/P6375/P577
Q243439,全金属外壳,film,1987-06-17,Q661896,松木制片厂,51.548611111,-0.535,,,,tt0093058,600,,https://www.wikidata.org/wiki/Q243439,https://www.wikidata.org/wiki/Q661896,Wikidata P915/P625/P6375/P577
Q2979643,全面鎖定,film,2013-01-01,Q84,伦敦,51.507222222,-0.1275,,,,tt2218003,146223,,https://www.wikidata.org/wiki/Q2979643,https://www.wikidata.org/wiki/Q84,Wikidata P915/P625/P6375/P577
Q7715904,兩性爭雄記,film,1959-01-01,Q23436,爱丁堡,55.953333333,-3.189166666,,,,tt0052607,43106,,https://www.wikidata.org/wiki/Q7715904,https://www.wikidata.org/wiki/Q23436,Wikidata P915/P625/P6375/P577
Q573210,公司业务,film,1991-09-06,Q25228,安圭拉,18.227222222,-63.048888888,,,,tt0101606,32074,,https://www.wikidata.org/wiki/Q573210,https://www.wikidata.org/wiki/Q25228,Wikidata P915/P625/P6375/P577
Q112865585,公寓7A,film,2024-09-20,Q84,伦敦,51.507222222,-0.1275,,,,tt14371860,807339,,https://www.wikidata.org/wiki/Q112865585,https://www.wikidata.org/wiki/Q84,Wikidata P915/P625/P6375/P577
Q466514,公爵夫人,film,2008-01-01,Q23154,布里斯托尔,51.453611111,-2.5975,,,,tt0864761,12783,,https://www.wikidata.org/wiki/Q466514,https://www.wikidata.org/wiki/Q23154,Wikidata P915/P625/P6375/P577
Q139765734,六合千手,film,1979-06-03,Q1054923,英属香港,22.280068253,114.160327229,,,,tt0079478,336269,,https://www.wikidata.org/wiki/Q139765734,https://www.wikidata.org/wiki/Q1054923,Wikidata P915/P625/P6375/P577
Q1129227,关于一个男孩,film,2002-04-26,Q3145297,Greenwich District Hospital,51.485278,0.009167,,,,tt0276751,245,,https://www.wikidata.org/wiki/Q1129227,https://www.wikidata.org/wiki/Q3145297,Wikidata P915/P625/P6375/P577
Q7092958,再吻一次,film,2000-01-01,Q23436,爱丁堡,55.953333333,-3.189166666,,,,tt0229625,54623,,https://www.wikidata.org/wiki/Q7092958,https://www.wikidata.org/wiki/Q23436,Wikidata P915/P625/P6375/P577
Q262173,冏男四賤客,film,2011-08-17,Q137104896,Q137104896,51.4627537,-0.1359428,"146 Clapham High St, London SW4 7UH",,,tt1716772,69798,,https://www.wikidata.org/wiki/Q262173,https://www.wikidata.org/wiki/Q137104896,Wikidata P915/P625/P6375/P577
Q262173,冏男四賤客,film,2011-08-17,Q84,伦敦,51.507222222,-0.1275,,,,tt1716772,69798,,https://www.wikidata.org/wiki/Q262173,https://www.wikidata.org/wiki/Q84,Wikidata P915/P625/P6375/P577
Q16045281,军情五处：利益之争,film,2015-05-08,Q84,伦敦,51.507222222,-0.1275,,,,tt3321300,292040,,https://www.wikidata.org/wiki/Q16045281,https://www.wikidata.org/wiki/Q84,Wikidata P915/P625/P6375/P577
Q16045281,军情五处：利益之争,film,2015-05-08,Q661896,松木制片厂,51.548611111,-0.535,,,,tt3321300,292040,,https://www.wikidata.org/wiki/Q16045281,https://www.wikidata.org/wiki/Q661896,Wikidata P915/P625/P6375/P577
Q1195311,冬獅,film,1968-01-01,Q25,威尔士,52.35,-3.633333333,,,,tt0063227,18988,,https://www.wikidata.org/wiki/Q1195311,https://www.wikidata.org/wiki/Q25,Wikidata P915/P625/P6375/P577
Q5506268,冰凍,film,2005-01-01,Q23436,爱丁堡,55.953333333,-3.189166666,,,,tt0376606,26041,,https://www.wikidata.org/wiki/Q5506268,https://www.wikidata.org/wiki/Q23436,Wikidata P915/P625/P6375/P577
Q114436651,冰島出任務,film,2023-03-12,Q23666,大不列顛島,53.833333333,-2.416666666,,,,tt18072882,986843,,https://www.wikidata.org/wiki/Q114436651,https://www.wikidata.org/wiki/Q23666,Wikidata P915/P625/P6375/P577
Q1629310,冰海叛諜,film,1967-11-16,Q661896,松木制片厂,51.548611111,-0.535,,,,tt0061405,4889,,https://www.wikidata.org/wiki/Q1629310,https://www.wikidata.org/wiki/Q661896,Wikidata P915/P625/P6375/P577
Q633614,冰海沉船,film,1958-01-01,Q661896,松木制片厂,51.548611111,-0.535,,,,tt0051994,10971,,https://www.wikidata.org/wiki/Q633614,https://www.wikidata.org/wiki/Q661896,Wikidata P915/P625/P6375/P577
Q85804297,冲动,film,,Q84,伦敦,51.507222222,-0.1275,,,,tt9305634,653584,,https://www.wikidata.org/wiki/Q85804297,https://www.wikidata.org/wiki/Q84,Wikidata P915/P625/P6375/P577
Q4927924,冷血,film,2011-01-01,Q84,伦敦,51.507222222,-0.1275,,,,tt1845211,58667,,https://www.wikidata.org/wiki/Q4927924,https://www.wikidata.org/wiki/Q84,Wikidata P915/P625/P6375/P577
Q836298,凶兆,film,1976-06-06,Q8024695,Windsor Safari Park,51.4644,-0.64967,,,,tt0075005,794,,https://www.wikidata.org/wiki/Q836298,https://www.wikidata.org/wiki/Q8024695,Wikidata P915/P625/P6375/P577
Q1215103,刀鋒冷,film,1981-01-01,Q84,伦敦,51.507222222,-0.1275,,,,tt0082351,10863,,https://www.wikidata.org/wiki/Q1215103,https://www.wikidata.org/wiki/Q84,Wikidata P915/P625/P6375/P577
Q159638,刀鋒戰士2,film,2002-03-12,Q84,伦敦,51.507222222,-0.1275,,,,tt0187738,36586,,https://www.wikidata.org/wiki/Q159638,https://www.wikidata.org/wiki/Q84,Wikidata P915/P625/P6375/P577
Q1518031,切勿吞食,film,1997-01-01,Q84,伦敦,51.507222222,-0.1275,,,,tt0119792,21252,,https://www.wikidata.org/wiki/Q1518031,https://www.wikidata.org/wiki/Q84,Wikidata P915/P625/P6375/P577
Q14467251,別相信任何人,film,2014-01-01,Q84,伦敦,51.507222222,-0.1275,,,,tt1726592,204922,,https://www.wikidata.org/wiki/Q14467251,https://www.wikidata.org/wiki/Q84,Wikidata P915/P625/P6375/P577
Q17426161,别挂电话,film,2016-01-01,Q84,伦敦,51.507222222,-0.1275,,,,tt3610746,375355,,https://www.wikidata.org/wiki/Q17426161,https://www.wikidata.org/wiki/Q84,Wikidata P915/P625/P6375/P577
Q602256,到也门钓鲑鱼,film,2011-09-10,Q84,伦敦,51.507222222,-0.1275,,,,tt1441952,81025,,https://www.wikidata.org/wiki/Q602256,https://www.wikidata.org/wiki/Q84,Wikidata P915/P625/P6375/P577
Q18816889,刺客教條,film,2016-12-21,Q661896,松木制片厂,51.548611111,-0.535,,,,tt2094766,121856,,https://www.wikidata.org/wiki/Q18816889,https://www.wikidata.org/wiki/Q661896,Wikidata P915/P625/P6375/P577
Q152531,刺杀本·拉登,film,2012-12-10,Q84,伦敦,51.507222222,-0.1275,,,,tt1790885,97630,,https://www.wikidata.org/wiki/Q152531,https://www.wikidata.org/wiki/Q84,Wikidata P915/P625/P6375/P577
Q940139,前往希腊剧院,film,2010-06-04,Q4752659,The Anchor,51.507262,-0.092925,,,,tt1226229,32823,,https://www.wikidata.org/wiki/Q940139,https://www.wikidata.org/wiki/Q4752659,Wikidata P915/P625/P6375/P577
Q940139,前往希腊剧院,film,2010-06-04,Q8709,伦敦斯坦斯特德机场,51.885,0.235,,,,tt1226229,32823,,https://www.wikidata.org/wiki/Q940139,https://www.wikidata.org/wiki/Q8709,Wikidata P915/P625/P6375/P577
Q940139,前往希腊剧院,film,2010-06-04,Q5055036,卡文迪什广场,51.5165,-0.145,,,,tt1226229,32823,,https://www.wikidata.org/wiki/Q940139,https://www.wikidata.org/wiki/Q5055036,Wikidata P915/P625/P6375/P577
Q940139,前往希腊剧院,film,2010-06-04,Q19813,哈特菲爾德莊園,51.7606,-0.2092,Hatfield AL9 5NQ,,,tt1226229,32823,,https://www.wikidata.org/wiki/Q940139,https://www.wikidata.org/wiki/Q19813,Wikidata P915/P625/P6375/P577
Q940139,前往希腊剧院,film,2010-06-04,Q2239788,布裏斯頓學院,51.4651,-0.114922,"211 Stockwell Road, Brixton, London, Lambeth, SW9 9SL, England",,,tt1226229,32823,,https://www.wikidata.org/wiki/Q940139,https://www.wikidata.org/wiki/Q2239788,Wikidata P915/P625/P6375/P577
Q940139,前往希腊剧院,film,2010-06-04,Q128468,温布利球场,51.555555555,-0.279444444,"Wembley Park, London, UK, HA9 0WS",,,tt1226229,32823,,https://www.wikidata.org/wiki/Q940139,https://www.wikidata.org/wiki/Q128468,Wikidata P915/P625/P6375/P577
Q940139,前往希腊剧院,film,2010-06-04,Q193639,皇家阿尔伯特音乐厅,51.50105,-0.17748,,,,tt1226229,32823,,https://www.wikidata.org/wiki/Q940139,https://www.wikidata.org/wiki/Q193639,Wikidata P915/P625/P6375/P577
Q940139,前往希腊剧院,film,2010-06-04,Q1130666,蘭貝斯橋,51.494636,-0.123877,,,,tt1226229,32823,,https://www.wikidata.org/wiki/Q940139,https://www.wikidata.org/wiki/Q1130666,Wikidata P915/P625/P6375/P577
Q940139,前往希腊剧院,film,2010-06-04,Q479469,阿比路 (道路),51.533138888,-0.1785,,,,tt1226229,32823,,https://www.wikidata.org/wiki/Q940139,https://www.wikidata.org/wiki/Q479469,Wikidata P915/P625/P6375/P577
Q940139,前往希腊剧院,film,2010-06-04,Q2831157,阿爾伯特堤岸,51.491,-0.1225,,,,tt1226229,32823,,https://www.wikidata.org/wiki/Q940139,https://www.wikidata.org/wiki/Q2831157,Wikidata P915/P625/P6375/P577
Q2294603,前程似錦,film,1988-01-01,Q1814818,劳埃德大厦,51.513055555,-0.0825,,,,tt0095302,47870,,https://www.wikidata.org/wiki/Q2294603,https://www.wikidata.org/wiki/Q1814818,Wikidata P915/P625/P6375/P577
Q1051496,割喉岛,film,1995-01-01,Q661896,松木制片厂,51.548611111,-0.535,,,,tt0112760,1408,,https://www.wikidata.org/wiki/Q1051496,https://www.wikidata.org/wiki/Q661896,Wikidata P915/P625/P6375/P577
Q2628332,加利格蘭的粉紅婚禮,film,2004-01-01,Q84,伦敦,51.507222222,-0.1275,,,,tt0374277,55177,,https://www.wikidata.org/wiki/Q2628332,https://www.wikidata.org/wiki/Q84,Wikidata P915/P625/P6375/P577
Q183555,加勒比海盗：惊涛怪浪,film,2011-05-18,Q724182,圣艾夫斯,50.21,-5.48,,,,tt1298650,1865,,https://www.wikidata.org/wiki/Q183555,https://www.wikidata.org/wiki/Q724182,Wikidata P915/P625/P6375/P577
Q183555,加勒比海盗：惊涛怪浪,film,2011-05-18,Q1753590,旧皇家海军学院,51.483666666,-0.005944444,,,,tt1298650,1865,,https://www.wikidata.org/wiki/Q183555,https://www.wikidata.org/wiki/Q1753590,Wikidata P915/P625/P6375/P577
Q183555,加勒比海盗：惊涛怪浪,film,2011-05-18,Q661896,松木制片厂,51.548611111,-0.535,,,,tt1298650,1865,,https://www.wikidata.org/wiki/Q183555,https://www.wikidata.org/wiki/Q661896,Wikidata P915/P625/P6375/P577
Q183555,加勒比海盗：惊涛怪浪,film,2011-05-18,Q205666,汉普敦宫,51.4034,-0.337499,"Hampton Court Palace, East Molesey KT8 9AU",,,tt1298650,1865,,https://www.wikidata.org/wiki/Q183555,https://www.wikidata.org/wiki/Q205666,Wikidata P915/P625/P6375/P577
Q587921,加菲猫：双猫记,film,2006-06-16,Q1049514,霍華德城堡,54.121388888,-0.905833333,"Castle Howard Road, York, YO60 7DA",,,tt0455499,9513,,https://www.wikidata.org/wiki/Q587921,https://www.wikidata.org/wiki/Q1049514,Wikidata P915/P625/P6375/P577
Q735410,劫後英雄傳,film,1952-06-12,Q1252715,杜恩城堡,56.185158333,-4.050252777,,,,tt0044760,26175,,https://www.wikidata.org/wiki/Q735410,https://www.wikidata.org/wiki/Q1252715,Wikidata P915/P625/P6375/P577
Q849343,勇夺芳心,film,1995-10-20,Q84,伦敦,51.507222222,-0.1275,,,,tt0112870,19404,,https://www.wikidata.org/wiki/Q849343,https://www.wikidata.org/wiki/Q84,Wikidata P915/P625/P6375/P577
Q1199617,勇闖地心,film,1976-07-15,Q661896,松木制片厂,51.548611111,-0.535,,,,tt0074157,26398,,https://www.wikidata.org/wiki/Q1199617,https://www.wikidata.org/wiki/Q661896,Wikidata P915/P625/P6375/P577
Q1032177,勝利的星期六,film,1996-01-01,Q21,英格兰,53.0,-1.0,,,,tt0114917,1608,,https://www.wikidata.org/wiki/Q1032177,https://www.wikidata.org/wiki/Q21,Wikidata P915/P625/P6375/P577
Q7235999,化妝間那些事,film,2013-01-01,Q84,伦敦,51.507222222,-0.1275,,,,tt2608726,226363,,https://www.wikidata.org/wiki/Q7235999,https://www.wikidata.org/wiki/Q84,Wikidata P915/P625/P6375/P577
Q87126244,北方人,film,2022-04-15,Q10686,贝尔法斯特,54.596666666,-5.93,,,,tt11138512,639933,,https://www.wikidata.org/wiki/Q87126244,https://www.wikidata.org/wiki/Q10686,Wikidata P915/P625/P6375/P577
Q1212854,北极的圣诞老人兄弟,film,2007-01-01,Q661896,松木制片厂,51.548611111,-0.535,,,,tt0486583,5375,,https://www.wikidata.org/wiki/Q1212854,https://www.wikidata.org/wiki/Q661896,Wikidata P915/P625/P6375/P577
Q338495,北海龍虎鬥,film,1979-01-01,Q661896,松木制片厂,51.548611111,-0.535,,,,tt0081809,390253,,https://www.wikidata.org/wiki/Q338495,https://www.wikidata.org/wiki/Q661896,Wikidata P915/P625/P6375/P577
Q5579773,北菲艷影,film,1950-01-01,Q661896,松木制片厂,51.548611111,-0.535,,,,tt0043594,79399,,https://www.wikidata.org/wiki/Q5579773,https://www.wikidata.org/wiki/Q661896,Wikidata P915/P625/P6375/P577
Q7711768,十四孤兒闖江湖,film,1973-01-01,Q661896,松木制片厂,51.548611111,-0.535,,,,tt0070921,142616,,https://www.wikidata.org/wiki/Q7711768,https://www.wikidata.org/wiki/Q661896,Wikidata P915/P625/P6375/P577
Q7775538,千面女人妖,film,1950-01-01,Q661896,松木制片厂,51.548611111,-0.535,,,,tt0043140,27256,,https://www.wikidata.org/wiki/Q7775538,https://www.wikidata.org/wiki/Q661896,Wikidata P915/P625/P6375/P577
Q261546,华氏451度,film,1966-01-01,Q661896,松木制片厂,51.548611111,-0.535,,,,tt0060390,1714,,https://www.wikidata.org/wiki/Q261546,https://www.wikidata.org/wiki/Q661896,Wikidata P915/P625/P6375/P577
Q698949,卑斯麦舰歼灭战,film,1960-01-01,Q661896,松木制片厂,51.548611111,-0.535,,,,tt0054310,18780,,https://www.wikidata.org/wiki/Q698949,https://www.wikidata.org/wiki/Q661896,Wikidata P915/P625/P6375/P577
Q1196539,卖花女,film,1938-01-01,Q661896,松木制片厂,51.548611111,-0.535,,,,tt0030637,25016,,https://www.wikidata.org/wiki/Q1196539,https://www.wikidata.org/wiki/Q661896,Wikidata P915/P625/P6375/P577
Q15916752,博物馆奇妙夜3,film,2014-01-01,Q84,伦敦,51.507222222,-0.1275,,,,tt2692250,181533,,https://www.wikidata.org/wiki/Q15916752,https://www.wikidata.org/wiki/Q84,Wikidata P915/P625/P6375/P577
Q1721087,卡夫卡,film,1991-01-01,Q661896,松木制片厂,51.548611111,-0.535,,,,tt0102181,2297,,https://www.wikidata.org/wiki/Q1721087,https://www.wikidata.org/wiki/Q661896,Wikidata P915/P625/P6375/P577
Q1041618,卡拉之歌,film,1996-09-20,Q22,苏格兰,57.0,-5.0,,,,tt0115832,2143,,https://www.wikidata.org/wiki/Q1041618,https://www.wikidata.org/wiki/Q22,Wikidata P915/P625/P6375/P577
Q12105566,卡片,film,1952-01-01,Q661896,松木制片厂,51.548611111,-0.535,,,,tt0045056,43369,,https://www.wikidata.org/wiki/Q12105566,https://www.wikidata.org/wiki/Q661896,Wikidata P915/P625/P6375/P577
Q1891905,危巢驚鳳,film,1965-01-01,Q84,伦敦,51.507222222,-0.1275,,,,tt0059496,39893,,https://www.wikidata.org/wiki/Q1891905,https://www.wikidata.org/wiki/Q84,Wikidata P915/P625/P6375/P577
Q3575602,危機解密,film,2013-10-18,Q84,伦敦,51.507222222,-0.1275,,,,tt1837703,162903,,https://www.wikidata.org/wiki/Q3575602,https://www.wikidata.org/wiki/Q84,Wikidata P915/P625/P6375/P577
Q21001651,厲陰宅2,film,2016-06-09,Q27703076,Graeme Road,51.658092,-0.075779,,,,tt3065204,259693,,https://www.wikidata.org/wiki/Q21001651,https://www.wikidata.org/wiki/Q27703076,Wikidata P915/P625/P6375/P577
Q21001651,厲陰宅2,film,2016-06-09,Q649419,莫里波恩站,51.522222,-0.163056,,,,tt3065204,259693,,https://www.wikidata.org/wiki/Q21001651,https://www.wikidata.org/wiki/Q649419,Wikidata P915/P625/P6375/P577
Q568133,又一年,film,2010-01-01,Q84,伦敦,51.507222222,-0.1275,,,,tt1431181,44009,,https://www.wikidata.org/wiki/Q568133,https://www.wikidata.org/wiki/Q84,Wikidata P915/P625/P6375/P577
Q742480,反恐怖戰隊 (1982年電影),film,1982-01-01,Q661896,松木制片厂,51.548611111,-0.535,,,,tt0083941,19322,,https://www.wikidata.org/wiki/Q742480,https://www.wikidata.org/wiki/Q661896,Wikidata P915/P625/P6375/P577
Q1535201,反暴特勤組,film,1981-01-01,Q84,伦敦,51.507222222,-0.1275,,,,tt0082817,21610,,https://www.wikidata.org/wiki/Q1535201,https://www.wikidata.org/wiki/Q84,Wikidata P915/P625/P6375/P577
Q181086,发条橙,film,1971-01-01,Q19886,Bricket Wood,51.7067,-0.3686,,,,tt0066921,185,,https://www.wikidata.org/wiki/Q181086,https://www.wikidata.org/wiki/Q19886,Wikidata P915/P625/P6375/P577
Q181086,发条橙,film,1971-01-01,Q16992515,Friars Square,51.815027777,-0.813305555,,,,tt0066921,185,,https://www.wikidata.org/wiki/Q181086,https://www.wikidata.org/wiki/Q16992515,Wikidata P915/P625/P6375/P577
Q181086,发条橙,film,1971-01-01,Q6751359,Manor Lodge School,51.706,-0.262,"Manor Lodge School, Rectory Lane, Ridge Hill, Shenley, Hertfordshire, WD7 9BG",,,tt0066921,185,,https://www.wikidata.org/wiki/Q181086,https://www.wikidata.org/wiki/Q6751359,Wikidata P915/P625/P6375/P577
Q181086,发条橙,film,1971-01-01,Q2111981,Shipton-under-Wychwood,51.86,-1.596,,,,tt0066921,185,,https://www.wikidata.org/wiki/Q181086,https://www.wikidata.org/wiki/Q2111981,Wikidata P915/P625/P6375/P577
Q181086,发条橙,film,1971-01-01,Q7244520,亞歷山德拉公主醫院,51.7712,0.0853,,,,tt0066921,185,,https://www.wikidata.org/wiki/Q181086,https://www.wikidata.org/wiki/Q7244520,Wikidata P915/P625/P6375/P577
Q181086,发条橙,film,1971-01-01,Q84,伦敦,51.507222222,-0.1275,,,,tt0066921,185,,https://www.wikidata.org/wiki/Q181086,https://www.wikidata.org/wiki/Q84,Wikidata P915/P625/P6375/P577
Q181086,发条橙,film,1971-01-01,Q2180049,切爾西堤岸,51.484,-0.162,,,,tt0066921,185,,https://www.wikidata.org/wiki/Q181086,https://www.wikidata.org/wiki/Q2180049,Wikidata P915/P625/P6375/P577
Q181086,发条橙,film,1971-01-01,Q19773,博勒姆伍德,51.6578,-0.2723,,,,tt0066921,185,,https://www.wikidata.org/wiki/Q181086,https://www.wikidata.org/wiki/Q19773,Wikidata P915/P625/P6375/P577
Q181086,发条橙,film,1971-01-01,Q19931,埃尔斯特里,51.64,-0.3,,,,tt0066921,185,,https://www.wikidata.org/wiki/Q181086,https://www.wikidata.org/wiki/Q19931,Wikidata P915/P625/P6375/P577
Q181086,发条橙,film,1971-01-01,Q932411,布魯內爾大學,51.532777777,-0.472777777,"Brunel University London, Kingston Lane, Uxbridge, UB8 3PH",,,tt0066921,185,,https://www.wikidata.org/wiki/Q181086,https://www.wikidata.org/wiki/Q932411,Wikidata P915/P625/P6375/P577
Q181086,发条橙,film,1971-01-01,Q386707,旺茲沃思监狱,51.45015,-0.17765,,,,tt0066921,185,,https://www.wikidata.org/wiki/Q181086,https://www.wikidata.org/wiki/Q386707,Wikidata P915/P625/P6375/P577
Q181086,发条橙,film,1971-01-01,Q661896,松木制片厂,51.548611111,-0.535,,,,tt0066921,185,,https://www.wikidata.org/wiki/Q181086,https://www.wikidata.org/wiki/Q661896,Wikidata P915/P625/P6375/P577
Q181086,发条橙,film,1971-01-01,Q23169,牛津郡,51.75,-1.28,,,,tt0066921,185,,https://www.wikidata.org/wiki/Q181086,https://www.wikidata.org/wiki/Q23169,Wikidata P915/P625/P6375/P577
Q181086,发条橙,film,1971-01-01,Q146774,貝克斯利區,51.504,0.1261,,,,tt0066921,185,,https://www.wikidata.org/wiki/Q181086,https://www.wikidata.org/wiki/Q146774,Wikidata P915/P625/P6375/P577
Q181086,发条橙,film,1971-01-01,Q3410,赫特福德郡,51.9,-0.2,,,,tt0066921,185,,https://www.wikidata.org/wiki/Q181086,https://www.wikidata.org/wiki/Q3410,Wikidata P915/P625/P6375/P577
Q7925578,受害者,film,2011-10-02,Q84,伦敦,51.507222222,-0.1275,,,,tt1698027,126464,,https://www.wikidata.org/wiki/Q7925578,https://www.wikidata.org/wiki/Q84,Wikidata P915/P625/P6375/P577
Q2747218,受害者,film,1961-01-01,Q661896,松木制片厂,51.548611111,-0.535,,,,tt0055597,43028,,https://www.wikidata.org/wiki/Q2747218,https://www.wikidata.org/wiki/Q661896,Wikidata P915/P625/P6375/P577
Q2604917,古堡女魔君,film,1972-01-01,Q661896,松木制片厂,51.548611111,-0.535,,,,tt0067375,55032,,https://www.wikidata.org/wiki/Q2604917,https://www.wikidata.org/wiki/Q661896,Wikidata P915/P625/P6375/P577
Q319122,古堡风云,film,1977-12-16,Q661896,松木制片厂,51.548611111,-0.535,,,,tt0075807,14612,,https://www.wikidata.org/wiki/Q319122,https://www.wikidata.org/wiki/Q661896,Wikidata P915/P625/P6375/P577
Q464014,古墓丽影,film,2001-01-01,Q661896,松木制片厂,51.548611111,-0.535,,,,tt0146316,1995,,https://www.wikidata.org/wiki/Q464014,https://www.wikidata.org/wiki/Q661896,Wikidata P915/P625/P6375/P577
Q1145807,可惡博士,film,1971-05-18,Q3410,赫特福德郡,51.9,-0.2,,,,tt0066740,17965,,https://www.wikidata.org/wiki/Q1145807,https://www.wikidata.org/wiki/Q3410,Wikidata P915/P625/P6375/P577
Q108760382,可憐的東西,film,2023-09-01,Q4093,格拉斯哥,55.861111111,-4.25,,,,tt14230458,792307,,https://www.wikidata.org/wiki/Q108760382,https://www.wikidata.org/wiki/Q4093,Wikidata P915/P625/P6375/P577
Q124608269,史提夫校長,film,2025-09-05,Q22889,巴斯,51.381388888,-2.359722222,,,,tt32985279,1242404,,https://www.wikidata.org/wiki/Q124608269,https://www.wikidata.org/wiki/Q22889,Wikidata P915/P625/P6375/P577
Q1046841,名利场,film,2004-01-01,Q84,伦敦,51.507222222,-0.1275,,,,tt0241025,11632,,https://www.wikidata.org/wiki/Q1046841,https://www.wikidata.org/wiki/Q84,Wikidata P915/P625/P6375/P577
Q548888,吸血小英雄,film,2000-01-01,Q23436,爱丁堡,55.953333333,-3.189166666,,,,tt0192255,24100,,https://www.wikidata.org/wiki/Q548888,https://www.wikidata.org/wiki/Q23436,Wikidata P915/P625/P6375/P577
Q13217284,吸血鬼学院,film,2014-02-07,Q84,伦敦,51.507222222,-0.1275,,,,tt1686821,203739,,https://www.wikidata.org/wiki/Q13217284,https://www.wikidata.org/wiki/Q84,Wikidata P915/P625/P6375/P577
Q111788,吸血鬼馬戲團,film,1972-04-30,Q661896,松木制片厂,51.548611111,-0.535,,,,tt0067924,29960,,https://www.wikidata.org/wiki/Q111788,https://www.wikidata.org/wiki/Q661896,Wikidata P915/P625/P6375/P577
Q1210832,吹牛大王历险记,film,1988-01-01,Q661896,松木制片厂,51.548611111,-0.535,,,,tt0096764,14506,,https://www.wikidata.org/wiki/Q1210832,https://www.wikidata.org/wiki/Q661896,Wikidata P915/P625/P6375/P577
Q8030795,吹牛大王歷險記,film,1977-01-01,Q661896,松木制片厂,51.548611111,-0.535,,,,tt0076931,75269,,https://www.wikidata.org/wiki/Q8030795,https://www.wikidata.org/wiki/Q661896,Wikidata P915/P625/P6375/P577
Q2541350,吾爱吾师,film,1967-06-14,Q84,伦敦,51.507222222,-0.1275,,,,tt0062376,25934,,https://www.wikidata.org/wiki/Q2541350,https://www.wikidata.org/wiki/Q84,Wikidata P915/P625/P6375/P577
Q2541350,吾爱吾师,film,1967-06-14,Q661896,松木制片厂,51.548611111,-0.535,,,,tt0062376,25934,,https://www.wikidata.org/wiki/Q2541350,https://www.wikidata.org/wiki/Q661896,Wikidata P915/P625/P6375/P577
Q102235,哈利·波特与凤凰社,film,2007-06-28,Q84,伦敦,51.507222222,-0.1275,,,,tt0373889,675,,https://www.wikidata.org/wiki/Q102235,https://www.wikidata.org/wiki/Q84,Wikidata P915/P625/P6375/P577
Q102235,哈利·波特与凤凰社,film,2007-06-28,Q23169,牛津郡,51.75,-1.28,,,,tt0373889,675,,https://www.wikidata.org/wiki/Q102235,https://www.wikidata.org/wiki/Q23169,Wikidata P915/P625/P6375/P577
Q102235,哈利·波特与凤凰社,film,2007-06-28,Q3410,赫特福德郡,51.9,-0.2,,,,tt0373889,675,,https://www.wikidata.org/wiki/Q102235,https://www.wikidata.org/wiki/Q3410,Wikidata P915/P625/P6375/P577
Q102244,哈利·波特与密室,film,2002-11-03,Q84,伦敦,51.507222222,-0.1275,,,,tt0295297,672,,https://www.wikidata.org/wiki/Q102244,https://www.wikidata.org/wiki/Q84,Wikidata P915/P625/P6375/P577
Q102244,哈利·波特与密室,film,2002-11-03,Q262500,格洛斯特大教堂,51.8673,-2.24654,,,,tt0295297,672,,https://www.wikidata.org/wiki/Q102244,https://www.wikidata.org/wiki/Q262500,Wikidata P915/P625/P6375/P577
Q102244,哈利·波特与密室,film,2002-11-03,Q23169,牛津郡,51.75,-1.28,,,,tt0295297,672,,https://www.wikidata.org/wiki/Q102244,https://www.wikidata.org/wiki/Q23169,Wikidata P915/P625/P6375/P577
Q102244,哈利·波特与密室,film,2002-11-03,Q3410,赫特福德郡,51.9,-0.2,,,,tt0295297,672,,https://www.wikidata.org/wiki/Q102244,https://www.wikidata.org/wiki/Q3410,Wikidata P915/P625/P6375/P577
Q232009,哈利·波特与死亡圣器,film,2011-07-13,Q84,伦敦,51.507222222,-0.1275,,,,tt1201607,12445,,https://www.wikidata.org/wiki/Q232009,https://www.wikidata.org/wiki/Q84,Wikidata P915/P625/P6375/P577
Q161678,哈利·波特与死亡圣器 (上),film,2010-11-11,Q84,伦敦,51.507222222,-0.1275,,,,tt0926084,12444,,https://www.wikidata.org/wiki/Q161678,https://www.wikidata.org/wiki/Q84,Wikidata P915/P625/P6375/P577
Q161678,哈利·波特与死亡圣器 (上),film,2010-11-11,Q24826,利物浦,53.407222222,-2.991666666,,,,tt0926084,12444,,https://www.wikidata.org/wiki/Q161678,https://www.wikidata.org/wiki/Q24826,Wikidata P915/P625/P6375/P577
Q161678,哈利·波特与死亡圣器 (上),film,2010-11-11,Q213361,彭布罗克郡,51.845,-4.842222222,,,,tt0926084,12444,,https://www.wikidata.org/wiki/Q161678,https://www.wikidata.org/wiki/Q213361,Wikidata P915/P625/P6375/P577
Q161678,哈利·波特与死亡圣器 (上),film,2010-11-11,Q661896,松木制片厂,51.548611111,-0.535,,,,tt0926084,12444,,https://www.wikidata.org/wiki/Q161678,https://www.wikidata.org/wiki/Q661896,Wikidata P915/P625/P6375/P577
Q161678,哈利·波特与死亡圣器 (上),film,2010-11-11,Q19835,華納兄弟利維斯登製片廠,51.693333333,-0.419722222,,,,tt0926084,12444,,https://www.wikidata.org/wiki/Q161678,https://www.wikidata.org/wiki/Q19835,Wikidata P915/P625/P6375/P577
Q161678,哈利·波特与死亡圣器 (上),film,2010-11-11,Q3410,赫特福德郡,51.9,-0.2,,,,tt0926084,12444,,https://www.wikidata.org/wiki/Q161678,https://www.wikidata.org/wiki/Q3410,Wikidata P915/P625/P6375/P577
Q161687,哈利·波特与混血王子,film,2009-07-06,Q84,伦敦,51.507222222,-0.1275,,,,tt0417741,767,,https://www.wikidata.org/wiki/Q161687,https://www.wikidata.org/wiki/Q84,Wikidata P915/P625/P6375/P577
Q161687,哈利·波特与混血王子,film,2009-07-06,Q262500,格洛斯特大教堂,51.8673,-2.24654,,,,tt0417741,767,,https://www.wikidata.org/wiki/Q161687,https://www.wikidata.org/wiki/Q262500,Wikidata P915/P625/P6375/P577
Q161687,哈利·波特与混血王子,film,2009-07-06,Q3410,赫特福德郡,51.9,-0.2,,,,tt0417741,767,,https://www.wikidata.org/wiki/Q161687,https://www.wikidata.org/wiki/Q3410,Wikidata P915/P625/P6375/P577
Q102225,哈利·波特与火焰杯,film,2005-11-06,Q661896,松木制片厂,51.548611111,-0.535,,,,tt0330373,674,,https://www.wikidata.org/wiki/Q102225,https://www.wikidata.org/wiki/Q661896,Wikidata P915/P625/P6375/P577
Q102225,哈利·波特与火焰杯,film,2005-11-06,Q1376987,牛津大学新学院,51.754166666,-1.251111111,,,,tt0330373,674,,https://www.wikidata.org/wiki/Q102225,https://www.wikidata.org/wiki/Q1376987,Wikidata P915/P625/P6375/P577
Q102438,哈利·波特与魔法石,film,2001-11-04,Q3108687,Glen Nevis,56.770555555,-5.035555555,,,,tt0241527,671,,https://www.wikidata.org/wiki/Q102438,https://www.wikidata.org/wiki/Q3108687,Wikidata P915/P625/P6375/P577
Q102438,哈利·波特与魔法石,film,2001-11-04,Q270263,伦敦动物园,51.535555555,-0.155833333,,,,tt0241527,671,,https://www.wikidata.org/wiki/Q102438,https://www.wikidata.org/wiki/Q270263,Wikidata P915/P625/P6375/P577
Q102438,哈利·波特与魔法石,film,2001-11-04,Q961148,利德贺市场,51.5127,-0.0835,,,,tt0241527,671,,https://www.wikidata.org/wiki/Q102438,https://www.wikidata.org/wiki/Q961148,Wikidata P915/P625/P6375/P577
Q102438,哈利·波特与魔法石,film,2001-11-04,Q1247373,哈罗公学,51.5725,-0.335,"Harrow School, 5 High Street, Harrow-on-the-Hill, Middlesex, HA1 3HP",,,tt0241527,671,,https://www.wikidata.org/wiki/Q102438,https://www.wikidata.org/wiki/Q1247373,Wikidata P915/P625/P6375/P577
Q102438,哈利·波特与魔法石,film,2001-11-04,Q262500,格洛斯特大教堂,51.8673,-2.24654,,,,tt0241527,671,,https://www.wikidata.org/wiki/Q102438,https://www.wikidata.org/wiki/Q262500,Wikidata P915/P625/P6375/P577
Q102438,哈利·波特与魔法石,film,2001-11-04,Q745967,牛津大学基督堂学院,51.7502,-1.25585,,,,tt0241527,671,,https://www.wikidata.org/wiki/Q102438,https://www.wikidata.org/wiki/Q745967,Wikidata P915/P625/P6375/P577
Q102438,哈利·波特与魔法石,film,2001-11-04,Q19835,華納兄弟利維斯登製片廠,51.693333333,-0.419722222,,,,tt0241527,671,,https://www.wikidata.org/wiki/Q102438,https://www.wikidata.org/wiki/Q19835,Wikidata P915/P625/P6375/P577
Q102438,哈利·波特与魔法石,film,2001-11-04,Q746207,达勒姆座堂,54.77347539,-1.576214961,,,,tt0241527,671,,https://www.wikidata.org/wiki/Q102438,https://www.wikidata.org/wiki/Q746207,Wikidata P915/P625/P6375/P577
Q102438,哈利·波特与魔法石,film,2001-11-04,Q1320427,阿尼克城堡,55.415783,-1.706078,"Estates Office, Alnwick Castle, Alnwick NE66 1NQ",,,tt0241527,671,,https://www.wikidata.org/wiki/Q102438,https://www.wikidata.org/wiki/Q1320427,Wikidata P915/P625/P6375/P577
Q102438,哈利·波特与魔法石,film,2001-11-04,Q5575368,高斯蘭站,54.4007,-0.712124,,,,tt0241527,671,,https://www.wikidata.org/wiki/Q102438,https://www.wikidata.org/wiki/Q5575368,Wikidata P915/P625/P6375/P577
Q16993709,哈利希爾的電影,film,2013-01-01,Q84,伦敦,51.507222222,-0.1275,,,,tt3013528,228558,,https://www.wikidata.org/wiki/Q16993709,https://www.wikidata.org/wiki/Q84,Wikidata P915/P625/P6375/P577
Q122741016,哈姆奈特,film,2025-08-29,Q6670230,The Charterhouse,51.521388888,-0.099722222,,,,tt14905854,858024,,https://www.wikidata.org/wiki/Q122741016,https://www.wikidata.org/wiki/Q6670230,Wikidata P915/P625/P6375/P577
Q122741016,哈姆奈特,film,2025-08-29,Q25,威尔士,52.35,-3.633333333,,,,tt14905854,858024,,https://www.wikidata.org/wiki/Q122741016,https://www.wikidata.org/wiki/Q25,Wikidata P915/P625/P6375/P577
Q122741016,哈姆奈特,film,2025-08-29,Q23129,赫里福德郡,52.083333333,-2.75,,,,tt14905854,858024,,https://www.wikidata.org/wiki/Q122741016,https://www.wikidata.org/wiki/Q23129,Wikidata P915/P625/P6375/P577
Q574986,哈里·布朗,film,2009-09-12,Q84,伦敦,51.507222222,-0.1275,,,,tt1289406,25941,,https://www.wikidata.org/wiki/Q574986,https://www.wikidata.org/wiki/Q84,Wikidata P915/P625/P6375/P577
Q104871482,哈里斯夫人去巴黎,film,2022-07-14,Q84,伦敦,51.507222222,-0.1275,,,,tt5151570,754609,,https://www.wikidata.org/wiki/Q104871482,https://www.wikidata.org/wiki/Q84,Wikidata P915/P625/P6375/P577
Q204414,哥伦布也疯狂,film,1992-01-01,Q661896,松木制片厂,51.548611111,-0.535,,,,tt0103927,19725,,https://www.wikidata.org/wiki/Q204414,https://www.wikidata.org/wiki/Q661896,Wikidata P915/P625/P6375/P577
Q182727,哭泣游戏,film,1992-09-02,Q26318307,"1 and 3, Fournier Street E1",51.51936602,-0.074143787,"1 And 3, Fournier Street E1, Tower Hamlets, Greater London, E1",,,tt0104036,11386,,https://www.wikidata.org/wiki/Q182727,https://www.wikidata.org/wiki/Q26318307,Wikidata P915/P625/P6375/P577
Q182727,哭泣游戏,film,1992-09-02,Q84,伦敦,51.507222222,-0.1275,,,,tt0104036,11386,,https://www.wikidata.org/wiki/Q182727,https://www.wikidata.org/wiki/Q84,Wikidata P915/P625/P6375/P577
Q106577763,唐頓莊園：全新世代,film,2022-04-27,Q23204,汉普郡,51.0575,-1.3075,,,,tt11703710,820446,,https://www.wikidata.org/wiki/Q106577763,https://www.wikidata.org/wiki/Q23204,Wikidata P915/P625/P6375/P577
Q1740603,喀土穆,film,1966-01-01,Q661896,松木制片厂,51.548611111,-0.535,,,,tt0060588,29710,,https://www.wikidata.org/wiki/Q1740603,https://www.wikidata.org/wiki/Q661896,Wikidata P915/P625/P6375/P577
Q105103910,善恶学校,film,2022-10-19,Q10686,贝尔法斯特,54.596666666,-5.93,,,,tt2935622,779782,,https://www.wikidata.org/wiki/Q105103910,https://www.wikidata.org/wiki/Q10686,Wikidata P915/P625/P6375/P577
Q332093,喜糖,film,2006-01-01,Q84,伦敦,51.507222222,-0.1275,,,,tt0427089,10111,,https://www.wikidata.org/wiki/Q332093,https://www.wikidata.org/wiki/Q84,Wikidata P915/P625/P6375/P577
Q332093,喜糖,film,2006-01-01,Q21,英格兰,53.0,-1.0,,,,tt0427089,10111,,https://www.wikidata.org/wiki/Q332093,https://www.wikidata.org/wiki/Q21,Wikidata P915/P625/P6375/P577
Q130907514,嘻哈大騙徒,film,2025-09-06,Q4093,格拉斯哥,55.861111111,-4.25,,,,tt32306200,1193550,,https://www.wikidata.org/wiki/Q130907514,https://www.wikidata.org/wiki/Q4093,Wikidata P915/P625/P6375/P577
Q130907514,嘻哈大騙徒,film,2025-09-06,Q123709,邓迪,56.460555555,-2.97,,,,tt32306200,1193550,,https://www.wikidata.org/wiki/Q130907514,https://www.wikidata.org/wiki/Q123709,Wikidata P915/P625/P6375/P577
Q4031261,四三二一,film,2010-01-01,Q661896,松木制片厂,51.548611111,-0.535,,,,tt1514041,44877,,https://www.wikidata.org/wiki/Q4031261,https://www.wikidata.org/wiki/Q661896,Wikidata P915/P625/P6375/P577
Q2816898,四十七浪人,film,2013-12-06,Q84,伦敦,51.507222222,-0.1275,,,,tt1335975,64686,,https://www.wikidata.org/wiki/Q2816898,https://www.wikidata.org/wiki/Q84,Wikidata P915/P625/P6375/P577
Q425904,四海本色,film,1950-01-01,Q84,伦敦,51.507222222,-0.1275,,,,tt0042788,19119,,https://www.wikidata.org/wiki/Q425904,https://www.wikidata.org/wiki/Q84,Wikidata P915/P625/P6375/P577
Q309366,国家宝藏,film,2004-01-01,Q23220,伯克郡,51.42,-1.0,,,,tt0368891,2059,,https://www.wikidata.org/wiki/Q309366,https://www.wikidata.org/wiki/Q23220,Wikidata P915/P625/P6375/P577
Q160060,国王的演讲,film,2010-09-06,Q25818870,Drapers' Hall,51.515,-0.086404,,,,tt1504320,45269,,https://www.wikidata.org/wiki/Q160060,https://www.wikidata.org/wiki/Q25818870,Wikidata P915/P625/P6375/P577
Q160060,国王的演讲,film,2010-09-06,Q12066704,Queen Street Mill,53.81,-2.2,,,,tt1504320,45269,,https://www.wikidata.org/wiki/Q160060,https://www.wikidata.org/wiki/Q12066704,Wikidata P915/P625/P6375/P577
Q160060,国王的演讲,film,2010-09-06,Q7982558,Wendover Woods,51.7717,-0.71154,,,,tt1504320,45269,,https://www.wikidata.org/wiki/Q160060,https://www.wikidata.org/wiki/Q7982558,Wikidata P915/P625/P6375/P577
Q160060,国王的演讲,film,2010-09-06,Q579004,伊利座堂,52.398611111,0.263888888,,,,tt1504320,45269,,https://www.wikidata.org/wiki/Q160060,https://www.wikidata.org/wiki/Q579004,Wikidata P915/P625/P6375/P577
Q160060,国王的演讲,film,2010-09-06,Q84,伦敦,51.507222222,-0.1275,,,,tt1504320,45269,,https://www.wikidata.org/wiki/Q160060,https://www.wikidata.org/wiki/Q84,Wikidata P915/P625/P6375/P577
Q160060,国王的演讲,film,2010-09-06,Q5555209,哈尔顿府,51.781366666,-0.726405555,,,,tt1504320,45269,,https://www.wikidata.org/wiki/Q160060,https://www.wikidata.org/wiki/Q5555209,Wikidata P915/P625/P6375/P577
Q160060,国王的演讲,film,2010-09-06,Q19813,哈特菲爾德莊園,51.7606,-0.2092,Hatfield AL9 5NQ,,,tt1504320,45269,,https://www.wikidata.org/wiki/Q160060,https://www.wikidata.org/wiki/Q19813,Wikidata P915/P625/P6375/P577
Q160060,国王的演讲,film,2010-09-06,Q773458,哈里街,51.5206,-0.1477,,,,tt1504320,45269,,https://www.wikidata.org/wiki/Q160060,https://www.wikidata.org/wiki/Q773458,Wikidata P915/P625/P6375/P577
Q160060,国王的演讲,film,2010-09-06,Q1143701,坎伯兰小屋,51.4339,-0.6079,,,,tt1504320,45269,,https://www.wikidata.org/wiki/Q160060,https://www.wikidata.org/wiki/Q1143701,Wikidata P915/P625/P6375/P577
Q160060,国王的演讲,film,2010-09-06,Q3501089,埃尔斯特里影城,51.6587,-0.2758,,,,tt1504320,45269,,https://www.wikidata.org/wiki/Q160060,https://www.wikidata.org/wiki/Q3501089,Wikidata P915/P625/P6375/P577
Q160060,国王的演讲,film,2010-09-06,Q3115714,奥德赛球场,53.765,-1.756944,,,,tt1504320,45269,,https://www.wikidata.org/wiki/Q160060,https://www.wikidata.org/wiki/Q3115714,Wikidata P915/P625/P6375/P577
Q160060,国王的演讲,film,2010-09-06,Q810953,巴特西发电站,51.4811,-0.144444,,,,tt1504320,45269,,https://www.wikidata.org/wiki/Q160060,https://www.wikidata.org/wiki/Q810953,Wikidata P915/P625/P6375/P577
Q160060,国王的演讲,film,2010-09-06,Q16974828,恩格爾菲爾德府,51.4431,-1.10603,,,,tt1504320,45269,,https://www.wikidata.org/wiki/Q160060,https://www.wikidata.org/wiki/Q16974828,Wikidata P915/P625/P6375/P577
Q160060,国王的演讲,film,2010-09-06,Q1753590,旧皇家海军学院,51.483666666,-0.005944444,,,,tt1504320,45269,,https://www.wikidata.org/wiki/Q160060,https://www.wikidata.org/wiki/Q1753590,Wikidata P915/P625/P6375/P577
Q160060,国王的演讲,film,2010-09-06,Q7259437,普倫斯莊園,51.4894,-0.1005,,,,tt1504320,45269,,https://www.wikidata.org/wiki/Q160060,https://www.wikidata.org/wiki/Q7259437,Wikidata P915/P625/P6375/P577
Q160060,国王的演讲,film,2010-09-06,Q7231999,波特蘭街,51.520230555,-0.144988888,,,,tt1504320,45269,,https://www.wikidata.org/wiki/Q160060,https://www.wikidata.org/wiki/Q7231999,Wikidata P915/P625/P6375/P577
Q160060,国王的演讲,film,2010-09-06,Q19841,科内博斯厅,51.8728,-0.2148,Knebworth SG1 2AX,,,tt1504320,45269,,https://www.wikidata.org/wiki/Q160060,https://www.wikidata.org/wiki/Q19841,Wikidata P915/P625/P6375/P577
Q160060,国王的演讲,film,2010-09-06,Q619505,艾兰路球场,53.777777777,-1.572222222,"Elland Road, Leeds, LS11 0ES",,,tt1504320,45269,,https://www.wikidata.org/wiki/Q160060,https://www.wikidata.org/wiki/Q619505,Wikidata P915/P625/P6375/P577
Q160060,国王的演讲,film,2010-09-06,Q1146311,蘭開斯特宮,51.503888888,-0.139166666,,,,tt1504320,45269,,https://www.wikidata.org/wiki/Q160060,https://www.wikidata.org/wiki/Q1146311,Wikidata P915/P625/P6375/P577
Q118364834,國家元首 (電影),film,2025-07-02,Q84,伦敦,51.507222222,-0.1275,,,,tt13357520,749170,,https://www.wikidata.org/wiki/Q118364834,https://www.wikidata.org/wiki/Q84,Wikidata P915/P625/P6375/P577
Q841776,國際暗殺局,film,1969-01-01,Q661896,松木制片厂,51.548611111,-0.535,,,,tt0064045,69526,,https://www.wikidata.org/wiki/Q841776,https://www.wikidata.org/wiki/Q661896,Wikidata P915/P625/P6375/P577
Q643805,土地与自由,film,1995-04-07,Q24826,利物浦,53.407222222,-2.991666666,,,,tt0114671,38884,,https://www.wikidata.org/wiki/Q643805,https://www.wikidata.org/wiki/Q24826,Wikidata P915/P625/P6375/P577
Q913839,圣诞老人,film,1985-11-27,Q661896,松木制片厂,51.548611111,-0.535,,,,tt0089961,13764,,https://www.wikidata.org/wiki/Q913839,https://www.wikidata.org/wiki/Q661896,Wikidata P915/P625/P6375/P577
Q1571358,在屋頂上流浪,film,2007-01-01,Q23436,爱丁堡,55.953333333,-3.189166666,,,,tt0466816,2239,,https://www.wikidata.org/wiki/Q1571358,https://www.wikidata.org/wiki/Q23436,Wikidata P915/P625/P6375/P577
Q2579784,地心引力,film,2013-08-28,Q84,伦敦,51.507222222,-0.1275,,,,tt1454468,49047,,https://www.wikidata.org/wiki/Q2579784,https://www.wikidata.org/wiki/Q84,Wikidata P915/P625/P6375/P577
Q1215745,地心游记,film,1959-01-01,Q23436,爱丁堡,55.953333333,-3.189166666,,,,tt0052948,11571,,https://www.wikidata.org/wiki/Q1215745,https://www.wikidata.org/wiki/Q23436,Wikidata P915/P625/P6375/P577
Q1263875,地狱司机,film,1957-07-23,Q661896,松木制片厂,51.548611111,-0.535,,,,tt0051713,44940,,https://www.wikidata.org/wiki/Q1263875,https://www.wikidata.org/wiki/Q661896,Wikidata P915/P625/P6375/P577
Q7739343,地獄之火,film,1961-01-01,Q661896,松木制片厂,51.548611111,-0.535,,,,tt0053903,95029,,https://www.wikidata.org/wiki/Q7739343,https://www.wikidata.org/wiki/Q661896,Wikidata P915/P625/P6375/P577
Q651196,地獄怪客2：金甲軍團,film,2008-06-28,Q84,伦敦,51.507222222,-0.1275,,,,tt0411477,11253,,https://www.wikidata.org/wiki/Q651196,https://www.wikidata.org/wiki/Q84,Wikidata P915/P625/P6375/P577
Q858047,坎特伯雷故事集,film,1972-07-02,Q1808895,Lavenham,52.1076,0.795438888,,,,tt0067647,5691,,https://www.wikidata.org/wiki/Q858047,https://www.wikidata.org/wiki/Q1808895,Wikidata P915/P625/P6375/P577
Q858047,坎特伯雷故事集,film,1972-07-02,Q1809395,Layer Marney Tower,51.82265,0.7969,Nr. Colchester CO5 9US,,,tt0067647,5691,,https://www.wikidata.org/wiki/Q858047,https://www.wikidata.org/wiki/Q1809395,Wikidata P915/P625/P6375/P577
Q858047,坎特伯雷故事集,film,1972-07-02,Q2796929,St Osyth,51.799,1.08,,,,tt0067647,5691,,https://www.wikidata.org/wiki/Q858047,https://www.wikidata.org/wiki/Q2796929,Wikidata P915/P625/P6375/P577
Q858047,坎特伯雷故事集,film,1972-07-02,Q350,剑桥,52.208055555,0.1225,,,,tt0067647,5691,,https://www.wikidata.org/wiki/Q858047,https://www.wikidata.org/wiki/Q350,Wikidata P915/P625/P6375/P577
Q858047,坎特伯雷故事集,film,1972-07-02,Q29265,坎特伯雷座堂,51.279811,1.083001,,,,tt0067647,5691,,https://www.wikidata.org/wiki/Q858047,https://www.wikidata.org/wiki/Q29265,Wikidata P915/P625/P6375/P577
Q858047,坎特伯雷故事集,film,1972-07-02,Q767811,奇平卡姆登,52.054,-1.773,,,,tt0067647,5691,,https://www.wikidata.org/wiki/Q858047,https://www.wikidata.org/wiki/Q767811,Wikidata P915/P625/P6375/P577
Q858047,坎特伯雷故事集,film,1972-07-02,Q22889,巴斯,51.381388888,-2.359722222,,,,tt0067647,5691,,https://www.wikidata.org/wiki/Q858047,https://www.wikidata.org/wiki/Q22889,Wikidata P915/P625/P6375/P577
Q858047,坎特伯雷故事集,film,1972-07-02,Q810981,战役修道院,50.915,0.485833333,,,,tt0067647,5691,,https://www.wikidata.org/wiki/Q858047,https://www.wikidata.org/wiki/Q810981,Wikidata P915/P625/P6375/P577
Q858047,坎特伯雷故事集,film,1972-07-02,Q1020800,拉伊,50.95,0.733333333,,,,tt0067647,5691,,https://www.wikidata.org/wiki/Q858047,https://www.wikidata.org/wiki/Q1020800,Wikidata P915/P625/P6375/P577
Q858047,坎特伯雷故事集,film,1972-07-02,Q213180,梅德斯通区,51.271666666,0.529444444,,,,tt0067647,5691,,https://www.wikidata.org/wiki/Q858047,https://www.wikidata.org/wiki/Q213180,Wikidata P915/P625/P6375/P577
Q858047,坎特伯雷故事集,film,1972-07-02,Q549761,沃里克,52.28,-1.59,,,,tt0067647,5691,,https://www.wikidata.org/wiki/Q858047,https://www.wikidata.org/wiki/Q549761,Wikidata P915/P625/P6375/P577
Q858047,坎特伯雷故事集,film,1972-07-02,Q2313624,羅文登,51.053,0.631,,,,tt0067647,5691,,https://www.wikidata.org/wiki/Q858047,https://www.wikidata.org/wiki/Q2313624,Wikidata P915/P625/P6375/P577
Q858047,坎特伯雷故事集,film,1972-07-02,Q519614,韋爾斯大教堂,51.2104,-2.6437,,,,tt0067647,5691,,https://www.wikidata.org/wiki/Q858047,https://www.wikidata.org/wiki/Q519614,Wikidata P915/P625/P6375/P577
Q858047,坎特伯雷故事集,film,1972-07-02,Q29245,黑斯廷斯,50.855,0.583333333,,,,tt0067647,5691,,https://www.wikidata.org/wiki/Q858047,https://www.wikidata.org/wiki/Q29245,Wikidata P915/P625/P6375/P577
Q4807884,塊肉餘生記,film,1969-01-01,Q661896,松木制片厂,51.548611111,-0.535,,,,tt0065615,131347,,https://www.wikidata.org/wiki/Q4807884,https://www.wikidata.org/wiki/Q661896,Wikidata P915/P625/P6375/P577
Q14948585,塑料,film,2014-01-01,Q84,伦敦,51.507222222,-0.1275,,,,tt2556874,208869,,https://www.wikidata.org/wiki/Q14948585,https://www.wikidata.org/wiki/Q84,Wikidata P915/P625/P6375/P577
Q1088489,塞巴斯蒂安,film,1976-12-01,Q21,英格兰,53.0,-1.0,,,,tt0075177,42241,,https://www.wikidata.org/wiki/Q1088489,https://www.wikidata.org/wiki/Q21,Wikidata P915/P625/P6375/P577
Q14171368,复仇者联盟2：奥创纪元,film,2015-04-22,Q3128782,Hawley,51.317,-0.768,,,,tt2395427,99861,,https://www.wikidata.org/wiki/Q14171368,https://www.wikidata.org/wiki/Q3128782,Wikidata P915/P625/P6375/P577
Q14171368,复仇者联盟2：奥创纪元,film,2015-04-22,Q5713579,亨頓警校,51.593,-0.242,,,,tt2395427,99861,,https://www.wikidata.org/wiki/Q14171368,https://www.wikidata.org/wiki/Q5713579,Wikidata P915/P625/P6375/P577
Q14171368,复仇者联盟2：奥创纪元,film,2015-04-22,Q84,伦敦,51.507222222,-0.1275,,,,tt2395427,99861,,https://www.wikidata.org/wiki/Q14171368,https://www.wikidata.org/wiki/Q84,Wikidata P915/P625/P6375/P577
Q14171368,复仇者联盟2：奥创纪元,film,2015-04-22,Q28113,伯恩伍德,51.191,-0.778,,,,tt2395427,99861,,https://www.wikidata.org/wiki/Q14171368,https://www.wikidata.org/wiki/Q28113,Wikidata P915/P625/P6375/P577
Q14171368,复仇者联盟2：奥创纪元,film,2015-04-22,Q7400532,塞恩斯伯里视觉艺术中心,52.6203,1.2347,"University of East Anglia, Norwich NR4 7TJ",,,tt2395427,99861,,https://www.wikidata.org/wiki/Q14171368,https://www.wikidata.org/wiki/Q7400532,Wikidata P915/P625/P6375/P577
Q14171368,复仇者联盟2：奥创纪元,film,2015-04-22,Q950970,多佛爾城堡,51.128268,1.3235035,,,,tt2395427,99861,,https://www.wikidata.org/wiki/Q14171368,https://www.wikidata.org/wiki/Q950970,Wikidata P915/P625/P6375/P577
Q14171368,复仇者联盟2：奥创纪元,film,2015-04-22,Q1202039,皇家哈洛威学院,51.4248,-0.566731,"Royal Holloway and Bedford New College, Egham Hill, Egham, Surrey, TW20 0EX",,,tt2395427,99861,,https://www.wikidata.org/wiki/Q14171368,https://www.wikidata.org/wiki/Q1202039,Wikidata P915/P625/P6375/P577
Q23781155,复仇者联盟4,film,2019-04-22,Q4093,格拉斯哥,55.861111111,-4.25,,,,tt4154796,299534,,https://www.wikidata.org/wiki/Q23781155,https://www.wikidata.org/wiki/Q4093,Wikidata P915/P625/P6375/P577
Q23781155,复仇者联盟4,film,2019-04-22,Q23436,爱丁堡,55.953333333,-3.189166666,,,,tt4154796,299534,,https://www.wikidata.org/wiki/Q23781155,https://www.wikidata.org/wiki/Q23436,Wikidata P915/P625/P6375/P577
Q23781155,复仇者联盟4,film,2019-04-22,Q106652,苏格兰高地,57.12,-4.71,,,,tt4154796,299534,,https://www.wikidata.org/wiki/Q23781155,https://www.wikidata.org/wiki/Q106652,Wikidata P915/P625/P6375/P577
Q576941,夏夜狂舞,film,2007-01-01,Q84,伦敦,51.507222222,-0.1275,,,,tt0833476,14162,,https://www.wikidata.org/wiki/Q576941,https://www.wikidata.org/wiki/Q84,Wikidata P915/P625/P6375/P577
Q7142765,夏日戀火,film,1958-01-01,Q661896,松木制片厂,51.548611111,-0.535,,,,tt0052053,446104,,https://www.wikidata.org/wiki/Q7142765,https://www.wikidata.org/wiki/Q661896,Wikidata P915/P625/P6375/P577
Q2003242,夏洛克·福尔摩斯,film,1922-01-01,Q84,伦敦,51.507222222,-0.1275,,,,tt0013597,53800,,https://www.wikidata.org/wiki/Q2003242,https://www.wikidata.org/wiki/Q84,Wikidata P915/P625/P6375/P577
Q604180,夏洛克福尔摩斯的私人生活,film,1970-01-01,Q661896,松木制片厂,51.548611111,-0.535,,,,tt0066249,5185,,https://www.wikidata.org/wiki/Q604180,https://www.wikidata.org/wiki/Q661896,Wikidata P915/P625/P6375/P577
Q4660560,夕陽無限好,film,1973-01-01,Q661896,松木制片厂,51.548611111,-0.535,,,,tt0070898,67696,,https://www.wikidata.org/wiki/Q4660560,https://www.wikidata.org/wiki/Q661896,Wikidata P915/P625/P6375/P577
Q663034,多情貓,film,1963-12-11,Q661896,松木制片厂,51.548611111,-0.535,,,,tt0057579,15081,,https://www.wikidata.org/wiki/Q663034,https://www.wikidata.org/wiki/Q661896,Wikidata P915/P625/P6375/P577
Q8990291,夜刑者,film,2013-01-01,Q84,伦敦,51.507222222,-0.1275,,,,tt1893256,136418,,https://www.wikidata.org/wiki/Q8990291,https://www.wikidata.org/wiki/Q84,Wikidata P915/P625/P6375/P577
Q1024694,夜行駭傳,film,1990-02-16,Q661896,松木制片厂,51.548611111,-0.535,,,,tt0100260,20481,,https://www.wikidata.org/wiki/Q1024694,https://www.wikidata.org/wiki/Q661896,Wikidata P915/P625/P6375/P577
Q318910,夜访吸血鬼,film,1994-11-11,Q661896,松木制片厂,51.548611111,-0.535,,,,tt0110148,628,,https://www.wikidata.org/wiki/Q318910,https://www.wikidata.org/wiki/Q661896,Wikidata P915/P625/P6375/P577
Q243643,大侦探福尔摩斯2：诡影游戏,film,2011-12-16,Q84,伦敦,51.507222222,-0.1275,,,,tt1515091,58574,,https://www.wikidata.org/wiki/Q243643,https://www.wikidata.org/wiki/Q84,Wikidata P915/P625/P6375/P577
Q243643,大侦探福尔摩斯2：诡影游戏,film,2011-12-16,Q205666,汉普敦宫,51.4034,-0.337499,"Hampton Court Palace, East Molesey KT8 9AU",,,tt1515091,58574,,https://www.wikidata.org/wiki/Q243643,https://www.wikidata.org/wiki/Q205666,Wikidata P915/P625/P6375/P577
Q243643,大侦探福尔摩斯2：诡影游戏,film,2011-12-16,Q23298,肯特郡,51.19,0.73,,,,tt1515091,58574,,https://www.wikidata.org/wiki/Q243643,https://www.wikidata.org/wiki/Q23298,Wikidata P915/P625/P6375/P577
Q179508,大國手嬉春,film,1967-12-15,Q661896,松木制片厂,51.548611111,-0.535,,,,tt0061450,5064,,https://www.wikidata.org/wiki/Q179508,https://www.wikidata.org/wiki/Q661896,Wikidata P915/P625/P6375/P577
Q209481,大开眼戒,film,1999-01-01,Q661896,松木制片厂,51.548611111,-0.535,,,,tt0120663,345,,https://www.wikidata.org/wiki/Q209481,https://www.wikidata.org/wiki/Q661896,Wikidata P915/P625/P6375/P577
Q267063,大情人嬉春,film,1970-01-01,Q661896,松木制片厂,51.548611111,-0.535,,,,tt0065524,24570,,https://www.wikidata.org/wiki/Q267063,https://www.wikidata.org/wiki/Q661896,Wikidata P915/P625/P6375/P577
Q10858674,大眼睛,film,2014-01-01,Q23154,布里斯托尔,51.453611111,-2.5975,,,,tt1126590,87093,,https://www.wikidata.org/wiki/Q10858674,https://www.wikidata.org/wiki/Q23154,Wikidata P915/P625/P6375/P577
Q7717690,大膽賊,film,1965-01-01,Q661896,松木制片厂,51.548611111,-0.535,,,,tt0058969,63912,,https://www.wikidata.org/wiki/Q7717690,https://www.wikidata.org/wiki/Q661896,Wikidata P915/P625/P6375/P577
Q2146384,大英风流帝国,film,1976-01-01,Q661896,松木制片厂,51.548611111,-0.535,,,,tt0074286,21251,,https://www.wikidata.org/wiki/Q2146384,https://www.wikidata.org/wiki/Q661896,Wikidata P915/P625/P6375/P577
Q1420374,大衛王,film,1985-01-01,Q661896,松木制片厂,51.548611111,-0.535,,,,tt0089420,42040,,https://www.wikidata.org/wiki/Q1420374,https://www.wikidata.org/wiki/Q661896,Wikidata P915/P625/P6375/P577
Q492861,大西洋爭霸戰,film,1956-01-01,Q661896,松木制片厂,51.548611111,-0.535,,,,tt0048990,17591,,https://www.wikidata.org/wiki/Q492861,https://www.wikidata.org/wiki/Q661896,Wikidata P915/P625/P6375/P577
Q7991561,大話世界,film,1961-01-01,Q661896,松木制片厂,51.548611111,-0.535,,,,tt0055615,253815,,https://www.wikidata.org/wiki/Q7991561,https://www.wikidata.org/wiki/Q661896,Wikidata P915/P625/P6375/P577
Q302927,大賊嬉春,film,1974-07-12,Q661896,松木制片厂,51.548611111,-0.535,,,,tt0071281,26327,,https://www.wikidata.org/wiki/Q302927,https://www.wikidata.org/wiki/Q661896,Wikidata P915/P625/P6375/P577
Q3224390,大賽,film,1999-08-13,Q7621158,Straiton,55.3114,-4.5515,,,,tt0165384,41160,,https://www.wikidata.org/wiki/Q3224390,https://www.wikidata.org/wiki/Q7621158,Wikidata P915/P625/P6375/P577
Q12126160,大都會之地,film,1973-01-01,Q19891,大都会线,51.514,-0.076,,,,tt0861719,378086,16804,https://www.wikidata.org/wiki/Q12126160,https://www.wikidata.org/wiki/Q19891,Wikidata P915/P625/P6375/P577
Q1092932,大马戏团,film,1964-01-01,Q661896,松木制片厂,51.548611111,-0.535,,,,tt0057952,42782,,https://www.wikidata.org/wiki/Q1092932,https://www.wikidata.org/wiki/Q661896,Wikidata P915/P625/P6375/P577
Q45318,天使威士忌,film,2012-05-22,Q23436,爱丁堡,55.953333333,-3.189166666,,,,tt1924394,103747,,https://www.wikidata.org/wiki/Q45318,https://www.wikidata.org/wiki/Q23436,Wikidata P915/P625/P6375/P577
Q124737605,天劫倒數2：大遷徙,film,2026-01-08,Q117562434,Shinfield Studios,51.416388888,-0.938061111,,,,tt14850054,840464,,https://www.wikidata.org/wiki/Q124737605,https://www.wikidata.org/wiki/Q117562434,Wikidata P915/P625/P6375/P577
Q124737605,天劫倒數2：大遷徙,film,2026-01-08,Q443840,阿尔顿,51.1498,-0.9769,,,,tt14850054,840464,,https://www.wikidata.org/wiki/Q124737605,https://www.wikidata.org/wiki/Q443840,Wikidata P915/P625/P6375/P577
Q148204,天国之门,film,1980-01-01,Q661896,松木制片厂,51.548611111,-0.535,,,,tt0080855,10935,,https://www.wikidata.org/wiki/Q148204,https://www.wikidata.org/wiki/Q661896,Wikidata P915/P625/P6375/P577
Q635352,天堂五分鐘,film,2009-01-01,Q1702713,卢根,54.4647,-6.33222,,,,tt1238291,16759,,https://www.wikidata.org/wiki/Q635352,https://www.wikidata.org/wiki/Q1702713,Wikidata P915/P625/P6375/P577
Q635352,天堂五分鐘,film,2009-01-01,Q5568151,格莱纳姆,54.966666666,-5.966666666,,,,tt1238291,16759,,https://www.wikidata.org/wiki/Q635352,https://www.wikidata.org/wiki/Q5568151,Wikidata P915/P625/P6375/P577
Q635352,天堂五分鐘,film,2009-01-01,Q2192709,纽敦纳兹,54.591,-5.68,,,,tt1238291,16759,,https://www.wikidata.org/wiki/Q635352,https://www.wikidata.org/wiki/Q2192709,Wikidata P915/P625/P6375/P577
Q635352,天堂五分鐘,film,2009-01-01,Q10686,贝尔法斯特,54.596666666,-5.93,,,,tt1238291,16759,,https://www.wikidata.org/wiki/Q635352,https://www.wikidata.org/wiki/Q10686,Wikidata P915/P625/P6375/P577
Q635352,天堂五分鐘,film,2009-01-01,Q116756,鄧唐納德,54.594,-5.813,,,,tt1238291,16759,,https://www.wikidata.org/wiki/Q635352,https://www.wikidata.org/wiki/Q116756,Wikidata P915/P625/P6375/P577
Q20992425,天才無限家,film,2015-09-17,Q6670230,The Charterhouse,51.521388888,-0.099722222,,,,tt0787524,353326,,https://www.wikidata.org/wiki/Q20992425,https://www.wikidata.org/wiki/Q6670230,Wikidata P915/P625/P6375/P577
Q20992425,天才無限家,film,2015-09-17,Q332342,剑桥大学三一学院,52.206944444,0.116944444,,,,tt0787524,353326,,https://www.wikidata.org/wiki/Q20992425,https://www.wikidata.org/wiki/Q332342,Wikidata P915/P625/P6375/P577
Q1137856,天旋地轉,film,1997-01-01,Q84,伦敦,51.507222222,-0.1275,,,,tt0120185,6116,,https://www.wikidata.org/wiki/Q1137856,https://www.wikidata.org/wiki/Q84,Wikidata P915/P625/P6375/P577
Q3129651,天涯历险记,film,1962-12-19,Q661896,松木制片厂,51.548611111,-0.535,,,,tt0056095,34774,,https://www.wikidata.org/wiki/Q3129651,https://www.wikidata.org/wiki/Q661896,Wikidata P915/P625/P6375/P577
Q534899,天涯此處有知心,film,1970-01-01,Q661896,松木制片厂,51.548611111,-0.535,,,,tt0066943,223568,,https://www.wikidata.org/wiki/Q534899,https://www.wikidata.org/wiki/Q661896,Wikidata P915/P625/P6375/P577
Q7715922,天涯脂粉客,film,1976-05-10,Q661896,松木制片厂,51.548611111,-0.535,,,,tt0074189,278976,,https://www.wikidata.org/wiki/Q7715922,https://www.wikidata.org/wiki/Q661896,Wikidata P915/P625/P6375/P577
Q729782,天生一对,film,1998-07-29,Q84,伦敦,51.507222222,-0.1275,,,,tt0120783,9820,,https://www.wikidata.org/wiki/Q729782,https://www.wikidata.org/wiki/Q84,Wikidata P915/P625/P6375/P577
Q1122654,天生浪漫,film,2000-01-01,Q84,伦敦,51.507222222,-0.1275,,,,tt0236034,35066,,https://www.wikidata.org/wiki/Q1122654,https://www.wikidata.org/wiki/Q84,Wikidata P915/P625/P6375/P577
Q7764665,天空的极限,film,1943-01-01,Q661896,松木制片厂,51.548611111,-0.535,,,,tt0036363,43515,,https://www.wikidata.org/wiki/Q7764665,https://www.wikidata.org/wiki/Q661896,Wikidata P915/P625/P6375/P577
Q17634968,天菜大廚,film,2015-01-01,Q84,伦敦,51.507222222,-0.1275,,,,tt2503944,295964,,https://www.wikidata.org/wiki/Q17634968,https://www.wikidata.org/wiki/Q84,Wikidata P915/P625/P6375/P577
Q271281,太阳帝国,film,1987-12-11,Q3410,赫特福德郡,51.9,-0.2,,,,tt0092965,10110,,https://www.wikidata.org/wiki/Q271281,https://www.wikidata.org/wiki/Q3410,Wikidata P915/P625/P6375/P577
Q6683800,失孩記,film,1955-01-01,Q661896,松木制片厂,51.548611111,-0.535,,,,tt0048315,129084,,https://www.wikidata.org/wiki/Q6683800,https://www.wikidata.org/wiki/Q661896,Wikidata P915/P625/P6375/P577
Q1009708,失蹤的邦妮,film,1965-10-03,Q84,伦敦,51.507222222,-0.1275,,,,tt0058997,1942,,https://www.wikidata.org/wiki/Q1009708,https://www.wikidata.org/wiki/Q84,Wikidata P915/P625/P6375/P577
Q174284,夺宝奇兵,film,1981-06-12,Q7374460,Royal Masonic School for Girls,51.6478,-0.473333,"Royal Masonic School for Girls, Rickmansworth Park, Chorleywood Road, Rickmansworth, Hertfordshire, WD3 4HF",,,tt0082971,85,,https://www.wikidata.org/wiki/Q174284,https://www.wikidata.org/wiki/Q7374460,Wikidata P915/P625/P6375/P577
Q174284,夺宝奇兵,film,1981-06-12,Q22001022,埃尔斯特里制片厂,51.6587,-0.2758,,,,tt0082971,85,,https://www.wikidata.org/wiki/Q174284,https://www.wikidata.org/wiki/Q22001022,Wikidata P915/P625/P6375/P577
Q174284,夺宝奇兵,film,1981-06-12,Q3410,赫特福德郡,51.9,-0.2,,,,tt0082971,85,,https://www.wikidata.org/wiki/Q174284,https://www.wikidata.org/wiki/Q3410,Wikidata P915/P625/P6375/P577
Q18406872,奇异博士,film,2016-10-20,Q84,伦敦,51.507222222,-0.1275,,,,tt1211837,284052,,https://www.wikidata.org/wiki/Q18406872,https://www.wikidata.org/wiki/Q84,Wikidata P915/P625/P6375/P577
Q18406872,奇异博士,film,2016-10-20,Q1070428,彻特西,51.3902,-0.5074,,,,tt1211837,284052,,https://www.wikidata.org/wiki/Q18406872,https://www.wikidata.org/wiki/Q1070428,Wikidata P915/P625/P6375/P577
Q18406872,奇异博士,film,2016-10-20,Q6673670,朗克羅斯製片廠,51.3817,-0.592833,,,,tt1211837,284052,,https://www.wikidata.org/wiki/Q18406872,https://www.wikidata.org/wiki/Q6673670,Wikidata P915/P625/P6375/P577
Q18406872,奇异博士,film,2016-10-20,Q661896,松木制片厂,51.548611111,-0.535,,,,tt1211837,284052,,https://www.wikidata.org/wiki/Q18406872,https://www.wikidata.org/wiki/Q661896,Wikidata P915/P625/P6375/P577
Q18406872,奇异博士,film,2016-10-20,Q81173,牛津大学艾克赛特学院,51.754166666,-1.256111111,,,,tt1211837,284052,,https://www.wikidata.org/wiki/Q18406872,https://www.wikidata.org/wiki/Q81173,Wikidata P915/P625/P6375/P577
Q105702,奇爱博士,film,1964-01-01,Q84,伦敦,51.507222222,-0.1275,,,,tt0057012,935,,https://www.wikidata.org/wiki/Q105702,https://www.wikidata.org/wiki/Q84,Wikidata P915/P625/P6375/P577
Q105702,奇爱博士,film,1964-01-01,Q8691,希思罗机场,51.4775,-0.461389,,,,tt0057012,935,,https://www.wikidata.org/wiki/Q105702,https://www.wikidata.org/wiki/Q8691,Wikidata P915/P625/P6375/P577
Q64211112,奇異博士2：瘋狂多重宇宙,film,2022-05-04,Q84,伦敦,51.507222222,-0.1275,,,,tt9419884,453395,,https://www.wikidata.org/wiki/Q64211112,https://www.wikidata.org/wiki/Q84,Wikidata P915/P625/P6375/P577
Q64211112,奇異博士2：瘋狂多重宇宙,film,2022-05-04,Q23276,萨里郡,51.25,-0.45,,,,tt9419884,453395,,https://www.wikidata.org/wiki/Q64211112,https://www.wikidata.org/wiki/Q23276,Wikidata P915/P625/P6375/P577
Q64211112,奇異博士2：瘋狂多重宇宙,film,2022-05-04,Q23157,萨默塞特郡,51.3,-3.0,,,,tt9419884,453395,,https://www.wikidata.org/wiki/Q64211112,https://www.wikidata.org/wiki/Q23157,Wikidata P915/P625/P6375/P577
Q131547207,奧德賽,film,2026-07-06,Q145,英国,54.6,-2.0,,,,tt33764258,1368337,,https://www.wikidata.org/wiki/Q131547207,https://www.wikidata.org/wiki/Q145,Wikidata P915/P625/P6375/P577
Q8031338,女人秘话,film,1999-01-01,Q23436,爱丁堡,55.953333333,-3.189166666,,,,tt0180316,127286,,https://www.wikidata.org/wiki/Q8031338,https://www.wikidata.org/wiki/Q23436,Wikidata P915/P625/P6375/P577
Q1219584,女兒國嬉春,film,1970-03-20,Q661896,松木制片厂,51.548611111,-0.535,,,,tt0065525,17276,,https://www.wikidata.org/wiki/Q1219584,https://www.wikidata.org/wiki/Q661896,Wikidata P915/P625/P6375/P577
Q63630439,女巫,film,2020-10-22,Q19835,華納兄弟利維斯登製片廠,51.693333333,-0.419722222,,,,tt0805647,531219,,https://www.wikidata.org/wiki/Q63630439,https://www.wikidata.org/wiki/Q19835,Wikidata P915/P625/P6375/P577
Q730321,女煞星,film,1967-02-12,Q661896,松木制片厂,51.548611111,-0.535,,,,tt0060288,5056,,https://www.wikidata.org/wiki/Q730321,https://www.wikidata.org/wiki/Q661896,Wikidata P915/P625/P6375/P577
Q73543261,女聲我最美,film,2010-01-01,Q21,英格兰,53.0,-1.0,,,,tt8951692,617784,,https://www.wikidata.org/wiki/Q73543261,https://www.wikidata.org/wiki/Q21,Wikidata P915/P625/P6375/P577
Q1758405,女英烈傳,film,1958-01-01,Q661896,松木制片厂,51.548611111,-0.535,,,,tt0051454,44559,,https://www.wikidata.org/wiki/Q1758405,https://www.wikidata.org/wiki/Q661896,Wikidata P915/P625/P6375/P577
Q283134,女超人,film,1984-07-19,Q661896,松木制片厂,51.548611111,-0.535,,,,tt0088206,9651,,https://www.wikidata.org/wiki/Q283134,https://www.wikidata.org/wiki/Q661896,Wikidata P915/P625/P6375/P577
Q1346745,如果…,film,1968-12-05,Q467269,切尔滕纳姆学院,51.891666666,-2.075,"Cheltenham College, Bath Road, Cheltenham, Gloucestershire, GL53 7LD",,,tt0063850,14794,,https://www.wikidata.org/wiki/Q1346745,https://www.wikidata.org/wiki/Q467269,Wikidata P915/P625/P6375/P577
Q1346745,如果…,film,1968-12-05,Q4713602,奧登漢姆學校,51.663333333,-0.327777777,,,,tt0063850,14794,,https://www.wikidata.org/wiki/Q1346745,https://www.wikidata.org/wiki/Q4713602,Wikidata P915/P625/P6375/P577
Q853351,如果能再愛一次,film,2004-01-23,Q84,伦敦,51.507222222,-0.1275,,,,tt0332136,15775,,https://www.wikidata.org/wiki/Q853351,https://www.wikidata.org/wiki/Q84,Wikidata P915/P625/P6375/P577
Q17021589,妇女参政论者,film,2015-01-01,Q84,伦敦,51.507222222,-0.1275,,,,tt3077214,245168,,https://www.wikidata.org/wiki/Q17021589,https://www.wikidata.org/wiki/Q84,Wikidata P915/P625/P6375/P577
Q188850,妈妈咪呀！,film,2008-06-30,Q1814818,劳埃德大厦,51.513055555,-0.0825,,,,tt0795421,11631,,https://www.wikidata.org/wiki/Q188850,https://www.wikidata.org/wiki/Q1814818,Wikidata P915/P625/P6375/P577
Q188850,妈妈咪呀！,film,2008-06-30,Q67285329,白金汉郡,51.828022246,-0.790425894,,,,tt0795421,11631,,https://www.wikidata.org/wiki/Q188850,https://www.wikidata.org/wiki/Q67285329,Wikidata P915/P625/P6375/P577
Q1143625,威尔比阴谋,film,1975-02-13,Q661896,松木制片厂,51.548611111,-0.535,,,,tt0073901,7008,,https://www.wikidata.org/wiki/Q1143625,https://www.wikidata.org/wiki/Q661896,Wikidata P915/P625/P6375/P577
Q114589148,威尼斯魅影謀殺案,film,2023-09-13,Q661896,松木制片厂,51.548611111,-0.535,,,,tt22687790,945729,,https://www.wikidata.org/wiki/Q114589148,https://www.wikidata.org/wiki/Q661896,Wikidata P915/P625/P6375/P577
Q3354874,威震大西洋,film,1955-01-01,Q661896,松木制片厂,51.548611111,-0.535,,,,tt0047797,28909,,https://www.wikidata.org/wiki/Q3354874,https://www.wikidata.org/wiki/Q661896,Wikidata P915/P625/P6375/P577
Q1027175,婚禮約會,film,2005-01-01,Q84,伦敦,51.507222222,-0.1275,,,,tt0372532,6961,,https://www.wikidata.org/wiki/Q1027175,https://www.wikidata.org/wiki/Q84,Wikidata P915/P625/P6375/P577
Q971652,嬰派,film,1988-01-01,Q661896,松木制片厂,51.548611111,-0.535,,,,tt0097487,115616,,https://www.wikidata.org/wiki/Q971652,https://www.wikidata.org/wiki/Q661896,Wikidata P915/P625/P6375/P577
Q3301799,季節,film,2011-01-01,Q23436,爱丁堡,55.953333333,-3.189166666,,,,tt1627924,75157,,https://www.wikidata.org/wiki/Q3301799,https://www.wikidata.org/wiki/Q23436,Wikidata P915/P625/P6375/P577
Q4781641,孤島抗敵記,film,1951-01-01,Q661896,松木制片厂,51.548611111,-0.535,,,,tt0043293,140429,,https://www.wikidata.org/wiki/Q4781641,https://www.wikidata.org/wiki/Q661896,Wikidata P915/P625/P6375/P577
Q1282209,孤星血泪,film,1946-01-01,Q661896,松木制片厂,51.548611111,-0.535,,,,tt0038574,14320,,https://www.wikidata.org/wiki/Q1282209,https://www.wikidata.org/wiki/Q661896,Wikidata P915/P625/P6375/P577
Q1674808,學士嬉春,film,1959-08-25,Q661896,松木制片厂,51.548611111,-0.535,,,,tt0052676,32113,,https://www.wikidata.org/wiki/Q1674808,https://www.wikidata.org/wiki/Q661896,Wikidata P915/P625/P6375/P577
Q743463,宇宙怪婴,film,1981-01-23,Q84,伦敦,51.507222222,-0.1275,,,,tt0084090,46364,,https://www.wikidata.org/wiki/Q743463,https://www.wikidata.org/wiki/Q84,Wikidata P915/P625/P6375/P577
Q5375525,安可,film,1951-01-01,Q661896,松木制片厂,51.548611111,-0.535,,,,tt0044586,197647,,https://www.wikidata.org/wiki/Q5375525,https://www.wikidata.org/wiki/Q661896,Wikidata P915/P625/P6375/P577
Q282069,完美谋杀案,film,1998-01-01,Q661896,松木制片厂,51.548611111,-0.535,,,,tt0120787,1965,,https://www.wikidata.org/wiki/Q282069,https://www.wikidata.org/wiki/Q661896,Wikidata P915/P625/P6375/P577
Q104857419,宝刀未老,film,2022-01-01,Q84,伦敦,51.507222222,-0.1275,,,,tt3706352,294793,,https://www.wikidata.org/wiki/Q104857419,https://www.wikidata.org/wiki/Q84,Wikidata P915/P625/P6375/P577
Q3731438,寂寞的男人,film,1961-01-01,Q661896,松木制片厂,51.548611111,-0.535,,,,tt0055234,169618,,https://www.wikidata.org/wiki/Q3731438,https://www.wikidata.org/wiki/Q661896,Wikidata P915/P625/P6375/P577
Q112183404,寂静之地：入侵日,film,2024-06-26,Q84,伦敦,51.507222222,-0.1275,,,,tt13433802,762441,,https://www.wikidata.org/wiki/Q112183404,https://www.wikidata.org/wiki/Q84,Wikidata P915/P625/P6375/P577
Q112183404,寂静之地：入侵日,film,2024-06-26,Q19835,華納兄弟利維斯登製片廠,51.693333333,-0.419722222,,,,tt13433802,762441,,https://www.wikidata.org/wiki/Q112183404,https://www.wikidata.org/wiki/Q19835,Wikidata P915/P625/P6375/P577
Q1251157,寶劍玫瑰,film,1953-07-23,Q661896,松木制片厂,51.548611111,-0.535,,,,tt0046387,64851,,https://www.wikidata.org/wiki/Q1251157,https://www.wikidata.org/wiki/Q661896,Wikidata P915/P625/P6375/P577
Q3225937,寶劍飛龍,film,1957-01-01,Q661896,松木制片厂,51.548611111,-0.535,,,,tt0050287,169338,,https://www.wikidata.org/wiki/Q3225937,https://www.wikidata.org/wiki/Q661896,Wikidata P915/P625/P6375/P577
Q99897499,封城之後,film,2021-01-14,Q84,伦敦,51.507222222,-0.1275,,,,tt13061914,741228,,https://www.wikidata.org/wiki/Q99897499,https://www.wikidata.org/wiki/Q84,Wikidata P915/P625/P6375/P577
Q99897499,封城之後,film,2021-01-14,Q332474,哈洛德百货公司,51.499586,-0.163517,,,,tt13061914,741228,,https://www.wikidata.org/wiki/Q99897499,https://www.wikidata.org/wiki/Q332474,Wikidata P915/P625/P6375/P577
Q578873,將計就計,film,1999-04-15,Q84,伦敦,51.507222222,-0.1275,,,,tt0137494,1844,,https://www.wikidata.org/wiki/Q578873,https://www.wikidata.org/wiki/Q84,Wikidata P915/P625/P6375/P577
Q578873,將計就計,film,1999-04-15,Q1814818,劳埃德大厦,51.513055555,-0.0825,,,,tt0137494,1844,,https://www.wikidata.org/wiki/Q578873,https://www.wikidata.org/wiki/Q1814818,Wikidata P915/P625/P6375/P577
Q578873,將計就計,film,1999-04-15,Q661896,松木制片厂,51.548611111,-0.535,,,,tt0137494,1844,,https://www.wikidata.org/wiki/Q578873,https://www.wikidata.org/wiki/Q661896,Wikidata P915/P625/P6375/P577
Q578873,將計就計,film,1999-04-15,Q23169,牛津郡,51.75,-1.28,,,,tt0137494,1844,,https://www.wikidata.org/wiki/Q578873,https://www.wikidata.org/wiki/Q23169,Wikidata P915/P625/P6375/P577
Q208204,尋找夢幻島,film,2004-01-01,Q84,伦敦,51.507222222,-0.1275,,,,tt0308644,866,,https://www.wikidata.org/wiki/Q208204,https://www.wikidata.org/wiki/Q84,Wikidata P915/P625/P6375/P577
Q208204,尋找夢幻島,film,2004-01-01,Q661896,松木制片厂,51.548611111,-0.535,,,,tt0308644,866,,https://www.wikidata.org/wiki/Q208204,https://www.wikidata.org/wiki/Q661896,Wikidata P915/P625/P6375/P577
Q1320997,小人国大历险,film,2010-12-25,Q661896,松木制片厂,51.548611111,-0.535,,,,tt1320261,38745,,https://www.wikidata.org/wiki/Q1320997,https://www.wikidata.org/wiki/Q661896,Wikidata P915/P625/P6375/P577
Q571167,小公子 (1980年電影),film,1980-01-01,Q816295,貝爾沃城堡,52.8945,-0.78256,"Belvoir Castle, Grantham, Leicestershire, NG32 1PE",,,tt0081062,38602,,https://www.wikidata.org/wiki/Q571167,https://www.wikidata.org/wiki/Q816295,Wikidata P915/P625/P6375/P577
Q7204254,小姐嬉春,film,1959-01-01,Q661896,松木制片厂,51.548611111,-0.535,,,,tt0053174,80534,,https://www.wikidata.org/wiki/Q7204254,https://www.wikidata.org/wiki/Q661896,Wikidata P915/P625/P6375/P577
Q634489,小泳者,film,1968-03-22,Q4027101,聖馬洛灣,48.75,-2.0,,,,tt0062120,46655,,https://www.wikidata.org/wiki/Q634489,https://www.wikidata.org/wiki/Q4027101,Wikidata P915/P625/P6375/P577
Q2812289,小绑匪,film,1953-12-17,Q661896,松木制片厂,51.548611111,-0.535,,,,tt0046006,47675,,https://www.wikidata.org/wiki/Q2812289,https://www.wikidata.org/wiki/Q661896,Wikidata P915/P625/P6375/P577
Q106362830,小鸟凯瑟琳,film,2022-01-01,Q23103,什罗普郡,52.616666666,-2.716666666,,,,tt11727866,795109,,https://www.wikidata.org/wiki/Q106362830,https://www.wikidata.org/wiki/Q23103,Wikidata P915/P625/P6375/P577
Q112811482,少女鬥惡龍,film,2024-03-08,Q84,伦敦,51.507222222,-0.1275,,,,tt13452446,763215,,https://www.wikidata.org/wiki/Q112811482,https://www.wikidata.org/wiki/Q84,Wikidata P915/P625/P6375/P577
Q1941014,尤物嬉春,film,1973-01-01,Q661896,松木制片厂,51.548611111,-0.535,,,,tt0069848,26329,,https://www.wikidata.org/wiki/Q1941014,https://www.wikidata.org/wiki/Q661896,Wikidata P915/P625/P6375/P577
Q3869964,尼娜,film,2005-01-01,Q84,伦敦,51.507222222,-0.1275,,,,tt0443594,15978,,https://www.wikidata.org/wiki/Q3869964,https://www.wikidata.org/wiki/Q84,Wikidata P915/P625/P6375/P577
Q3257706,尼斯巨龍,film,1996-01-01,Q661896,松木制片厂,51.548611111,-0.535,,,,tt0113682,51043,,https://www.wikidata.org/wiki/Q3257706,https://www.wikidata.org/wiki/Q661896,Wikidata P915/P625/P6375/P577
Q1059914,尼罗河上的惨案,film,1978-09-29,Q661896,松木制片厂,51.548611111,-0.535,,,,tt0077413,4192,,https://www.wikidata.org/wiki/Q1059914,https://www.wikidata.org/wiki/Q661896,Wikidata P915/P625/P6375/P577
Q56816969,尼羅河謀殺案,film,2022-02-09,Q6673670,朗克羅斯製片廠,51.3817,-0.592833,,,,tt7657566,505026,,https://www.wikidata.org/wiki/Q56816969,https://www.wikidata.org/wiki/Q6673670,Wikidata P915/P625/P6375/P577
Q934036,屋上的提琴手,film,1971-11-03,Q84,伦敦,51.507222222,-0.1275,,,,tt0067093,14811,,https://www.wikidata.org/wiki/Q934036,https://www.wikidata.org/wiki/Q84,Wikidata P915/P625/P6375/P577
Q934036,屋上的提琴手,film,1971-11-03,Q661896,松木制片厂,51.548611111,-0.535,,,,tt0067093,14811,,https://www.wikidata.org/wiki/Q934036,https://www.wikidata.org/wiki/Q661896,Wikidata P915/P625/P6375/P577
Q1193005,屠龙记,film,1981-06-26,Q661896,松木制片厂,51.548611111,-0.535,,,,tt0082288,848,,https://www.wikidata.org/wiki/Q1193005,https://www.wikidata.org/wiki/Q661896,Wikidata P915/P625/P6375/P577
Q784934,山丘上的情人,film,1995-01-01,Q661896,松木制片厂,51.548611111,-0.535,,,,tt0112966,10612,,https://www.wikidata.org/wiki/Q784934,https://www.wikidata.org/wiki/Q661896,Wikidata P915/P625/P6375/P577
Q1628022,峰途路轉 (1951年電影),film,1951-01-01,Q661896,松木制片厂,51.548611111,-0.535,,,,tt0043362,39946,,https://www.wikidata.org/wiki/Q1628022,https://www.wikidata.org/wiki/Q661896,Wikidata P915/P625/P6375/P577
Q25043,巨蟒与圣杯,film,1975-01-01,Q124407367,Tomnadashan Mine,56.5145,-4.1286,,,,tt0071853,762,,https://www.wikidata.org/wiki/Q25043,https://www.wikidata.org/wiki/Q124407367,Wikidata P915/P625/P6375/P577
Q25043,巨蟒与圣杯,film,1975-01-01,Q1252715,杜恩城堡,56.185158333,-4.050252777,,,,tt0071853,762,,https://www.wikidata.org/wiki/Q25043,https://www.wikidata.org/wiki/Q1252715,Wikidata P915/P625/P6375/P577
Q110842446,巨齒鯊2,film,2023-08-02,Q19835,華納兄弟利維斯登製片廠,51.693333333,-0.419722222,,,,tt9224104,615656,,https://www.wikidata.org/wiki/Q110842446,https://www.wikidata.org/wiki/Q19835,Wikidata P915/P625/P6375/P577
Q18152748,已經很想妳,film,2015-01-01,Q84,伦敦,51.507222222,-0.1275,,,,tt2245003,290762,,https://www.wikidata.org/wiki/Q18152748,https://www.wikidata.org/wiki/Q84,Wikidata P915/P625/P6375/P577
Q471716,巴里·林登,film,1975-01-01,Q17529210,Corsham Court,51.435,-2.18243,Corsham SN13 0BZ,,,tt0072684,3175,,https://www.wikidata.org/wiki/Q471716,https://www.wikidata.org/wiki/Q17529210,Wikidata P915/P625/P6375/P577
Q471716,巴里·林登,film,1975-01-01,Q17529448,Stourhead House,51.108,-2.31914,,,,tt0072684,3175,,https://www.wikidata.org/wiki/Q471716,https://www.wikidata.org/wiki/Q17529448,Wikidata P915/P625/P6375/P577
Q471716,巴里·林登,film,1975-01-01,Q2081335,佩特沃斯大宅,50.9881,-0.611,"Church Street, Petworth GU28 0AE",,,tt0072684,3175,,https://www.wikidata.org/wiki/Q471716,https://www.wikidata.org/wiki/Q2081335,Wikidata P915/P625/P6375/P577
Q471716,巴里·林登,film,1975-01-01,Q1429120,威爾頓莊園,51.07802,-1.85959,,,,tt0072684,3175,,https://www.wikidata.org/wiki/Q471716,https://www.wikidata.org/wiki/Q1429120,Wikidata P915/P625/P6375/P577
Q471716,巴里·林登,film,1975-01-01,Q208181,布莱尼姆宫,51.841362665,-1.360948307,"Blenheim Palace, Woodstock, Oxfordshire, OX20 1UL",,,tt0072684,3175,,https://www.wikidata.org/wiki/Q471716,https://www.wikidata.org/wiki/Q208181,Wikidata P915/P625/P6375/P577
Q471716,巴里·林登,film,1975-01-01,Q1726158,朗利特,51.18568,-2.27435,,,,tt0072684,3175,,https://www.wikidata.org/wiki/Q471716,https://www.wikidata.org/wiki/Q1726158,Wikidata P915/P625/P6375/P577
Q471716,巴里·林登,film,1975-01-01,Q23169,牛津郡,51.75,-1.28,,,,tt0072684,3175,,https://www.wikidata.org/wiki/Q471716,https://www.wikidata.org/wiki/Q23169,Wikidata P915/P625/P6375/P577
Q471716,巴里·林登,film,1975-01-01,Q946702,鄧羅賓城堡,57.9817,-3.94552,,,,tt0072684,3175,,https://www.wikidata.org/wiki/Q471716,https://www.wikidata.org/wiki/Q946702,Wikidata P915/P625/P6375/P577
Q471716,巴里·林登,film,1975-01-01,Q1049514,霍華德城堡,54.121388888,-0.905833333,"Castle Howard Road, York, YO60 7DA",,,tt0072684,3175,,https://www.wikidata.org/wiki/Q471716,https://www.wikidata.org/wiki/Q1049514,Wikidata P915/P625/P6375/P577
Q1937996,巴黎戰火,film,2002-01-01,Q661896,松木制片厂,51.548611111,-0.535,,,,tt0280949,50467,,https://www.wikidata.org/wiki/Q1937996,https://www.wikidata.org/wiki/Q661896,Wikidata P915/P625/P6375/P577
Q3715989,巴黎艷蹟,film,1955-01-01,Q661896,松木制片厂,51.548611111,-0.535,,,,tt0048730,59141,,https://www.wikidata.org/wiki/Q3715989,https://www.wikidata.org/wiki/Q661896,Wikidata P915/P625/P6375/P577
Q4120951,布偶历险记：全面追缉,film,2014-03-21,Q84,伦敦,51.507222222,-0.1275,,,,tt2281587,145220,,https://www.wikidata.org/wiki/Q4120951,https://www.wikidata.org/wiki/Q84,Wikidata P915/P625/P6375/P577
Q4120951,布偶历险记：全面追缉,film,2014-03-21,Q661896,松木制片厂,51.548611111,-0.535,,,,tt2281587,145220,,https://www.wikidata.org/wiki/Q4120951,https://www.wikidata.org/wiki/Q661896,Wikidata P915/P625/P6375/P577
Q1218526,布偶的玩意,film,1981-01-01,Q84,伦敦,51.507222222,-0.1275,,,,tt0082474,14900,,https://www.wikidata.org/wiki/Q1218526,https://www.wikidata.org/wiki/Q84,Wikidata P915/P625/P6375/P577
Q1788520,布公仔之金銀島,film,1996-02-16,Q84,伦敦,51.507222222,-0.1275,,,,tt0117110,10874,,https://www.wikidata.org/wiki/Q1788520,https://www.wikidata.org/wiki/Q84,Wikidata P915/P625/P6375/P577
Q927949,布朗森,film,2008-10-17,Q7598749,Stanford Hall,52.8095,-1.17239,"Stanford Lane, Stanford on Soar, LE12 5QW, England",,,tt1172570,18533,,https://www.wikidata.org/wiki/Q927949,https://www.wikidata.org/wiki/Q7598749,Wikidata P915/P625/P6375/P577
Q927949,布朗森,film,2008-10-17,Q2390615,Welbeck Abbey,53.2621,-1.15603,,,,tt1172570,18533,,https://www.wikidata.org/wiki/Q927949,https://www.wikidata.org/wiki/Q2390615,Wikidata P915/P625/P6375/P577
Q915845,布萊登棒棒糖,film,2010-01-01,Q84,伦敦,51.507222222,-0.1275,,,,tt1233192,62728,,https://www.wikidata.org/wiki/Q915845,https://www.wikidata.org/wiki/Q84,Wikidata P915/P625/P6375/P577
Q1624413,希望与荣耀,film,1987-01-01,Q7494561,Shepperton Lock,51.3821,-0.458611,,,,tt0093209,32054,,https://www.wikidata.org/wiki/Q1624413,https://www.wikidata.org/wiki/Q7494561,Wikidata P915/P625/P6375/P577
Q1624413,希望与荣耀,film,1987-01-01,Q8027659,Wisley Airfield,51.306388888,-0.458888888,,,,tt0093209,32054,,https://www.wikidata.org/wiki/Q1624413,https://www.wikidata.org/wiki/Q8027659,Wikidata P915/P625/P6375/P577
Q1624413,希望与荣耀,film,1987-01-01,Q1248943,林格伍德,50.85,-1.78,,,,tt0093209,32054,,https://www.wikidata.org/wiki/Q1624413,https://www.wikidata.org/wiki/Q1248943,Wikidata P915/P625/P6375/P577
Q15055478,帕丁顿熊,film,2014-11-23,Q84,伦敦,51.507222222,-0.1275,,,,tt1109624,116149,,https://www.wikidata.org/wiki/Q15055478,https://www.wikidata.org/wiki/Q84,Wikidata P915/P625/P6375/P577
Q27590871,帕丁顿熊2,film,2017-11-05,Q6421835,Knebworth Park and Winter Green Railway,51.972,-0.212,,,,tt4468740,346648,,https://www.wikidata.org/wiki/Q27590871,https://www.wikidata.org/wiki/Q6421835,Wikidata P915/P625/P6375/P577
Q27590871,帕丁顿熊2,film,2017-11-05,Q83125,伦敦塔桥,51.505555555,-0.075277777,,,,tt4468740,346648,,https://www.wikidata.org/wiki/Q27590871,https://www.wikidata.org/wiki/Q83125,Wikidata P915/P625/P6375/P577
Q27590871,帕丁顿熊2,film,2017-11-05,Q214788,伦敦帕丁顿车站,51.516666666,-0.177222222,,,,tt4468740,346648,,https://www.wikidata.org/wiki/Q27590871,https://www.wikidata.org/wiki/Q214788,Wikidata P915/P625/P6375/P577
Q27590871,帕丁顿熊2,film,2017-11-05,Q16003969,倫敦皇家內科醫學院,51.525833333,-0.145,"11 St Andrews Place, NW1 4LE",,,tt4468740,346648,,https://www.wikidata.org/wiki/Q27590871,https://www.wikidata.org/wiki/Q16003969,Wikidata P915/P625/P6375/P577
Q27590871,帕丁顿熊2,film,2017-11-05,Q124129,克拉肯韦尔区,51.526,-0.103475,,,,tt4468740,346648,,https://www.wikidata.org/wiki/Q27590871,https://www.wikidata.org/wiki/Q124129,Wikidata P915/P625/P6375/P577
Q27590871,帕丁顿熊2,film,2017-11-05,Q215829,哈罗盖特,53.991944444,-1.537777777,,,,tt4468740,346648,,https://www.wikidata.org/wiki/Q27590871,https://www.wikidata.org/wiki/Q215829,Wikidata P915/P625/P6375/P577
Q27590871,帕丁顿熊2,film,2017-11-05,Q173882,圣保罗座堂,51.513777777,-0.098305555,,,,tt4468740,346648,,https://www.wikidata.org/wiki/Q27590871,https://www.wikidata.org/wiki/Q173882,Wikidata P915/P625/P6375/P577
Q27590871,帕丁顿熊2,film,2017-11-05,Q2916164,小威尼斯,51.52124,-0.18239,,,,tt4468740,346648,,https://www.wikidata.org/wiki/Q27590871,https://www.wikidata.org/wiki/Q2916164,Wikidata P915/P625/P6375/P577
Q27590871,帕丁顿熊2,film,2017-11-05,Q661896,松木制片厂,51.548611111,-0.535,,,,tt4468740,346648,,https://www.wikidata.org/wiki/Q27590871,https://www.wikidata.org/wiki/Q661896,Wikidata P915/P625/P6375/P577
Q27590871,帕丁顿熊2,film,2017-11-05,Q149942,樱草花山,51.5396,-0.1608,,,,tt4468740,346648,,https://www.wikidata.org/wiki/Q27590871,https://www.wikidata.org/wiki/Q149942,Wikidata P915/P625/P6375/P577
Q27590871,帕丁顿熊2,film,2017-11-05,Q18536,碎片大厦,51.504444444,-0.086666666,,,,tt4468740,346648,,https://www.wikidata.org/wiki/Q27590871,https://www.wikidata.org/wiki/Q18536,Wikidata P915/P625/P6375/P577
Q27590871,帕丁顿熊2,film,2017-11-05,Q19841,科内博斯厅,51.8728,-0.2148,Knebworth SG1 2AX,,,tt4468740,346648,,https://www.wikidata.org/wiki/Q27590871,https://www.wikidata.org/wiki/Q19841,Wikidata P915/P625/P6375/P577
Q27590871,帕丁顿熊2,film,2017-11-05,Q19835,華納兄弟利維斯登製片廠,51.693333333,-0.419722222,,,,tt4468740,346648,,https://www.wikidata.org/wiki/Q27590871,https://www.wikidata.org/wiki/Q19835,Wikidata P915/P625/P6375/P577
Q27590871,帕丁顿熊2,film,2017-11-05,Q5635257,謝普頓馬利特監獄,51.1906,-2.54323,,,,tt4468740,346648,,https://www.wikidata.org/wiki/Q27590871,https://www.wikidata.org/wiki/Q5635257,Wikidata P915/P625/P6375/P577
Q578344,帕納大師的魔幻冒險,film,2009-01-01,Q84,伦敦,51.507222222,-0.1275,,,,tt1054606,8054,,https://www.wikidata.org/wiki/Q578344,https://www.wikidata.org/wiki/Q84,Wikidata P915/P625/P6375/P577
Q111538862,帝國浩劫：美國內戰,film,2024-03-14,Q84,伦敦,51.507222222,-0.1275,,,,tt17279496,929590,,https://www.wikidata.org/wiki/Q111538862,https://www.wikidata.org/wiki/Q84,Wikidata P915/P625/P6375/P577
Q498983,年少無知,film,1937-01-01,Q661896,松木制片厂,51.548611111,-0.535,,,,tt0029811,2762,,https://www.wikidata.org/wiki/Q498983,https://www.wikidata.org/wiki/Q661896,Wikidata P915/P625/P6375/P577
Q1213195,幽靈,film,1965-03-31,Q661896,松木制片厂,51.548611111,-0.535,,,,tt0059100,83356,,https://www.wikidata.org/wiki/Q1213195,https://www.wikidata.org/wiki/Q661896,Wikidata P915/P625/P6375/P577
Q4155609,廿一世纪生死恋,film,1991-10-04,Q84,伦敦,51.507222222,-0.1275,,,,tt0103143,190780,,https://www.wikidata.org/wiki/Q4155609,https://www.wikidata.org/wiki/Q84,Wikidata P915/P625/P6375/P577
Q406785,开心飞虎将,film,1990-08-10,Q661896,松木制片厂,51.548611111,-0.535,,,,tt0099005,11856,,https://www.wikidata.org/wiki/Q406785,https://www.wikidata.org/wiki/Q661896,Wikidata P915/P625/P6375/P577
Q103569,异形,film,1979-05-25,Q2924156,布雷製片廠,51.492881,-0.676111,,,,tt0078748,348,,https://www.wikidata.org/wiki/Q103569,https://www.wikidata.org/wiki/Q2924156,Wikidata P915/P625/P6375/P577
Q104814,异形2,film,1986-07-18,Q661896,松木制片厂,51.548611111,-0.535,,,,tt0090605,679,,https://www.wikidata.org/wiki/Q104814,https://www.wikidata.org/wiki/Q661896,Wikidata P915/P625/P6375/P577
Q1199259,异形奇花,film,1986-12-19,Q661896,松木制片厂,51.548611111,-0.535,,,,tt0091419,10776,,https://www.wikidata.org/wiki/Q1199259,https://www.wikidata.org/wiki/Q661896,Wikidata P915/P625/P6375/P577
Q112124771,当我们盟在一起,film,2024-08-16,Q84,伦敦,51.507222222,-0.1275,,,,tt12610390,704239,,https://www.wikidata.org/wiki/Q112124771,https://www.wikidata.org/wiki/Q84,Wikidata P915/P625/P6375/P577
Q3818641,彗星來的那一年,film,1992-01-01,Q661896,松木制片厂,51.548611111,-0.535,,,,tt0105871,44941,,https://www.wikidata.org/wiki/Q3818641,https://www.wikidata.org/wiki/Q661896,Wikidata P915/P625/P6375/P577
Q106578091,彩色房间,film,2021-01-01,Q2256,伯明翰,52.48,-1.9025,,,,tt13468436,807351,,https://www.wikidata.org/wiki/Q106578091,https://www.wikidata.org/wiki/Q2256,Wikidata P915/P625/P6375/P577
Q106578091,彩色房间,film,2021-01-01,Q134902,特伦特河畔斯托克,53.0,-2.183333333,,,,tt13468436,807351,,https://www.wikidata.org/wiki/Q106578091,https://www.wikidata.org/wiki/Q134902,Wikidata P915/P625/P6375/P577
Q157879,影子写手,film,2010-01-01,Q1814818,劳埃德大厦,51.513055555,-0.0825,,,,tt1139328,11439,,https://www.wikidata.org/wiki/Q157879,https://www.wikidata.org/wiki/Q1814818,Wikidata P915/P625/P6375/P577
Q124829697,影星傑·凱利,film,2025-08-28,Q84,伦敦,51.507222222,-0.1275,,,,tt30446847,1069905,,https://www.wikidata.org/wiki/Q124829697,https://www.wikidata.org/wiki/Q84,Wikidata P915/P625/P6375/P577
Q27964337,彼得兔,film,2018-02-03,Q332474,哈洛德百货公司,51.499586,-0.163517,,,,tt5117670,381719,,https://www.wikidata.org/wiki/Q27964337,https://www.wikidata.org/wiki/Q332474,Wikidata P915/P625/P6375/P577
Q151715,徒留暗夜,film,1972-01-01,Q661896,松木制片厂,51.548611111,-0.535,,,,tt0069024,29596,,https://www.wikidata.org/wiki/Q151715,https://www.wikidata.org/wiki/Q661896,Wikidata P915/P625/P6375/P577
Q62730,從海底出擊,film,1981-01-01,Q1693,北海,56.459,3.6825,,,,tt0082096,387,,https://www.wikidata.org/wiki/Q62730,https://www.wikidata.org/wiki/Q1693,Wikidata P915/P625/P6375/P577
Q119206814,復仇反擊戰,film,2025-04-09,Q84,伦敦,51.507222222,-0.1275,,,,tt0899043,1087891,,https://www.wikidata.org/wiki/Q119206814,https://www.wikidata.org/wiki/Q84,Wikidata P915/P625/P6375/P577
Q494985,復仇者 (1998年電影),film,1998-01-01,Q1814818,劳埃德大厦,51.513055555,-0.0825,,,,tt0118661,9320,,https://www.wikidata.org/wiki/Q494985,https://www.wikidata.org/wiki/Q1814818,Wikidata P915/P625/P6375/P577
Q7497411,復仇遊戲,film,2000-01-01,Q84,伦敦,51.507222222,-0.1275,,,,tt0232632,28943,,https://www.wikidata.org/wiki/Q7497411,https://www.wikidata.org/wiki/Q84,Wikidata P915/P625/P6375/P577
Q1094125,微光城市,film,2008-01-01,Q26,北爱尔兰,54.6075,-6.6925,,,,tt0970411,13600,,https://www.wikidata.org/wiki/Q1094125,https://www.wikidata.org/wiki/Q26,Wikidata P915/P625/P6375/P577
Q1254472,德古拉已经从坟墓里复活了,film,1968-01-01,Q661896,松木制片厂,51.548611111,-0.535,,,,tt0062909,29778,,https://www.wikidata.org/wiki/Q1254472,https://www.wikidata.org/wiki/Q661896,Wikidata P915/P625/P6375/P577
Q14512114,德古拉：永咒傳奇,film,2014-01-01,Q26,北爱尔兰,54.6075,-6.6925,,,,tt0829150,49017,,https://www.wikidata.org/wiki/Q14512114,https://www.wikidata.org/wiki/Q26,Wikidata P915/P625/P6375/P577
Q5262489,德里克和克萊夫拿到號角,film,1979-01-01,Q84,伦敦,51.507222222,-0.1275,,,,tt0216682,59129,,https://www.wikidata.org/wiki/Q5262489,https://www.wikidata.org/wiki/Q84,Wikidata P915/P625/P6375/P577
Q291180,心鎖,film,1999-08-27,Q661896,松木制片厂,51.548611111,-0.535,,,,tt0178737,10399,,https://www.wikidata.org/wiki/Q291180,https://www.wikidata.org/wiki/Q661896,Wikidata P915/P625/P6375/P577
Q4178880,心靈勇者,film,2013-09-06,Q23436,爱丁堡,55.953333333,-3.189166666,,,,tt2058107,127560,,https://www.wikidata.org/wiki/Q4178880,https://www.wikidata.org/wiki/Q23436,Wikidata P915/P625/P6375/P577
Q3416473,心魔,film,1971-01-01,Q661896,松木制片厂,51.548611111,-0.535,,,,tt0067176,53045,,https://www.wikidata.org/wiki/Q3416473,https://www.wikidata.org/wiki/Q661896,Wikidata P915/P625/P6375/P577
Q5275317,忘記她是他,film,1996-01-01,Q1814818,劳埃德大厦,51.513055555,-0.0825,,,,tt0116102,106837,,https://www.wikidata.org/wiki/Q5275317,https://www.wikidata.org/wiki/Q1814818,Wikidata P915/P625/P6375/P577
Q1952460,忠狗巴比傳,film,2005-01-01,Q23436,爱丁堡,55.953333333,-3.189166666,,,,tt0435597,73772,,https://www.wikidata.org/wiki/Q1952460,https://www.wikidata.org/wiki/Q23436,Wikidata P915/P625/P6375/P577
Q13908,忽然奪網,film,1995-01-01,Q1814818,劳埃德大厦,51.513055555,-0.0825,,,,tt0113243,10428,,https://www.wikidata.org/wiki/Q13908,https://www.wikidata.org/wiki/Q1814818,Wikidata P915/P625/P6375/P577
Q13908,忽然奪網,film,1995-01-01,Q661896,松木制片厂,51.548611111,-0.535,,,,tt0113243,10428,,https://www.wikidata.org/wiki/Q13908,https://www.wikidata.org/wiki/Q661896,Wikidata P915/P625/P6375/P577
Q226773,怒戰天神,film,2012-03-29,Q84,伦敦,51.507222222,-0.1275,,,,tt1646987,57165,,https://www.wikidata.org/wiki/Q226773,https://www.wikidata.org/wiki/Q84,Wikidata P915/P625/P6375/P577
Q12124737,怒海屠鯨,film,1954-01-01,Q661896,松木制片厂,51.548611111,-0.535,,,,tt0047072,125310,,https://www.wikidata.org/wiki/Q12124737,https://www.wikidata.org/wiki/Q661896,Wikidata P915/P625/P6375/P577
Q3190248,怒海情花,film,1948-01-01,Q661896,松木制片厂,51.548611111,-0.535,,,,tt0039195,129815,,https://www.wikidata.org/wiki/Q3190248,https://www.wikidata.org/wiki/Q661896,Wikidata P915/P625/P6375/P577
Q7439896,怒海艷姬,film,1958-01-01,Q661896,松木制片厂,51.548611111,-0.535,,,,tt0052170,284765,,https://www.wikidata.org/wiki/Q7439896,https://www.wikidata.org/wiki/Q661896,Wikidata P915/P625/P6375/P577
Q1756394,怒海驕陽,film,1996-01-01,Q661896,松木制片厂,51.548611111,-0.535,,,,tt0118158,10534,,https://www.wikidata.org/wiki/Q1756394,https://www.wikidata.org/wiki/Q661896,Wikidata P915/P625/P6375/P577
Q14786561,怒火特攻隊,film,2014-10-15,Q2334989,Watlington,51.645,-1.008,,,,tt2713180,228150,,https://www.wikidata.org/wiki/Q14786561,https://www.wikidata.org/wiki/Q2334989,Wikidata P915/P625/P6375/P577
Q14786561,怒火特攻隊,film,2014-10-15,Q84,伦敦,51.507222222,-0.1275,,,,tt2713180,228150,,https://www.wikidata.org/wiki/Q14786561,https://www.wikidata.org/wiki/Q84,Wikidata P915/P625/P6375/P577
Q14786561,怒火特攻隊,film,2014-10-15,Q661896,松木制片厂,51.548611111,-0.535,,,,tt2713180,228150,,https://www.wikidata.org/wiki/Q14786561,https://www.wikidata.org/wiki/Q661896,Wikidata P915/P625/P6375/P577
Q14786561,怒火特攻隊,film,2014-10-15,Q23169,牛津郡,51.75,-1.28,,,,tt2713180,228150,,https://www.wikidata.org/wiki/Q14786561,https://www.wikidata.org/wiki/Q23169,Wikidata P915/P625/P6375/P577
Q14786561,怒火特攻隊,film,2014-10-15,Q7275193,皇家空軍基地,51.7269,-0.543333,,,,tt2713180,228150,,https://www.wikidata.org/wiki/Q14786561,https://www.wikidata.org/wiki/Q7275193,Wikidata P915/P625/P6375/P577
Q14786561,怒火特攻隊,film,2014-10-15,Q3410,赫特福德郡,51.9,-0.2,,,,tt2713180,228150,,https://www.wikidata.org/wiki/Q14786561,https://www.wikidata.org/wiki/Q3410,Wikidata P915/P625/P6375/P577
Q761302,性书狂人,film,2000-01-01,Q84,伦敦,51.507222222,-0.1275,,,,tt0180073,10876,,https://www.wikidata.org/wiki/Q761302,https://www.wikidata.org/wiki/Q84,Wikidata P915/P625/P6375/P577
Q761302,性书狂人,film,2000-01-01,Q661896,松木制片厂,51.548611111,-0.535,,,,tt0180073,10876,,https://www.wikidata.org/wiki/Q761302,https://www.wikidata.org/wiki/Q661896,Wikidata P915/P625/P6375/P577
Q880665,性昏迷,film,1980-01-01,Q84,伦敦,51.507222222,-0.1275,,,,tt0080408,33214,,https://www.wikidata.org/wiki/Q880665,https://www.wikidata.org/wiki/Q84,Wikidata P915/P625/P6375/P577
Q18199330,怪獸與牠們的產地,film,2016-11-16,Q84,伦敦,51.507222222,-0.1275,,,,tt3183660,259316,,https://www.wikidata.org/wiki/Q18199330,https://www.wikidata.org/wiki/Q84,Wikidata P915/P625/P6375/P577
Q18199330,怪獸與牠們的產地,film,2016-11-16,Q24826,利物浦,53.407222222,-2.991666666,,,,tt3183660,259316,,https://www.wikidata.org/wiki/Q18199330,https://www.wikidata.org/wiki/Q24826,Wikidata P915/P625/P6375/P577
Q18199330,怪獸與牠們的產地,film,2016-11-16,Q19835,華納兄弟利維斯登製片廠,51.693333333,-0.419722222,,,,tt3183660,259316,,https://www.wikidata.org/wiki/Q18199330,https://www.wikidata.org/wiki/Q19835,Wikidata P915/P625/P6375/P577
Q18199331,怪獸與葛林戴華德的罪行,film,2018-11-14,Q533697,海格特公墓,51.567,-0.147,,,,tt4123430,338952,,https://www.wikidata.org/wiki/Q18199331,https://www.wikidata.org/wiki/Q533697,Wikidata P915/P625/P6375/P577
Q18199331,怪獸與葛林戴華德的罪行,film,2018-11-14,Q19835,華納兄弟利維斯登製片廠,51.693333333,-0.419722222,,,,tt4123430,338952,,https://www.wikidata.org/wiki/Q18199331,https://www.wikidata.org/wiki/Q19835,Wikidata P915/P625/P6375/P577
Q18199331,怪獸與葛林戴華德的罪行,film,2018-11-14,Q1148460,雷卡克修道院,51.41475,-2.11718,"High Street, Lacock, Wiltshire, SN15 2LG",,,tt4123430,338952,,https://www.wikidata.org/wiki/Q18199331,https://www.wikidata.org/wiki/Q1148460,Wikidata P915/P625/P6375/P577
Q23888478,怪谈协会,film,1996-11-28,Q1054923,英属香港,22.280068253,114.160327229,,,,tt0168224,256085,,https://www.wikidata.org/wiki/Q23888478,https://www.wikidata.org/wiki/Q1054923,Wikidata P915/P625/P6375/P577
Q390759,恐懼私竇,film,2012-01-01,Q661896,松木制片厂,51.548611111,-0.535,,,,tt1376168,121597,,https://www.wikidata.org/wiki/Q390759,https://www.wikidata.org/wiki/Q661896,Wikidata P915/P625/P6375/P577
Q655996,恶魔,film,1971-01-01,Q661896,松木制片厂,51.548611111,-0.535,,,,tt0066993,31767,,https://www.wikidata.org/wiki/Q655996,https://www.wikidata.org/wiki/Q661896,Wikidata P915/P625/P6375/P577
Q3207404,悍匪大火併,film,1972-05-01,Q84,伦敦,51.507222222,-0.1275,,,,tt0069273,71910,,https://www.wikidata.org/wiki/Q3207404,https://www.wikidata.org/wiki/Q84,Wikidata P915/P625/P6375/P577
Q28234,悲慘世界,film,2012-12-05,Q84,伦敦,51.507222222,-0.1275,,,,tt1707386,82695,,https://www.wikidata.org/wiki/Q28234,https://www.wikidata.org/wiki/Q84,Wikidata P915/P625/P6375/P577
Q28234,悲慘世界,film,2012-12-05,Q1753590,旧皇家海军学院,51.483666666,-0.005944444,,,,tt1707386,82695,,https://www.wikidata.org/wiki/Q28234,https://www.wikidata.org/wiki/Q1753590,Wikidata P915/P625/P6375/P577
Q28234,悲慘世界,film,2012-12-05,Q72259,朴次茅斯,50.805833333,-1.087222222,,,,tt1707386,82695,,https://www.wikidata.org/wiki/Q28234,https://www.wikidata.org/wiki/Q72259,Wikidata P915/P625/P6375/P577
Q28234,悲慘世界,film,2012-12-05,Q661896,松木制片厂,51.548611111,-0.535,,,,tt1707386,82695,,https://www.wikidata.org/wiki/Q28234,https://www.wikidata.org/wiki/Q661896,Wikidata P915/P625/P6375/P577
Q28234,悲慘世界,film,2012-12-05,Q5087663,查塔姆歷史造船廠,51.3968,0.5294,"Sail and Colour Loft, Church Lane, Chatham ME4 4TE",,,tt1707386,82695,,https://www.wikidata.org/wiki/Q28234,https://www.wikidata.org/wiki/Q5087663,Wikidata P915/P625/P6375/P577
Q28234,悲慘世界,film,2012-12-05,Q8030602,沃夫西城堡,51.059166666,-1.31,,,,tt1707386,82695,,https://www.wikidata.org/wiki/Q28234,https://www.wikidata.org/wiki/Q8030602,Wikidata P915/P625/P6375/P577
Q28234,悲慘世界,film,2012-12-05,Q1059517,温切斯特公学,51.058055555,-1.312777777,"Winchester College, College Street, Winchester, Hampshire, SO23 9NA",,,tt1707386,82695,,https://www.wikidata.org/wiki/Q28234,https://www.wikidata.org/wiki/Q1059517,Wikidata P915/P625/P6375/P577
Q28234,悲慘世界,film,2012-12-05,Q476529,温彻斯特座堂,51.060722,-1.313333,,,,tt1707386,82695,,https://www.wikidata.org/wiki/Q28234,https://www.wikidata.org/wiki/Q476529,Wikidata P915/P625/P6375/P577
Q28234,悲慘世界,film,2012-12-05,Q4949432,鮑頓莊園,52.4245,-0.6778,"Kettering, Northamptonshire, NN14 1BJ",,,tt1707386,82695,,https://www.wikidata.org/wiki/Q28234,https://www.wikidata.org/wiki/Q4949432,Wikidata P915/P625/P6375/P577
Q431536,情不自禁愛上你,film,2007-01-01,Q661896,松木制片厂,51.548611111,-0.535,,,,tt0466839,15019,,https://www.wikidata.org/wiki/Q431536,https://www.wikidata.org/wiki/Q661896,Wikidata P915/P625/P6375/P577
Q3284236,情人最愛,film,1998-01-01,Q661896,松木制片厂,51.548611111,-0.535,,,,tt0120687,96196,,https://www.wikidata.org/wiki/Q3284236,https://www.wikidata.org/wiki/Q661896,Wikidata P915/P625/P6375/P577
Q277457,情慾九歌,film,2004-01-01,Q84,伦敦,51.507222222,-0.1275,,,,tt0411705,27,,https://www.wikidata.org/wiki/Q277457,https://www.wikidata.org/wiki/Q84,Wikidata P915/P625/P6375/P577
Q5320222,情慾亂碼,film,1997-01-01,Q84,伦敦,51.507222222,-0.1275,,,,tt0119033,161795,,https://www.wikidata.org/wiki/Q5320222,https://www.wikidata.org/wiki/Q84,Wikidata P915/P625/P6375/P577
Q5457161,情火,film,1961-01-01,Q661896,松木制片厂,51.548611111,-0.535,,,,tt0054879,171898,,https://www.wikidata.org/wiki/Q5457161,https://www.wikidata.org/wiki/Q661896,Wikidata P915/P625/P6375/P577
Q18703028,惊天魔盗团2,film,2016-01-01,Q84,伦敦,51.507222222,-0.1275,,,,tt3110958,291805,,https://www.wikidata.org/wiki/Q18703028,https://www.wikidata.org/wiki/Q84,Wikidata P915/P625/P6375/P577
Q23764326,意外的第二个孩子,film,2014-09-07,Q84,伦敦,51.507222222,-0.1275,,,,tt2837296,287623,,https://www.wikidata.org/wiki/Q23764326,https://www.wikidata.org/wiki/Q84,Wikidata P915/P625/P6375/P577
Q1051032,意大利任务,film,1969-06-02,Q84,伦敦,51.507222222,-0.1275,,,,tt0064505,10536,,https://www.wikidata.org/wiki/Q1051032,https://www.wikidata.org/wiki/Q84,Wikidata P915/P625/P6375/P577
Q855222,愛國者遊戲,film,1992-06-05,Q661896,松木制片厂,51.548611111,-0.535,,,,tt0105112,9869,,https://www.wikidata.org/wiki/Q855222,https://www.wikidata.org/wiki/Q661896,Wikidata P915/P625/P6375/P577
Q5491064,愛在星空下,film,1995-01-01,Q84,伦敦,51.507222222,-0.1275,,,,tt0113107,73067,,https://www.wikidata.org/wiki/Q5491064,https://www.wikidata.org/wiki/Q84,Wikidata P915/P625/P6375/P577
Q2628694,愛在週末邂逅時,film,2011-01-01,Q41262,诺丁汉,52.955,-1.149166666,,,,tt1714210,79120,,https://www.wikidata.org/wiki/Q2628694,https://www.wikidata.org/wiki/Q41262,Wikidata P915/P625/P6375/P577
Q14954318,愛在陽光燦爛時,film,2013-01-01,Q23436,爱丁堡,55.953333333,-3.189166666,,,,tt2481198,214100,,https://www.wikidata.org/wiki/Q14954318,https://www.wikidata.org/wiki/Q23436,Wikidata P915/P625/P6375/P577
Q2963312,愛情不歸路,film,1990-01-01,Q661896,松木制片厂,51.548611111,-0.535,,,,tt0099250,27450,,https://www.wikidata.org/wiki/Q2963312,https://www.wikidata.org/wiki/Q661896,Wikidata P915/P625/P6375/P577
Q20669997,愛情天文學,film,2016-01-01,Q23436,爱丁堡,55.953333333,-3.189166666,,,,tt3530978,315880,,https://www.wikidata.org/wiki/Q20669997,https://www.wikidata.org/wiki/Q23436,Wikidata P915/P625/P6375/P577
Q2213842,愛情的禮讚,film,2007-01-01,Q84,伦敦,51.507222222,-0.1275,,,,tt0485272,25869,,https://www.wikidata.org/wiki/Q2213842,https://www.wikidata.org/wiki/Q84,Wikidata P915/P625/P6375/P577
Q3715440,愛的奉獻,film,1970-01-01,Q84,伦敦,51.507222222,-0.1275,,,,tt0169806,460349,,https://www.wikidata.org/wiki/Q3715440,https://www.wikidata.org/wiki/Q84,Wikidata P915/P625/P6375/P577
Q1364697,愛莉思的情書,film,2001-01-01,Q661896,松木制片厂,51.548611111,-0.535,,,,tt0280778,11889,,https://www.wikidata.org/wiki/Q1364697,https://www.wikidata.org/wiki/Q661896,Wikidata P915/P625/P6375/P577
Q1278386,愛，隨心所欲》Easy Virtue,film,2008-01-01,Q84,伦敦,51.507222222,-0.1275,,,,tt0808244,16899,,https://www.wikidata.org/wiki/Q1278386,https://www.wikidata.org/wiki/Q84,Wikidata P915/P625/P6375/P577
Q19874547,慕色拉行動,film,2016-07-13,Q26637714,Copthorne Hotel London Gatwick,51.132537,-0.124931,,,,tt1355631,325789,,https://www.wikidata.org/wiki/Q19874547,https://www.wikidata.org/wiki/Q26637714,Wikidata P915/P625/P6375/P577
Q19874547,慕色拉行動,film,2016-07-13,Q7338971,Rivoli Ballroom,51.4554,-0.0374,"346-350 Brockley Road, London, SE4 2BY, England",,,tt1355631,325789,,https://www.wikidata.org/wiki/Q19874547,https://www.wikidata.org/wiki/Q7338971,Wikidata P915/P625/P6375/P577
Q19874547,慕色拉行動,film,2016-07-13,Q7494697,Sheraton Skyline Hotel at London Heathrow,51.4815,-0.4366,,,,tt1355631,325789,,https://www.wikidata.org/wiki/Q19874547,https://www.wikidata.org/wiki/Q7494697,Wikidata P915/P625/P6375/P577
Q19874547,慕色拉行動,film,2016-07-13,Q8023341,Wilton's Music Hall,51.5107,-0.06693,"Grace's Alley, off Ensign Street, London, Tower Hamlets, E1 8JB, England",,,tt1355631,325789,,https://www.wikidata.org/wiki/Q19874547,https://www.wikidata.org/wiki/Q8023341,Wikidata P915/P625/P6375/P577
Q19874547,慕色拉行動,film,2016-07-13,Q84,伦敦,51.507222222,-0.1275,,,,tt1355631,325789,,https://www.wikidata.org/wiki/Q19874547,https://www.wikidata.org/wiki/Q84,Wikidata P915/P625/P6375/P577
Q19874547,慕色拉行動,film,2016-07-13,Q944225,沃德斯登莊園,51.84243,-0.93727,"Waddesdon, nr. Aylesbury HP18 0JH",,,tt1355631,325789,,https://www.wikidata.org/wiki/Q19874547,https://www.wikidata.org/wiki/Q944225,Wikidata P915/P625/P6375/P577
Q151827,慶祝日,film,2012-10-17,Q84,伦敦,51.507222222,-0.1275,,,,tt2414166,137366,,https://www.wikidata.org/wiki/Q151827,https://www.wikidata.org/wiki/Q84,Wikidata P915/P625/P6375/P577
Q752103,憨豆先生,film,1997-07-03,Q84,伦敦,51.507222222,-0.1275,,,,tt0118689,1281,,https://www.wikidata.org/wiki/Q752103,https://www.wikidata.org/wiki/Q84,Wikidata P915/P625/P6375/P577
Q814790,成为朱莉娅,film,2004-01-01,Q84,伦敦,51.507222222,-0.1275,,,,tt0340012,18701,,https://www.wikidata.org/wiki/Q814790,https://www.wikidata.org/wiki/Q84,Wikidata P915/P625/P6375/P577
Q1756560,我与长指甲,film,1987-01-01,Q120489549,Peel Cottage,51.5066,-0.1984,80 Peel Street,,,tt0094336,13446,,https://www.wikidata.org/wiki/Q1756560,https://www.wikidata.org/wiki/Q120489549,Wikidata P915/P625/P6375/P577
Q1756560,我与长指甲,film,1987-01-01,Q84,伦敦,51.507222222,-0.1275,,,,tt0094336,13446,,https://www.wikidata.org/wiki/Q1756560,https://www.wikidata.org/wiki/Q84,Wikidata P915/P625/P6375/P577
Q17019453,我們這種叛徒,film,2016-05-06,Q122241,Biggin Hill,51.3127,0.0336,,,,tt1995390,205588,,https://www.wikidata.org/wiki/Q17019453,https://www.wikidata.org/wiki/Q122241,Wikidata P915/P625/P6375/P577
Q17019453,我們這種叛徒,film,2016-05-06,Q84,伦敦,51.507222222,-0.1275,,,,tt1995390,205588,,https://www.wikidata.org/wiki/Q17019453,https://www.wikidata.org/wiki/Q84,Wikidata P915/P625/P6375/P577
Q17019453,我們這種叛徒,film,2016-05-06,Q3783997,伦敦希思罗机场5号航站楼,51.4728,-0.48756,"Heathrow Airport Limited, The Compass Centre, Nelson Road, Hounslow, Middlesex, TW6 2GW, United Kingdom",,,tt1995390,205588,,https://www.wikidata.org/wiki/Q17019453,https://www.wikidata.org/wiki/Q3783997,Wikidata P915/P625/P6375/P577
Q17019453,我們這種叛徒,film,2016-05-06,Q6978901,国家网球中心,51.46,-0.253,,,,tt1995390,205588,,https://www.wikidata.org/wiki/Q17019453,https://www.wikidata.org/wiki/Q6978901,Wikidata P915/P625/P6375/P577
Q17019453,我們這種叛徒,film,2016-05-06,Q720102,圣潘克拉斯车站,51.53,-0.125277777,,,,tt1995390,205588,,https://www.wikidata.org/wiki/Q17019453,https://www.wikidata.org/wiki/Q720102,Wikidata P915/P625/P6375/P577
Q17019453,我們這種叛徒,film,2016-05-06,Q2749941,多徹斯特酒店,51.507222222,-0.1525,,,,tt1995390,205588,,https://www.wikidata.org/wiki/Q17019453,https://www.wikidata.org/wiki/Q2749941,Wikidata P915/P625/P6375/P577
Q17019453,我們這種叛徒,film,2016-05-06,Q962177,改良俱樂部,51.506666666,-0.133333333,"104 Pall Mall, London, SW1",,,tt1995390,205588,,https://www.wikidata.org/wiki/Q17019453,https://www.wikidata.org/wiki/Q962177,Wikidata P915/P625/P6375/P577
Q17019453,我們這種叛徒,film,2016-05-06,Q929586,格林威治公園,51.4767,1.3E-4,,,,tt1995390,205588,,https://www.wikidata.org/wiki/Q17019453,https://www.wikidata.org/wiki/Q929586,Wikidata P915/P625/P6375/P577
Q17019453,我們這種叛徒,film,2016-05-06,Q124184,梅费尔,51.510277777,-0.147222222,,,,tt1995390,205588,,https://www.wikidata.org/wiki/Q17019453,https://www.wikidata.org/wiki/Q124184,Wikidata P915/P625/P6375/P577
Q17019453,我們這種叛徒,film,2016-05-06,Q944225,沃德斯登莊園,51.84243,-0.93727,"Waddesdon, nr. Aylesbury HP18 0JH",,,tt1995390,205588,,https://www.wikidata.org/wiki/Q17019453,https://www.wikidata.org/wiki/Q944225,Wikidata P915/P625/P6375/P577
Q17019453,我們這種叛徒,film,2016-05-06,Q1756626,皇家劇院,51.513055555,-0.120277777,"Catherine Street, London, WC2B 5JF",,,tt1995390,205588,,https://www.wikidata.org/wiki/Q17019453,https://www.wikidata.org/wiki/Q1756626,Wikidata P915/P625/P6375/P577
Q17019453,我們這種叛徒,film,2016-05-06,Q55019,科文特花园,51.5125,-0.1225,,,,tt1995390,205588,,https://www.wikidata.org/wiki/Q17019453,https://www.wikidata.org/wiki/Q55019,Wikidata P915/P625/P6375/P577
Q17019453,我們這種叛徒,film,2016-05-06,Q925349,蓓尔美尔,51.506944444,-0.133055555,,,,tt1995390,205588,,https://www.wikidata.org/wiki/Q17019453,https://www.wikidata.org/wiki/Q925349,Wikidata P915/P625/P6375/P577
Q17019453,我們這種叛徒,film,2016-05-06,Q1146311,蘭開斯特宮,51.503888888,-0.139166666,,,,tt1995390,205588,,https://www.wikidata.org/wiki/Q17019453,https://www.wikidata.org/wiki/Q1146311,Wikidata P915/P625/P6375/P577
Q17019453,我們這種叛徒,film,2016-05-06,Q163995,酋长球场,51.555,-0.108333333,"Hornsey Rd, London N7 7AJ",,,tt1995390,205588,,https://www.wikidata.org/wiki/Q17019453,https://www.wikidata.org/wiki/Q163995,Wikidata P915/P625/P6375/P577
Q20735644,我就要你好好的,film,2016-06-16,Q25,威尔士,52.35,-3.633333333,,,,tt2674426,296096,,https://www.wikidata.org/wiki/Q20735644,https://www.wikidata.org/wiki/Q25,Wikidata P915/P625/P6375/P577
Q20735644,我就要你好好的,film,2016-06-16,Q21,英格兰,53.0,-1.0,,,,tt2674426,296096,,https://www.wikidata.org/wiki/Q20735644,https://www.wikidata.org/wiki/Q21,Wikidata P915/P625/P6375/P577
Q101093410,我心悵然如詩,film,2021-09-12,Q546635,利明顿矿泉市,52.291944444,-1.535833333,,,,tt6852178,399178,,https://www.wikidata.org/wiki/Q101093410,https://www.wikidata.org/wiki/Q546635,Wikidata P915/P625/P6375/P577
Q101093410,我心悵然如詩,film,2021-09-12,Q617799,威倫霍爾,52.5798,-2.06046,,,,tt6852178,399178,,https://www.wikidata.org/wiki/Q101093410,https://www.wikidata.org/wiki/Q617799,Wikidata P915/P625/P6375/P577
Q23823458,我是布莱克,film,2016-10-21,Q1425428,泰恩河畔纽卡斯尔,54.977777777,-1.613333333,,,,tt5168192,374473,,https://www.wikidata.org/wiki/Q23823458,https://www.wikidata.org/wiki/Q1425428,Wikidata P915/P625/P6375/P577
Q735314,我的美丽洗衣店,film,1985-01-01,Q116215398,"11 Wilcox Road, South Lambeth, Lambeth, London, England, UK",51.479791914,-0.1269562,,,,tt0091578,11240,,https://www.wikidata.org/wiki/Q735314,https://www.wikidata.org/wiki/Q116215398,Wikidata P915/P625/P6375/P577
Q735314,我的美丽洗衣店,film,1985-01-01,Q2685594,Queenstown Road railway station,51.4748,-0.147,,,,tt0091578,11240,,https://www.wikidata.org/wiki/Q735314,https://www.wikidata.org/wiki/Q2685594,Wikidata P915/P625/P6375/P577
Q735314,我的美丽洗衣店,film,1985-01-01,Q84,伦敦,51.507222222,-0.1275,,,,tt0091578,11240,,https://www.wikidata.org/wiki/Q735314,https://www.wikidata.org/wiki/Q84,Wikidata P915/P625/P6375/P577
Q735314,我的美丽洗衣店,film,1985-01-01,Q1138912,巴特西,51.463769444,-0.167711111,,,,tt0091578,11240,,https://www.wikidata.org/wiki/Q735314,https://www.wikidata.org/wiki/Q1138912,Wikidata P915/P625/P6375/P577
Q735314,我的美丽洗衣店,film,1985-01-01,Q146891,斯托克韦尔,51.468055555,-0.120555555,,,,tt0091578,11240,,https://www.wikidata.org/wiki/Q735314,https://www.wikidata.org/wiki/Q146891,Wikidata P915/P625/P6375/P577
Q3273551,我的那份蛋糕,film,2011-01-01,Q14955160,Sketch,51.5128,-0.141593,,,,tt1641624,58043,,https://www.wikidata.org/wiki/Q3273551,https://www.wikidata.org/wiki/Q14955160,Wikidata P915/P625/P6375/P577
Q5967392,我，安娜,film,2012-01-01,Q84,伦敦,51.507222222,-0.1275,,,,tt1587411,114961,,https://www.wikidata.org/wiki/Q5967392,https://www.wikidata.org/wiki/Q84,Wikidata P915/P625/P6375/P577
Q125217247,战·争,film,2025-03-16,Q84,伦敦,51.507222222,-0.1275,,,,tt31434639,1241436,,https://www.wikidata.org/wiki/Q125217247,https://www.wikidata.org/wiki/Q84,Wikidata P915/P625/P6375/P577
Q218589,战马,film,2011-12-25,Q84,伦敦,51.507222222,-0.1275,,,,tt1568911,57212,,https://www.wikidata.org/wiki/Q218589,https://www.wikidata.org/wiki/Q84,Wikidata P915/P625/P6375/P577
Q218589,战马,film,2011-12-25,Q25,威尔士,52.35,-3.633333333,,,,tt1568911,57212,,https://www.wikidata.org/wiki/Q218589,https://www.wikidata.org/wiki/Q25,Wikidata P915/P625/P6375/P577
Q218589,战马,film,2011-12-25,Q23183,威尔特郡,51.3,-1.9,,,,tt1568911,57212,,https://www.wikidata.org/wiki/Q218589,https://www.wikidata.org/wiki/Q23183,Wikidata P915/P625/P6375/P577
Q218589,战马,film,2011-12-25,Q23156,德文郡,50.7,-3.8,,,,tt1568911,57212,,https://www.wikidata.org/wiki/Q218589,https://www.wikidata.org/wiki/Q23156,Wikidata P915/P625/P6375/P577
Q218589,战马,film,2011-12-25,Q23204,汉普郡,51.0575,-1.3075,,,,tt1568911,57212,,https://www.wikidata.org/wiki/Q218589,https://www.wikidata.org/wiki/Q23204,Wikidata P915/P625/P6375/P577
Q218589,战马,film,2011-12-25,Q23276,萨里郡,51.25,-0.45,,,,tt1568911,57212,,https://www.wikidata.org/wiki/Q218589,https://www.wikidata.org/wiki/Q23276,Wikidata P915/P625/P6375/P577
Q218589,战马,film,2011-12-25,Q23143,贝德福德郡,52.083333333,-0.416666666,,,,tt1568911,57212,,https://www.wikidata.org/wiki/Q218589,https://www.wikidata.org/wiki/Q23143,Wikidata P915/P625/P6375/P577
Q705230,戰地有心人,film,2001-12-17,Q661896,松木制片厂,51.548611111,-0.535,,,,tt0245046,12660,,https://www.wikidata.org/wiki/Q705230,https://www.wikidata.org/wiki/Q661896,Wikidata P915/P625/P6375/P577
Q426284,戰地櫻花夢,film,1958-01-01,Q661896,松木制片厂,51.548611111,-0.535,,,,tt0052396,47706,,https://www.wikidata.org/wiki/Q426284,https://www.wikidata.org/wiki/Q661896,Wikidata P915/P625/P6375/P577
Q969250,戰火浩劫,film,1918-03-12,Q84,伦敦,51.507222222,-0.1275,,,,tt0009150,174924,,https://www.wikidata.org/wiki/Q969250,https://www.wikidata.org/wiki/Q84,Wikidata P915/P625/P6375/P577
Q38365,戰火自由魂,film,1967-07-27,Q661896,松木制片厂,51.548611111,-0.535,,,,tt0061916,95562,,https://www.wikidata.org/wiki/Q38365,https://www.wikidata.org/wiki/Q661896,Wikidata P915/P625/P6375/P577
Q1825585,戴安娜,film,2013-01-01,Q84,伦敦,51.507222222,-0.1275,,,,tt1758595,118289,,https://www.wikidata.org/wiki/Q1825585,https://www.wikidata.org/wiki/Q84,Wikidata P915/P625/P6375/P577
Q1016369,房間就是太平間,film,2010-10-29,Q17524716,Dashwood Mausoleum,51.6471,-0.804783,,,,tt1320239,50204,,https://www.wikidata.org/wiki/Q1016369,https://www.wikidata.org/wiki/Q17524716,Wikidata P915/P625/P6375/P577
Q1016369,房間就是太平間,film,2010-10-29,Q72081,伊灵制作公司,51.509166666,-0.3075,,,,tt1320239,50204,,https://www.wikidata.org/wiki/Q1016369,https://www.wikidata.org/wiki/Q72081,Wikidata P915/P625/P6375/P577
Q1016369,房間就是太平間,film,2010-10-29,Q84,伦敦,51.507222222,-0.1275,,,,tt1320239,50204,,https://www.wikidata.org/wiki/Q1016369,https://www.wikidata.org/wiki/Q84,Wikidata P915/P625/P6375/P577
Q1016369,房間就是太平間,film,2010-10-29,Q756268,斯特灵城堡,56.123888888,-3.947777777,,,,tt1320239,50204,,https://www.wikidata.org/wiki/Q1016369,https://www.wikidata.org/wiki/Q756268,Wikidata P915/P625/P6375/P577
Q1016369,房間就是太平間,film,2010-10-29,Q23436,爱丁堡,55.953333333,-3.189166666,,,,tt1320239,50204,,https://www.wikidata.org/wiki/Q1016369,https://www.wikidata.org/wiki/Q23436,Wikidata P915/P625/P6375/P577
Q1016369,房間就是太平間,film,2010-10-29,Q1285144,諾爾莊園,51.266,0.206,Sevenoaks TN15 0RP,,,tt1320239,50204,,https://www.wikidata.org/wiki/Q1016369,https://www.wikidata.org/wiki/Q1285144,Wikidata P915/P625/P6375/P577
Q1781432,所羅門傳奇,film,2009-01-01,Q145,英国,54.6,-2.0,,,,tt0970452,32985,,https://www.wikidata.org/wiki/Q1781432,https://www.wikidata.org/wiki/Q145,Wikidata P915/P625/P6375/P577
Q1760278,打击惊魂,film,1984-01-01,Q84,伦敦,51.507222222,-0.1275,,,,tt0087414,19621,,https://www.wikidata.org/wiki/Q1760278,https://www.wikidata.org/wiki/Q84,Wikidata P915/P625/P6375/P577
Q16838897,抓住聖誕老人,film,2014-01-01,Q84,伦敦,51.507222222,-0.1275,,,,tt1935940,250535,,https://www.wikidata.org/wiki/Q16838897,https://www.wikidata.org/wiki/Q84,Wikidata P915/P625/P6375/P577
Q137130,抢翻天,film,1999-01-01,Q661896,松木制片厂,51.548611111,-0.535,,,,tt0134033,10381,,https://www.wikidata.org/wiki/Q137130,https://www.wikidata.org/wiki/Q661896,Wikidata P915/P625/P6375/P577
Q232938,护士也疯狂,film,1959-01-01,Q661896,松木制片厂,51.548611111,-0.535,,,,tt0051452,32107,,https://www.wikidata.org/wiki/Q232938,https://www.wikidata.org/wiki/Q661896,Wikidata P915/P625/P6375/P577
Q705387,拦截密码战,film,2001-01-22,Q661896,松木制片厂,51.548611111,-0.535,,,,tt0157583,10491,,https://www.wikidata.org/wiki/Q705387,https://www.wikidata.org/wiki/Q661896,Wikidata P915/P625/P6375/P577
Q125971387,拯救地球,film,2025-08-28,Q64116,海威科姆,51.621666666,-0.751666666,,,,tt12300742,701387,,https://www.wikidata.org/wiki/Q125971387,https://www.wikidata.org/wiki/Q64116,Wikidata P915/P625/P6375/P577
Q165817,拯救大兵瑞恩,film,1998-01-01,Q19788,哈特菲尔德,51.763611111,-0.225833333,,,,tt0120815,857,,https://www.wikidata.org/wiki/Q165817,https://www.wikidata.org/wiki/Q19788,Wikidata P915/P625/P6375/P577
Q165817,拯救大兵瑞恩,film,1998-01-01,Q2094727,泰晤,51.75,-0.97,,,,tt0120815,857,,https://www.wikidata.org/wiki/Q165817,https://www.wikidata.org/wiki/Q2094727,Wikidata P915/P625/P6375/P577
Q7729824,指定懺悔者1997,film,1997-01-01,Q661896,松木制片厂,51.548611111,-0.535,,,,tt0118964,125021,,https://www.wikidata.org/wiki/Q7729824,https://www.wikidata.org/wiki/Q661896,Wikidata P915/P625/P6375/P577
Q156539,挑战者,film,1986-01-01,Q84,伦敦,51.507222222,-0.1275,,,,tt0091203,8009,,https://www.wikidata.org/wiki/Q156539,https://www.wikidata.org/wiki/Q84,Wikidata P915/P625/P6375/P577
Q156539,挑战者,film,1986-01-01,Q3410,赫特福德郡,51.9,-0.2,,,,tt0091203,8009,,https://www.wikidata.org/wiki/Q156539,https://www.wikidata.org/wiki/Q3410,Wikidata P915/P625/P6375/P577
Q620731,换装师,film,1983-01-01,Q661896,松木制片厂,51.548611111,-0.535,,,,tt0085461,42122,,https://www.wikidata.org/wiki/Q620731,https://www.wikidata.org/wiki/Q661896,Wikidata P915/P625/P6375/P577
Q12124859,捷京谍影,film,1964-01-01,Q661896,松木制片厂,51.548611111,-0.535,,,,tt0059282,2106,,https://www.wikidata.org/wiki/Q12124859,https://www.wikidata.org/wiki/Q661896,Wikidata P915/P625/P6375/P577
Q7774102,接班人,film,2013-01-01,Q84,伦敦,51.507222222,-0.1275,,,,tt2113809,121604,,https://www.wikidata.org/wiki/Q7774102,https://www.wikidata.org/wiki/Q84,Wikidata P915/P625/P6375/P577
Q1129186,控制,film,2007-05-17,Q23064,柴郡,53.166666666,-2.583333333,,,,tt0421082,5708,,https://www.wikidata.org/wiki/Q1129186,https://www.wikidata.org/wiki/Q23064,Wikidata P915/P625/P6375/P577
Q18149041,換腦行動,film,2016-04-21,Q84,伦敦,51.507222222,-0.1275,,,,tt3014866,302156,,https://www.wikidata.org/wiki/Q18149041,https://www.wikidata.org/wiki/Q84,Wikidata P915/P625/P6375/P577
Q898461,搖滾黑幫,film,2008-01-01,Q84,伦敦,51.507222222,-0.1275,,,,tt1032755,13809,,https://www.wikidata.org/wiki/Q898461,https://www.wikidata.org/wiki/Q84,Wikidata P915/P625/P6375/P577
Q478395,攝魂人,film,1960-01-01,Q84,伦敦,51.507222222,-0.1275,,,,tt0054167,11167,,https://www.wikidata.org/wiki/Q478395,https://www.wikidata.org/wiki/Q84,Wikidata P915/P625/P6375/P577
Q478395,攝魂人,film,1960-01-01,Q661896,松木制片厂,51.548611111,-0.535,,,,tt0054167,11167,,https://www.wikidata.org/wiki/Q478395,https://www.wikidata.org/wiki/Q661896,Wikidata P915/P625/P6375/P577
Q111149342,攻心諜戰,film,2023-08-11,Q84,伦敦,51.507222222,-0.1275,,,,tt13603966,724209,,https://www.wikidata.org/wiki/Q111149342,https://www.wikidata.org/wiki/Q84,Wikidata P915/P625/P6375/P577
Q111149342,攻心諜戰,film,2023-08-11,Q1545679,谢珀顿,51.395833333,-0.448888888,,,,tt13603966,724209,,https://www.wikidata.org/wiki/Q111149342,https://www.wikidata.org/wiki/Q1545679,Wikidata P915/P625/P6375/P577
Q21935651,敦刻尔克,film,2017-07-13,Q7653554,斯旺纳奇站,50.6102,-1.96145,,,,tt5013056,374720,,https://www.wikidata.org/wiki/Q21935651,https://www.wikidata.org/wiki/Q7653554,Wikidata P915/P625/P6375/P577
Q21935651,敦刻尔克,film,2017-07-13,Q24677890,韦茅斯港,50.60922,-2.44653,,,,tt5013056,374720,,https://www.wikidata.org/wiki/Q21935651,https://www.wikidata.org/wiki/Q24677890,Wikidata P915/P625/P6375/P577
Q208592,断头谷,film,1999-11-17,Q925942,中殿律师学院,51.511922045,-0.111340366,,,,tt0162661,2668,,https://www.wikidata.org/wiki/Q208592,https://www.wikidata.org/wiki/Q925942,Wikidata P915/P625/P6375/P577
Q208592,断头谷,film,1999-11-17,Q19813,哈特菲爾德莊園,51.7606,-0.2092,Hatfield AL9 5NQ,,,tt0162661,2668,,https://www.wikidata.org/wiki/Q208592,https://www.wikidata.org/wiki/Q19813,Wikidata P915/P625/P6375/P577
Q208592,断头谷,film,1999-11-17,Q19835,華納兄弟利維斯登製片廠,51.693333333,-0.419722222,,,,tt0162661,2668,,https://www.wikidata.org/wiki/Q208592,https://www.wikidata.org/wiki/Q19835,Wikidata P915/P625/P6375/P577
Q24905490,斯大林之死,film,2017-09-08,Q84,伦敦,51.507222222,-0.1275,,,,tt4686844,402897,,https://www.wikidata.org/wiki/Q24905490,https://www.wikidata.org/wiki/Q84,Wikidata P915/P625/P6375/P577
Q20713364,斯特拉頓,film,2017-01-01,Q84,伦敦,51.507222222,-0.1275,,,,tt3567666,348389,,https://www.wikidata.org/wiki/Q20713364,https://www.wikidata.org/wiki/Q84,Wikidata P915/P625/P6375/P577
Q2454282,新乌龙女校2,film,2009-01-01,Q84,伦敦,51.507222222,-0.1275,,,,tt1210106,37565,,https://www.wikidata.org/wiki/Q2454282,https://www.wikidata.org/wiki/Q84,Wikidata P915/P625/P6375/P577
Q1612412,新凱撒大帝,film,1970-01-01,Q661896,松木制片厂,51.548611111,-0.535,,,,tt0065922,42592,,https://www.wikidata.org/wiki/Q1612412,https://www.wikidata.org/wiki/Q661896,Wikidata P915/P625/P6375/P577
Q7012140,新城殺手,film,2008-01-01,Q23436,爱丁堡,55.953333333,-3.189166666,,,,tt1183908,23385,,https://www.wikidata.org/wiki/Q7012140,https://www.wikidata.org/wiki/Q23436,Wikidata P915/P625/P6375/P577
Q23759268,新木乃伊,film,2017-06-08,Q84,伦敦,51.507222222,-0.1275,,,,tt2345759,282035,,https://www.wikidata.org/wiki/Q23759268,https://www.wikidata.org/wiki/Q84,Wikidata P915/P625/P6375/P577
Q23759268,新木乃伊,film,2017-06-08,Q34217,牛津,51.751944444,-1.257777777,,,,tt2345759,282035,,https://www.wikidata.org/wiki/Q23759268,https://www.wikidata.org/wiki/Q34217,Wikidata P915/P625/P6375/P577
Q7340832,新金山羅賓漢,film,1957-01-01,Q661896,松木制片厂,51.548611111,-0.535,,,,tt0050904,269519,,https://www.wikidata.org/wiki/Q7340832,https://www.wikidata.org/wiki/Q661896,Wikidata P915/P625/P6375/P577
Q7764212,无声的敌人,film,1958-01-01,Q1410,直布罗陀,36.14,-5.35,,,,tt0052197,25387,,https://www.wikidata.org/wiki/Q7764212,https://www.wikidata.org/wiki/Q1410,Wikidata P915/P625/P6375/P577
Q3434096,无果之路,film,2010-01-01,Q84,伦敦,51.507222222,-0.1275,,,,tt1504319,42707,,https://www.wikidata.org/wiki/Q3434096,https://www.wikidata.org/wiki/Q84,Wikidata P915/P625/P6375/P577
Q11087192,时差7小时,film,2004-10-17,Q145,英国,54.6,-2.0,,,,tt0408930,1084649,,https://www.wikidata.org/wiki/Q11087192,https://www.wikidata.org/wiki/Q145,Wikidata P915/P625/P6375/P577
Q157044,时时刻刻,film,2002-01-01,Q661896,松木制片厂,51.548611111,-0.535,,,,tt0274558,590,,https://www.wikidata.org/wiki/Q157044,https://www.wikidata.org/wiki/Q661896,Wikidata P915/P625/P6375/P577
Q108456719,旺卡,film,2023-12-13,Q82490,莱姆里杰斯,50.725,-2.935277777,,,,tt6166392,787699,,https://www.wikidata.org/wiki/Q108456719,https://www.wikidata.org/wiki/Q82490,Wikidata P915/P625/P6375/P577
Q108456719,旺卡,film,2023-12-13,Q19835,華納兄弟利維斯登製片廠,51.693333333,-0.419722222,,,,tt6166392,787699,,https://www.wikidata.org/wiki/Q108456719,https://www.wikidata.org/wiki/Q19835,Wikidata P915/P625/P6375/P577
Q18162353,明天,film,2018-10-19,Q84,伦敦,51.507222222,-0.1275,,,,tt2654536,330354,,https://www.wikidata.org/wiki/Q18162353,https://www.wikidata.org/wiki/Q84,Wikidata P915/P625/P6375/P577
Q600445,明天,film,1970-01-01,Q661896,松木制片厂,51.548611111,-0.535,,,,tt0066469,121113,,https://www.wikidata.org/wiki/Q600445,https://www.wikidata.org/wiki/Q661896,Wikidata P915/P625/P6375/P577
Q207916,明日帝国,film,1997-01-01,Q661896,松木制片厂,51.548611111,-0.535,,,,tt0120347,714,,https://www.wikidata.org/wiki/Q207916,https://www.wikidata.org/wiki/Q661896,Wikidata P915/P625/P6375/P577
Q1187607,明日边缘,film,2014-05-29,Q19835,華納兄弟利維斯登製片廠,51.693333333,-0.419722222,,,,tt1631867,137113,,https://www.wikidata.org/wiki/Q1187607,https://www.wikidata.org/wiki/Q19835,Wikidata P915/P625/P6375/P577
Q16995656,星光殺機,film,2015-01-01,Q84,伦敦,51.507222222,-0.1275,,,,tt2474958,318922,,https://www.wikidata.org/wiki/Q16995656,https://www.wikidata.org/wiki/Q84,Wikidata P915/P625/P6375/P577
Q244398,星尘,film,2007-07-29,Q661896,松木制片厂,51.548611111,-0.535,,,,tt0486655,2270,,https://www.wikidata.org/wiki/Q244398,https://www.wikidata.org/wiki/Q661896,Wikidata P915/P625/P6375/P577
Q244398,星尘,film,2007-07-29,Q23169,牛津郡,51.75,-1.28,,,,tt0486655,2270,,https://www.wikidata.org/wiki/Q244398,https://www.wikidata.org/wiki/Q23169,Wikidata P915/P625/P6375/P577
Q244398,星尘,film,2007-07-29,Q3410,赫特福德郡,51.9,-0.2,,,,tt0486655,2270,,https://www.wikidata.org/wiki/Q244398,https://www.wikidata.org/wiki/Q3410,Wikidata P915/P625/P6375/P577
Q165713,星球大战I：幽灵的威胁,film,1999-05-19,Q7993723,Whippendell Wood,51.67,-0.445,,,,tt0120915,1893,,https://www.wikidata.org/wiki/Q165713,https://www.wikidata.org/wiki/Q7993723,Wikidata P915/P625/P6375/P577
Q165713,星球大战I：幽灵的威胁,film,1999-05-19,Q5049457,卡里奧伯里公園,51.6597,-0.416667,,,,tt0120915,1893,,https://www.wikidata.org/wiki/Q165713,https://www.wikidata.org/wiki/Q5049457,Wikidata P915/P625/P6375/P577
Q165713,星球大战I：幽灵的威胁,film,1999-05-19,Q19835,華納兄弟利維斯登製片廠,51.693333333,-0.419722222,,,,tt0120915,1893,,https://www.wikidata.org/wiki/Q165713,https://www.wikidata.org/wiki/Q19835,Wikidata P915/P625/P6375/P577
Q165713,星球大战I：幽灵的威胁,film,1999-05-19,Q1132683,赫弗城堡,51.186944,0.113889,Edenbridge TN8 7NG,,,tt0120915,1893,,https://www.wikidata.org/wiki/Q165713,https://www.wikidata.org/wiki/Q1132683,Wikidata P915/P625/P6375/P577
Q6074,星球大战：原力觉醒,film,2015-12-16,Q23220,伯克郡,51.42,-1.0,,,,tt2488496,140607,,https://www.wikidata.org/wiki/Q6074,https://www.wikidata.org/wiki/Q23220,Wikidata P915/P625/P6375/P577
Q6074,星球大战：原力觉醒,film,2015-12-16,Q661896,松木制片厂,51.548611111,-0.535,,,,tt2488496,140607,,https://www.wikidata.org/wiki/Q6074,https://www.wikidata.org/wiki/Q661896,Wikidata P915/P625/P6375/P577
Q6074,星球大战：原力觉醒,film,2015-12-16,Q23229,白金汉郡,51.766666666,-0.8,,,,tt2488496,140607,,https://www.wikidata.org/wiki/Q6074,https://www.wikidata.org/wiki/Q23229,Wikidata P915/P625/P6375/P577
Q1570560,星球的探索,film,1969-01-01,Q661896,松木制片厂,51.548611111,-0.535,,,,tt0064519,40430,,https://www.wikidata.org/wiki/Q1570560,https://www.wikidata.org/wiki/Q661896,Wikidata P915/P625/P6375/P577
Q1570560,星球的探索,film,1969-01-01,Q3410,赫特福德郡,51.9,-0.2,,,,tt0064519,40430,,https://www.wikidata.org/wiki/Q1570560,https://www.wikidata.org/wiki/Q3410,Wikidata P915/P625/P6375/P577
Q471976,星际传奇2,film,2004-01-01,Q661896,松木制片厂,51.548611111,-0.535,,,,tt0296572,2789,,https://www.wikidata.org/wiki/Q471976,https://www.wikidata.org/wiki/Q661896,Wikidata P915/P625/P6375/P577
Q19590955,星際大戰外傳：俠盜一號,film,2016-12-13,Q3501089,埃尔斯特里影城,51.6587,-0.2758,,,,tt3748528,330459,,https://www.wikidata.org/wiki/Q19590955,https://www.wikidata.org/wiki/Q3501089,Wikidata P915/P625/P6375/P577
Q19590955,星際大戰外傳：俠盜一號,film,2016-12-13,Q661896,松木制片厂,51.548611111,-0.535,,,,tt3748528,330459,,https://www.wikidata.org/wiki/Q19590955,https://www.wikidata.org/wiki/Q661896,Wikidata P915/P625/P6375/P577
Q19590955,星際大戰外傳：俠盜一號,film,2016-12-13,Q1032842,金絲雀碼頭站,51.503611111,-0.018611111,"[[Canary Wharf]], [[Tower Hamlets]], [[Londra]]",,,tt3748528,330459,,https://www.wikidata.org/wiki/Q19590955,https://www.wikidata.org/wiki/Q1032842,Wikidata P915/P625/P6375/P577
Q27038847,星際大戰外傳：韓索羅,film,2018-05-23,Q661896,松木制片厂,51.548611111,-0.535,,,,tt3778644,348350,,https://www.wikidata.org/wiki/Q27038847,https://www.wikidata.org/wiki/Q661896,Wikidata P915/P625/P6375/P577
Q20962283,星際過客,film,2015-12-21,Q661896,松木制片厂,51.548611111,-0.535,,,,tt1355644,274870,,https://www.wikidata.org/wiki/Q20962283,https://www.wikidata.org/wiki/Q661896,Wikidata P915/P625/P6375/P577
Q658204,春光乍泄,film,1966-12-18,Q6781672,Maryon Park,51.489,0.043,,,,tt0060176,1052,,https://www.wikidata.org/wiki/Q658204,https://www.wikidata.org/wiki/Q6781672,Wikidata P915/P625/P6375/P577
Q658204,春光乍泄,film,1966-12-18,Q7235328,Pottery Lane,51.5089,-0.21,,,,tt0060176,1052,,https://www.wikidata.org/wiki/Q658204,https://www.wikidata.org/wiki/Q7235328,Wikidata P915/P625/P6375/P577
Q658204,春光乍泄,film,1966-12-18,Q84,伦敦,51.507222222,-0.1275,,,,tt0060176,1052,,https://www.wikidata.org/wiki/Q658204,https://www.wikidata.org/wiki/Q84,Wikidata P915/P625/P6375/P577
Q658204,春光乍泄,film,1966-12-18,Q1123106,摄政街,51.5108,-0.1387,,,,tt0060176,1052,,https://www.wikidata.org/wiki/Q658204,https://www.wikidata.org/wiki/Q1123106,Wikidata P915/P625/P6375/P577
Q658204,春光乍泄,film,1966-12-18,Q146891,斯托克韦尔,51.468055555,-0.120555555,,,,tt0060176,1052,,https://www.wikidata.org/wiki/Q658204,https://www.wikidata.org/wiki/Q146891,Wikidata P915/P625/P6375/P577
Q1216067,春心有誰憐,film,1969-01-01,Q783210,布拉克内尔,51.416,-0.749,,,,tt0064462,96243,,https://www.wikidata.org/wiki/Q1216067,https://www.wikidata.org/wiki/Q783210,Wikidata P915/P625/P6375/P577
Q1216067,春心有誰憐,film,1969-01-01,Q2924156,布雷製片廠,51.492881,-0.676111,,,,tt0064462,96243,,https://www.wikidata.org/wiki/Q1216067,https://www.wikidata.org/wiki/Q2924156,Wikidata P915/P625/P6375/P577
Q449207,春滿夏令營,film,1969-05-29,Q661896,松木制片厂,51.548611111,-0.535,,,,tt0064133,19307,,https://www.wikidata.org/wiki/Q449207,https://www.wikidata.org/wiki/Q661896,Wikidata P915/P625/P6375/P577
Q8057330,春滿蘭宮,film,1954-01-01,Q661896,松木制片厂,51.548611111,-0.535,,,,tt0047687,294890,,https://www.wikidata.org/wiki/Q8057330,https://www.wikidata.org/wiki/Q661896,Wikidata P915/P625/P6375/P577
Q448831,春色无边满绿波,film,1955-01-01,Q661896,松木制片厂,51.548611111,-0.535,,,,tt0048001,68339,,https://www.wikidata.org/wiki/Q448831,https://www.wikidata.org/wiki/Q661896,Wikidata P915/P625/P6375/P577
Q4919000,春色梨花,film,1963-01-01,Q661896,松木制片厂,51.548611111,-0.535,,,,tt0056870,180641,,https://www.wikidata.org/wiki/Q4919000,https://www.wikidata.org/wiki/Q661896,Wikidata P915/P625/P6375/P577
Q4677339,春色無邊滿人間,film,1957-01-01,Q661896,松木制片厂,51.548611111,-0.535,,,,tt0050323,68340,,https://www.wikidata.org/wiki/Q4677339,https://www.wikidata.org/wiki/Q661896,Wikidata P915/P625/P6375/P577
Q5287492,春色無邊滿天下,film,1960-01-01,Q661896,松木制片厂,51.548611111,-0.535,,,,tt0053775,68334,,https://www.wikidata.org/wiki/Q5287492,https://www.wikidata.org/wiki/Q661896,Wikidata P915/P625/P6375/P577
Q319263,春色無邊滿杏林,film,1954-01-01,Q661896,松木制片厂,51.548611111,-0.535,,,,tt0046921,68242,,https://www.wikidata.org/wiki/Q319263,https://www.wikidata.org/wiki/Q661896,Wikidata P915/P625/P6375/P577
Q3012116,春色無邊滿蕩娃,film,1959-01-01,Q661896,松木制片厂,51.548611111,-0.535,,,,tt0052672,285555,,https://www.wikidata.org/wiki/Q3012116,https://www.wikidata.org/wiki/Q661896,Wikidata P915/P625/P6375/P577
Q5287493,春色無邊脂粉陣,film,1970-01-01,Q661896,松木制片厂,51.548611111,-0.535,,,,tt0065648,68336,,https://www.wikidata.org/wiki/Q5287493,https://www.wikidata.org/wiki/Q661896,Wikidata P915/P625/P6375/P577
Q667764,春风不化雨,film,1969-02-24,Q661896,松木制片厂,51.548611111,-0.535,,,,tt0064840,5179,,https://www.wikidata.org/wiki/Q667764,https://www.wikidata.org/wiki/Q661896,Wikidata P915/P625/P6375/P577
Q667764,春风不化雨,film,1969-02-24,Q23436,爱丁堡,55.953333333,-3.189166666,,,,tt0064840,5179,,https://www.wikidata.org/wiki/Q667764,https://www.wikidata.org/wiki/Q23436,Wikidata P915/P625/P6375/P577
Q1034978,時光遺忘之人,film,1977-07-06,Q661896,松木制片厂,51.548611111,-0.535,,,,tt0076535,27591,,https://www.wikidata.org/wiki/Q1034978,https://www.wikidata.org/wiki/Q661896,Wikidata P915/P625/P6375/P577
Q1962105,時間簡史 (紀錄片),film,1991-01-01,Q3410,赫特福德郡,51.9,-0.2,,,,tt0103882,1358,,https://www.wikidata.org/wiki/Q1962105,https://www.wikidata.org/wiki/Q3410,Wikidata P915/P625/P6375/P577
Q192686,普罗米修斯,film,2012-05-30,Q661896,松木制片厂,51.548611111,-0.535,,,,tt1446714,70981,,https://www.wikidata.org/wiki/Q192686,https://www.wikidata.org/wiki/Q661896,Wikidata P915/P625/P6375/P577
Q192686,普罗米修斯,film,2012-05-30,Q23276,萨里郡,51.25,-0.45,,,,tt1446714,70981,,https://www.wikidata.org/wiki/Q192686,https://www.wikidata.org/wiki/Q23276,Wikidata P915/P625/P6375/P577
Q192686,普罗米修斯,film,2012-05-30,Q208279,高地,57.5,-5.0,,,,tt1446714,70981,,https://www.wikidata.org/wiki/Q192686,https://www.wikidata.org/wiki/Q208279,Wikidata P915/P625/P6375/P577
Q303495,晴空浴血戰,film,1956-07-10,Q661896,松木制片厂,51.548611111,-0.535,,,,tt0049665,22350,,https://www.wikidata.org/wiki/Q303495,https://www.wikidata.org/wiki/Q661896,Wikidata P915/P625/P6375/P577
Q1170481,智多星棋逢敵手,film,1969-03-07,Q84,伦敦,51.507222222,-0.1275,,,,tt0064146,33436,,https://www.wikidata.org/wiki/Q1170481,https://www.wikidata.org/wiki/Q84,Wikidata P915/P625/P6375/P577
Q1170481,智多星棋逢敵手,film,1969-03-07,Q38778,卡纳比街,51.513333333,-0.138888888,,,,tt0064146,33436,,https://www.wikidata.org/wiki/Q1170481,https://www.wikidata.org/wiki/Q38778,Wikidata P915/P625/P6375/P577
Q5757328,智殲叛國黨,film,1951-01-01,Q661896,松木制片厂,51.548611111,-0.535,,,,tt0043637,87378,,https://www.wikidata.org/wiki/Q5757328,https://www.wikidata.org/wiki/Q661896,Wikidata P915/P625/P6375/P577
Q7730725,替身,film,2013-09-07,Q84,伦敦,51.507222222,-0.1275,,,,tt1825157,146015,,https://www.wikidata.org/wiki/Q7730725,https://www.wikidata.org/wiki/Q84,Wikidata P915/P625/P6375/P577
Q7746012,最后的七个,film,2010-01-01,Q84,伦敦,51.507222222,-0.1275,,,,tt1274273,44646,,https://www.wikidata.org/wiki/Q7746012,https://www.wikidata.org/wiki/Q84,Wikidata P915/P625/P6375/P577
Q119856907,最後一個槍手,film,2023-01-01,Q10686,贝尔法斯特,54.596666666,-5.93,,,,tt12404266,763144,,https://www.wikidata.org/wiki/Q119856907,https://www.wikidata.org/wiki/Q10686,Wikidata P915/P625/P6375/P577
Q7111893,最後的戰爭,film,2010-01-01,Q23436,爱丁堡,55.953333333,-3.189166666,,,,tt1396219,42917,,https://www.wikidata.org/wiki/Q7111893,https://www.wikidata.org/wiki/Q23436,Wikidata P915/P625/P6375/P577
Q2471653,最愛小情歌,film,2011-01-01,Q84,伦敦,51.507222222,-0.1275,,,,tt1815799,93188,,https://www.wikidata.org/wiki/Q2471653,https://www.wikidata.org/wiki/Q84,Wikidata P915/P625/P6375/P577
Q7559406,有些女孩这样做,film,1969-01-01,Q661896,松木制片厂,51.548611111,-0.535,,,,tt0065009,26181,,https://www.wikidata.org/wiki/Q7559406,https://www.wikidata.org/wiki/Q661896,Wikidata P915/P625/P6375/P577
Q537834,有情感的机器人,film,1985-01-01,Q661896,松木制片厂,51.548611111,-0.535,,,,tt0088979,16248,,https://www.wikidata.org/wiki/Q537834,https://www.wikidata.org/wiki/Q661896,Wikidata P915/P625/P6375/P577
Q202508,木乃伊,film,1999-05-04,Q21,英格兰,53.0,-1.0,,,,tt0120616,564,,https://www.wikidata.org/wiki/Q202508,https://www.wikidata.org/wiki/Q21,Wikidata P915/P625/P6375/P577
Q320461,木乃伊2,film,2001-05-04,Q661896,松木制片厂,51.548611111,-0.535,,,,tt0209163,1734,,https://www.wikidata.org/wiki/Q320461,https://www.wikidata.org/wiki/Q661896,Wikidata P915/P625/P6375/P577
Q3411010,末路狂奔,film,2012-01-01,Q84,伦敦,51.507222222,-0.1275,,,,tt1921070,115276,,https://www.wikidata.org/wiki/Q3411010,https://www.wikidata.org/wiki/Q84,Wikidata P915/P625/P6375/P577
Q12125299,朱比特崛起,film,2015-01-05,Q6652914,Littlebrook Power Station,51.4653,0.241667,,,,tt1617661,76757,,https://www.wikidata.org/wiki/Q12125299,https://www.wikidata.org/wiki/Q6652914,Wikidata P915/P625/P6375/P577
Q12125299,朱比特崛起,film,2015-01-05,Q579004,伊利座堂,52.398611111,0.263888888,,,,tt1617661,76757,,https://www.wikidata.org/wiki/Q12125299,https://www.wikidata.org/wiki/Q579004,Wikidata P915/P625/P6375/P577
Q12125299,朱比特崛起,film,2015-01-05,Q84,伦敦,51.507222222,-0.1275,,,,tt1617661,76757,,https://www.wikidata.org/wiki/Q12125299,https://www.wikidata.org/wiki/Q84,Wikidata P915/P625/P6375/P577
Q12125299,朱比特崛起,film,2015-01-05,Q5367999,埃爾夫登殿堂,52.3852,0.6797,,,,tt1617661,76757,,https://www.wikidata.org/wiki/Q12125299,https://www.wikidata.org/wiki/Q5367999,Wikidata P915/P625/P6375/P577
Q12125299,朱比特崛起,film,2015-01-05,Q309388,自然史博物馆,51.496111111,-0.176111111,"Cromwell Road, London, SW7 5BD",,,tt1617661,76757,,https://www.wikidata.org/wiki/Q12125299,https://www.wikidata.org/wiki/Q309388,Wikidata P915/P625/P6375/P577
Q12125299,朱比特崛起,film,2015-01-05,Q19835,華納兄弟利維斯登製片廠,51.693333333,-0.419722222,,,,tt1617661,76757,,https://www.wikidata.org/wiki/Q12125299,https://www.wikidata.org/wiki/Q19835,Wikidata P915/P625/P6375/P577
Q16635326,机械姬,film,2014-12-16,Q84,伦敦,51.507222222,-0.1275,,,,tt0470752,264660,,https://www.wikidata.org/wiki/Q16635326,https://www.wikidata.org/wiki/Q84,Wikidata P915/P625/P6375/P577
Q16635326,机械姬,film,2014-12-16,Q661896,松木制片厂,51.548611111,-0.535,,,,tt0470752,264660,,https://www.wikidata.org/wiki/Q16635326,https://www.wikidata.org/wiki/Q661896,Wikidata P915/P625/P6375/P577
Q106571,来自俄罗斯的爱情,film,1963-01-01,Q5185734,Crinan,56.0833,-5.58333,,,,tt0057076,657,,https://www.wikidata.org/wiki/Q106571,https://www.wikidata.org/wiki/Q5185734,Wikidata P915/P625/P6375/P577
Q106571,来自俄罗斯的爱情,film,1963-01-01,Q6664901,Loch Craignish,56.15,-5.56667,,,,tt0057076,657,,https://www.wikidata.org/wiki/Q106571,https://www.wikidata.org/wiki/Q6664901,Wikidata P915/P625/P6375/P577
Q106571,来自俄罗斯的爱情,film,1963-01-01,Q6665107,Lochgoilhead,56.171944444,-4.907777777,,,,tt0057076,657,,https://www.wikidata.org/wiki/Q106571,https://www.wikidata.org/wiki/Q6665107,Wikidata P915/P625/P6375/P577
Q106571,来自俄罗斯的爱情,film,1963-01-01,Q867913,史諾多尼亞,52.9,-3.85,,,,tt0057076,657,,https://www.wikidata.org/wiki/Q106571,https://www.wikidata.org/wiki/Q867913,Wikidata P915/P625/P6375/P577
Q106571,来自俄罗斯的爱情,film,1963-01-01,Q661896,松木制片厂,51.548611111,-0.535,,,,tt0057076,657,,https://www.wikidata.org/wiki/Q106571,https://www.wikidata.org/wiki/Q661896,Wikidata P915/P625/P6375/P577
Q106571,来自俄罗斯的爱情,film,1963-01-01,Q8546656,赫雷,51.543,-0.808,,,,tt0057076,657,,https://www.wikidata.org/wiki/Q106571,https://www.wikidata.org/wiki/Q8546656,Wikidata P915/P625/P6375/P577
Q27689100,東方快車謀殺案,film,2017-11-09,Q145,英国,54.6,-2.0,,,,tt3402236,392044,,https://www.wikidata.org/wiki/Q27689100,https://www.wikidata.org/wiki/Q145,Wikidata P915/P625/P6375/P577
Q55597006,枝頭鳳,film,1952-01-01,Q661896,松木制片厂,51.548611111,-0.535,,,,tt0045020,50755,,https://www.wikidata.org/wiki/Q55597006,https://www.wikidata.org/wiki/Q661896,Wikidata P915/P625/P6375/P577
Q478793,柏林1936,film,2009-01-01,Q84,伦敦,51.507222222,-0.1275,,,,tt1298540,50077,,https://www.wikidata.org/wiki/Q478793,https://www.wikidata.org/wiki/Q84,Wikidata P915/P625/P6375/P577
Q204958,柏林葬禮,film,1966-12-22,Q661896,松木制片厂,51.548611111,-0.535,,,,tt0060437,34388,,https://www.wikidata.org/wiki/Q204958,https://www.wikidata.org/wiki/Q661896,Wikidata P915/P625/P6375/P577
Q121076570,柏靈頓：熊熊去秘魯,film,2024-11-08,Q145,英国,54.6,-2.0,,,,tt5822536,516729,,https://www.wikidata.org/wiki/Q121076570,https://www.wikidata.org/wiki/Q145,Wikidata P915/P625/P6375/P577
Q94998134,查克·史奈德之正義聯盟,film,2021-03-18,Q84,伦敦,51.507222222,-0.1275,,,,tt12361974,791373,,https://www.wikidata.org/wiki/Q94998134,https://www.wikidata.org/wiki/Q84,Wikidata P915/P625/P6375/P577
Q94998134,查克·史奈德之正義聯盟,film,2021-03-18,Q19835,華納兄弟利維斯登製片廠,51.693333333,-0.419722222,,,,tt12361974,791373,,https://www.wikidata.org/wiki/Q94998134,https://www.wikidata.org/wiki/Q19835,Wikidata P915/P625/P6375/P577
Q94998134,查克·史奈德之正義聯盟,film,2021-03-18,Q3410,赫特福德郡,51.9,-0.2,,,,tt12361974,791373,,https://www.wikidata.org/wiki/Q94998134,https://www.wikidata.org/wiki/Q3410,Wikidata P915/P625/P6375/P577
Q188718,桂河大桥,film,1957-01-01,Q145,英国,54.6,-2.0,,,,tt0050212,826,,https://www.wikidata.org/wiki/Q188718,https://www.wikidata.org/wiki/Q145,Wikidata P915/P625/P6375/P577
Q3206607,桃源春戀,film,1962-01-01,Q661896,松木制片厂,51.548611111,-0.535,,,,tt0056583,130401,,https://www.wikidata.org/wiki/Q3206607,https://www.wikidata.org/wiki/Q661896,Wikidata P915/P625/P6375/P577
Q979462,桃色工廠,film,1971-12-10,Q661896,松木制片厂,51.548611111,-0.535,,,,tt0066895,19297,,https://www.wikidata.org/wiki/Q979462,https://www.wikidata.org/wiki/Q661896,Wikidata P915/P625/P6375/P577
Q1845888,森林中的观察者,film,1980-04-17,Q661896,松木制片厂,51.548611111,-0.535,,,,tt0081738,21970,,https://www.wikidata.org/wiki/Q1845888,https://www.wikidata.org/wiki/Q661896,Wikidata P915/P625/P6375/P577
Q19595098,森林王子,film,2018-01-01,Q84,伦敦,51.507222222,-0.1275,,,,tt2388771,407436,,https://www.wikidata.org/wiki/Q19595098,https://www.wikidata.org/wiki/Q84,Wikidata P915/P625/P6375/P577
Q15427353,槍響前決定愛不愛你,film,2015-01-24,Q22,苏格兰,57.0,-5.0,,,,tt3205376,223485,,https://www.wikidata.org/wiki/Q15427353,https://www.wikidata.org/wiki/Q22,Wikidata P915/P625/P6375/P577
Q3055361,樓上春色,film,1959-01-01,Q661896,松木制片厂,51.548611111,-0.535,,,,tt0052780,185546,,https://www.wikidata.org/wiki/Q3055361,https://www.wikidata.org/wiki/Q661896,Wikidata P915/P625/P6375/P577
Q14918344,模仿游戏,film,2014-08-29,Q16995495,Joyce Grove,51.573779,-0.988925,,,,tt2084970,205596,,https://www.wikidata.org/wiki/Q14918344,https://www.wikidata.org/wiki/Q16995495,Wikidata P915/P625/P6375/P577
Q14918344,模仿游戏,film,2014-08-29,Q219867,伦敦国王十字车站,51.530972222,-0.123333333,,,,tt2084970,205596,,https://www.wikidata.org/wiki/Q14918344,https://www.wikidata.org/wiki/Q219867,Wikidata P915/P625/P6375/P577
Q14918344,模仿游戏,film,2014-08-29,Q962767,切斯汉姆,51.7065,-0.60938,,,,tt2084970,205596,,https://www.wikidata.org/wiki/Q14918344,https://www.wikidata.org/wiki/Q962767,Wikidata P915/P625/P6375/P577
Q14918344,模仿游戏,film,2014-08-29,Q990658,奧德維奇站,51.51215,-0.11595,,,,tt2084970,205596,,https://www.wikidata.org/wiki/Q14918344,https://www.wikidata.org/wiki/Q990658,Wikidata P915/P625/P6375/P577
Q14918344,模仿游戏,film,2014-08-29,Q23169,牛津郡,51.75,-1.28,,,,tt2084970,205596,,https://www.wikidata.org/wiki/Q14918344,https://www.wikidata.org/wiki/Q23169,Wikidata P915/P625/P6375/P577
Q14918344,模仿游戏,film,2014-08-29,Q619674,皇家空軍百塞斯特機場,51.916111111,-1.135277777,,,,tt2084970,205596,,https://www.wikidata.org/wiki/Q14918344,https://www.wikidata.org/wiki/Q619674,Wikidata P915/P625/P6375/P577
Q14918344,模仿游戏,film,2014-08-29,Q2278254,谢伯恩学校,50.947,-2.518,"Sherborne School, Abbey Road, Sherborne, Dorset, DT9 3AP",,,tt2084970,205596,,https://www.wikidata.org/wiki/Q14918344,https://www.wikidata.org/wiki/Q2278254,Wikidata P915/P625/P6375/P577
Q107460063,機密特務：阿蓋爾,film,2024-01-24,Q84,伦敦,51.507222222,-0.1275,,,,tt15009428,848538,,https://www.wikidata.org/wiki/Q107460063,https://www.wikidata.org/wiki/Q84,Wikidata P915/P625/P6375/P577
Q7717709,橫財就手,film,1958-01-01,Q661896,松木制片厂,51.548611111,-0.535,,,,tt0049008,163169,,https://www.wikidata.org/wiki/Q7717709,https://www.wikidata.org/wiki/Q661896,Wikidata P915/P625/P6375/P577
Q276407,歌剧魅影,film,2004-01-01,Q661896,松木制片厂,51.548611111,-0.535,,,,tt0293508,9833,,https://www.wikidata.org/wiki/Q276407,https://www.wikidata.org/wiki/Q661896,Wikidata P915/P625/P6375/P577
Q7756859,歌劇魅影25週年紀念舞台版,film,2011-01-01,Q84,伦敦,51.507222222,-0.1275,,,,tt2077886,76115,,https://www.wikidata.org/wiki/Q7756859,https://www.wikidata.org/wiki/Q84,Wikidata P915/P625/P6375/P577
Q1058723,歐洲快車…小姐不見了,film,1979-01-01,Q661896,松木制片厂,51.548611111,-0.535,,,,tt0079428,4706,,https://www.wikidata.org/wiki/Q1058723,https://www.wikidata.org/wiki/Q661896,Wikidata P915/P625/P6375/P577
Q2103576,歡喜城,film,1992-01-01,Q661896,松木制片厂,51.548611111,-0.535,,,,tt0103976,47821,,https://www.wikidata.org/wiki/Q2103576,https://www.wikidata.org/wiki/Q661896,Wikidata P915/P625/P6375/P577
Q2597865,正午的高潮,film,1957-01-01,Q661896,松木制片厂,51.548611111,-0.535,,,,tt0050507,168317,,https://www.wikidata.org/wiki/Q2597865,https://www.wikidata.org/wiki/Q661896,Wikidata P915/P625/P6375/P577
Q1659511,正當防衛,film,1995-01-01,Q661896,松木制片厂,51.548611111,-0.535,,,,tt0113501,9061,,https://www.wikidata.org/wiki/Q1659511,https://www.wikidata.org/wiki/Q661896,Wikidata P915/P625/P6375/P577
Q20501835,正義聯盟 I,film,2017-11-15,Q84,伦敦,51.507222222,-0.1275,,,,tt0974015,141052,,https://www.wikidata.org/wiki/Q20501835,https://www.wikidata.org/wiki/Q84,Wikidata P915/P625/P6375/P577
Q20501835,正義聯盟 I,film,2017-11-15,Q19835,華納兄弟利維斯登製片廠,51.693333333,-0.419722222,,,,tt0974015,141052,,https://www.wikidata.org/wiki/Q20501835,https://www.wikidata.org/wiki/Q19835,Wikidata P915/P625/P6375/P577
Q2298679,死亡之夜,film,1945-09-09,Q21,英格兰,53.0,-1.0,,,,tt0037635,13581,,https://www.wikidata.org/wiki/Q2298679,https://www.wikidata.org/wiki/Q21,Wikidata P915/P625/P6375/P577
Q1181240,死亡武器,film,1994-01-01,Q661896,松木制片厂,51.548611111,-0.535,,,,tt0109575,1702,,https://www.wikidata.org/wiki/Q1181240,https://www.wikidata.org/wiki/Q661896,Wikidata P915/P625/P6375/P577
Q115210,死亡的窺伺,film,1980-01-11,Q4093,格拉斯哥,55.861111111,-4.25,,,,tt0081182,3418,,https://www.wikidata.org/wiki/Q115210,https://www.wikidata.org/wiki/Q4093,Wikidata P915/P625/P6375/P577
Q3522392,死寂亡灵,film,2014-01-01,Q23169,牛津郡,51.75,-1.28,,,,tt2235779,193612,,https://www.wikidata.org/wiki/Q3522392,https://www.wikidata.org/wiki/Q23169,Wikidata P915/P625/P6375/P577
Q517265,殉情記,film,1968-01-01,Q661896,松木制片厂,51.548611111,-0.535,,,,tt0063518,6003,,https://www.wikidata.org/wiki/Q517265,https://www.wikidata.org/wiki/Q661896,Wikidata P915/P625/P6375/P577
Q109716480,殲獄行動,film,2021-11-05,Q388822,本特沃特斯皇家空軍基地,52.1278,1.43505,,,,tt14199590,811592,,https://www.wikidata.org/wiki/Q109716480,https://www.wikidata.org/wiki/Q388822,Wikidata P915/P625/P6375/P577
Q12671094,殺回歸家路,film,2014-01-01,Q84,伦敦,51.507222222,-0.1275,,,,tt2275946,190469,,https://www.wikidata.org/wiki/Q12671094,https://www.wikidata.org/wiki/Q84,Wikidata P915/P625/P6375/P577
Q107584295,毒劫,film,2025-04-25,Q10690,加地夫,51.481666666,-3.179166666,,,,tt14123284,668489,,https://www.wikidata.org/wiki/Q107584295,https://www.wikidata.org/wiki/Q10690,Wikidata P915/P625/P6375/P577
Q2779010,水晶鞋与玫瑰花,film,1976-01-01,Q661896,松木制片厂,51.548611111,-0.535,,,,tt0075232,16176,,https://www.wikidata.org/wiki/Q2779010,https://www.wikidata.org/wiki/Q661896,Wikidata P915/P625/P6375/P577
Q91226161,水行俠 失落王國,film,2023-12-22,Q84,伦敦,51.507222222,-0.1275,,,,tt9663764,572802,,https://www.wikidata.org/wiki/Q91226161,https://www.wikidata.org/wiki/Q84,Wikidata P915/P625/P6375/P577
Q91226161,水行俠 失落王國,film,2023-12-22,Q7427501,桑頓沙灘,51.1,-4.22583,,,,tt9663764,572802,,https://www.wikidata.org/wiki/Q91226161,https://www.wikidata.org/wiki/Q7427501,Wikidata P915/P625/P6375/P577
Q1417929,求爱马拉松,film,2007-01-01,Q84,伦敦,51.507222222,-0.1275,,,,tt0425413,7942,,https://www.wikidata.org/wiki/Q1417929,https://www.wikidata.org/wiki/Q84,Wikidata P915/P625/P6375/P577
Q469624,決戰猩球,film,2001-01-01,Q661896,松木制片厂,51.548611111,-0.535,,,,tt0133152,869,,https://www.wikidata.org/wiki/Q469624,https://www.wikidata.org/wiki/Q661896,Wikidata P915/P625/P6375/P577
Q1768437,決戰終點線,film,2013-09-02,Q1025346,Cadwell Park,53.3089,-0.0630556,,,,tt1979320,96721,,https://www.wikidata.org/wiki/Q1768437,https://www.wikidata.org/wiki/Q1025346,Wikidata P915/P625/P6375/P577
Q1768437,決戰終點線,film,2013-09-02,Q5330860,Easton Neston,52.1376,-0.976343,,,,tt1979320,96721,,https://www.wikidata.org/wiki/Q1768437,https://www.wikidata.org/wiki/Q5330860,Wikidata P915/P625/P6375/P577
Q1768437,決戰終點線,film,2013-09-02,Q1554129,劳斯,53.3669,-0.0061,,,,tt1979320,96721,,https://www.wikidata.org/wiki/Q1768437,https://www.wikidata.org/wiki/Q1554129,Wikidata P915/P625/P6375/P577
Q1768437,決戰終點線,film,2013-09-02,Q741400,坎伯利,51.335,-0.742,,,,tt1979320,96721,,https://www.wikidata.org/wiki/Q1768437,https://www.wikidata.org/wiki/Q741400,Wikidata P915/P625/P6375/P577
Q1768437,決戰終點線,film,2013-09-02,Q172880,布兰兹-哈奇赛道,51.356666666,0.2625,,,,tt1979320,96721,,https://www.wikidata.org/wiki/Q1768437,https://www.wikidata.org/wiki/Q172880,Wikidata P915/P625/P6375/P577
Q1768437,決戰終點線,film,2013-09-02,Q23109,诺福克郡,52.6725,0.95,,,,tt1979320,96721,,https://www.wikidata.org/wiki/Q1768437,https://www.wikidata.org/wiki/Q23109,Wikidata P915/P625/P6375/P577
Q1768437,決戰終點線,film,2013-09-02,Q173202,达宁顿公园,52.829166666,-1.375,,,,tt1979320,96721,,https://www.wikidata.org/wiki/Q1768437,https://www.wikidata.org/wiki/Q173202,Wikidata P915/P625/P6375/P577
Q1768437,決戰終點線,film,2013-09-02,Q598537,黑叢機場,51.323888888,-0.8475,,,,tt1979320,96721,,https://www.wikidata.org/wiki/Q1768437,https://www.wikidata.org/wiki/Q598537,Wikidata P915/P625/P6375/P577
Q89090168,沉默的海湾,film,2020-07-25,Q1425428,泰恩河畔纽卡斯尔,54.977777777,-1.613333333,,,,tt5617312,623958,,https://www.wikidata.org/wiki/Q89090168,https://www.wikidata.org/wiki/Q1425428,Wikidata P915/P625/P6375/P577
Q1219349,沙漠奇兵,film,1958-01-01,Q661896,松木制片厂,51.548611111,-0.535,,,,tt0051532,30104,,https://www.wikidata.org/wiki/Q1219349,https://www.wikidata.org/wiki/Q661896,Wikidata P915/P625/P6375/P577
Q15407746,沙漠女王,film,2015-01-01,Q84,伦敦,51.507222222,-0.1275,,,,tt1837636,157843,,https://www.wikidata.org/wiki/Q15407746,https://www.wikidata.org/wiki/Q84,Wikidata P915/P625/P6375/P577
Q5263905,沙漠舞者,film,2014-01-01,Q84,伦敦,51.507222222,-0.1275,,,,tt2403393,266102,,https://www.wikidata.org/wiki/Q5263905,https://www.wikidata.org/wiki/Q84,Wikidata P915/P625/P6375/P577
Q7045996,没人订购的爱情,film,1972-01-01,Q661896,松木制片厂,51.548611111,-0.535,,,,tt0067499,398896,,https://www.wikidata.org/wiki/Q7045996,https://www.wikidata.org/wiki/Q661896,Wikidata P915/P625/P6375/P577
Q774547,没有线索,film,1988-10-20,Q661896,松木制片厂,51.548611111,-0.535,,,,tt0096454,12582,,https://www.wikidata.org/wiki/Q774547,https://www.wikidata.org/wiki/Q661896,Wikidata P915/P625/P6375/P577
Q22294793,油漆渐干,film,2023-11-10,Q123369,拱門,51.566,-0.1338,,,,tt5375100,1362600,,https://www.wikidata.org/wiki/Q22294793,https://www.wikidata.org/wiki/Q123369,Wikidata P915/P625/P6375/P577
Q733003,治安官,film,1958-01-01,Q661896,松木制片厂,51.548611111,-0.535,,,,tt0052191,37123,,https://www.wikidata.org/wiki/Q733003,https://www.wikidata.org/wiki/Q661896,Wikidata P915/P625/P6375/P577
Q17361809,泰山傳奇,film,2016-01-01,Q2443707,凱德爾斯頓會堂,52.959166666,-1.535833333,"Kedleston, Quarndon DE22 5JH",,,tt0918940,258489,,https://www.wikidata.org/wiki/Q17361809,https://www.wikidata.org/wiki/Q2443707,Wikidata P915/P625/P6375/P577
Q17361809,泰山傳奇,film,2016-01-01,Q3569306,大温莎公园,51.444444444,-0.604166666,,,,tt0918940,258489,,https://www.wikidata.org/wiki/Q17361809,https://www.wikidata.org/wiki/Q3569306,Wikidata P915/P625/P6375/P577
Q17361809,泰山傳奇,film,2016-01-01,Q16707732,戈德史密斯大厅,51.5157,-0.095893,,,,tt0918940,258489,,https://www.wikidata.org/wiki/Q17361809,https://www.wikidata.org/wiki/Q16707732,Wikidata P915/P625/P6375/P577
Q17361809,泰山傳奇,film,2016-01-01,Q19835,華納兄弟利維斯登製片廠,51.693333333,-0.419722222,,,,tt0918940,258489,,https://www.wikidata.org/wiki/Q17361809,https://www.wikidata.org/wiki/Q19835,Wikidata P915/P625/P6375/P577
Q17361809,泰山傳奇,film,2016-01-01,Q726273,阿什里奇,51.7996,-0.5594,,,,tt0918940,258489,,https://www.wikidata.org/wiki/Q17361809,https://www.wikidata.org/wiki/Q726273,Wikidata P915/P625/P6375/P577
Q780951,泰山王子,film,1984-12-14,Q19813,哈特菲爾德莊園,51.7606,-0.2092,Hatfield AL9 5NQ,,,tt0087365,11002,,https://www.wikidata.org/wiki/Q780951,https://www.wikidata.org/wiki/Q19813,Wikidata P915/P625/P6375/P577
Q780951,泰山王子,film,1984-12-14,Q3501089,埃尔斯特里影城,51.6587,-0.2758,,,,tt0087365,11002,,https://www.wikidata.org/wiki/Q780951,https://www.wikidata.org/wiki/Q3501089,Wikidata P915/P625/P6375/P577
Q780951,泰山王子,film,1984-12-14,Q208181,布莱尼姆宫,51.841362665,-1.360948307,"Blenheim Palace, Woodstock, Oxfordshire, OX20 1UL",,,tt0087365,11002,,https://www.wikidata.org/wiki/Q780951,https://www.wikidata.org/wiki/Q208181,Wikidata P915/P625/P6375/P577
Q780951,泰山王子,film,1984-12-14,Q23169,牛津郡,51.75,-1.28,,,,tt0087365,11002,,https://www.wikidata.org/wiki/Q780951,https://www.wikidata.org/wiki/Q23169,Wikidata P915/P625/P6375/P577
Q780951,泰山王子,film,1984-12-14,Q11838960,福羅爾斯城堡,55.604776463,-2.460099738,,,,tt0087365,11002,,https://www.wikidata.org/wiki/Q780951,https://www.wikidata.org/wiki/Q11838960,Wikidata P915/P625/P6375/P577
Q780951,泰山王子,film,1984-12-14,Q822607,肯辛顿花园,51.507222222,-0.180277777,,,,tt0087365,11002,,https://www.wikidata.org/wiki/Q780951,https://www.wikidata.org/wiki/Q822607,Wikidata P915/P625/P6375/P577
Q780951,泰山王子,film,1984-12-14,Q309388,自然史博物馆,51.496111111,-0.176111111,"Cromwell Road, London, SW7 5BD",,,tt0087365,11002,,https://www.wikidata.org/wiki/Q780951,https://www.wikidata.org/wiki/Q309388,Wikidata P915/P625/P6375/P577
Q780951,泰山王子,film,1984-12-14,Q3410,赫特福德郡,51.9,-0.2,,,,tt0087365,11002,,https://www.wikidata.org/wiki/Q780951,https://www.wikidata.org/wiki/Q3410,Wikidata P915/P625/P6375/P577
Q751921,洛基恐怖秀,film,1975-01-01,Q1441828,奧克利苑,51.4901,-0.67247,,,,tt0073629,36685,,https://www.wikidata.org/wiki/Q751921,https://www.wikidata.org/wiki/Q1441828,Wikidata P915/P625/P6375/P577
Q751921,洛基恐怖秀,film,1975-01-01,Q2924156,布雷製片廠,51.492881,-0.676111,,,,tt0073629,36685,,https://www.wikidata.org/wiki/Q751921,https://www.wikidata.org/wiki/Q2924156,Wikidata P915/P625/P6375/P577
Q5460136,洪水情鴛,film,1959-01-01,Q661896,松木制片厂,51.548611111,-0.535,,,,tt0052812,86920,,https://www.wikidata.org/wiki/Q5460136,https://www.wikidata.org/wiki/Q661896,Wikidata P915/P625/P6375/P577
Q48313910,派對才剛開始,film,2018-02-24,Q160493,因弗内斯,57.483888888,-4.225833333,,,,tt6219314,435557,,https://www.wikidata.org/wiki/Q48313910,https://www.wikidata.org/wiki/Q160493,Wikidata P915/P625/P6375/P577
Q453556,流氓斗智,film,1957-01-01,Q661896,松木制片厂,51.548611111,-0.535,,,,tt0050749,49843,,https://www.wikidata.org/wiki/Q453556,https://www.wikidata.org/wiki/Q661896,Wikidata P915/P625/P6375/P577
Q108195601,流浪漢好波,film,2024-03-29,Q84,伦敦,51.507222222,-0.1275,,,,tt5113010,857655,,https://www.wikidata.org/wiki/Q108195601,https://www.wikidata.org/wiki/Q84,Wikidata P915/P625/P6375/P577
Q3090898,浪淘沙,film,1954-01-01,Q661896,松木制片厂,51.548611111,-0.535,,,,tt0046756,263271,,https://www.wikidata.org/wiki/Q3090898,https://www.wikidata.org/wiki/Q661896,Wikidata P915/P625/P6375/P577
Q2060283,浮華陷阱,film,2007-01-01,Q84,伦敦,51.507222222,-0.1275,,,,tt0379976,10822,,https://www.wikidata.org/wiki/Q2060283,https://www.wikidata.org/wiki/Q84,Wikidata P915/P625/P6375/P577
Q124355470,浴血黑幫：不朽傳奇,film,2026-03-06,Q2256,伯明翰,52.48,-1.9025,,,,tt15574124,875828,,https://www.wikidata.org/wiki/Q124355470,https://www.wikidata.org/wiki/Q2256,Wikidata P915/P625/P6375/P577
Q4157665,海上监狱,film,1999-01-01,Q661896,松木制片厂,51.548611111,-0.535,,,,tt0139426,27336,,https://www.wikidata.org/wiki/Q4157665,https://www.wikidata.org/wiki/Q661896,Wikidata P915/P625/P6375/P577
Q2201,海扁王,film,2010-03-12,Q661896,松木制片厂,51.548611111,-0.535,,,,tt1250777,23483,,https://www.wikidata.org/wiki/Q2201,https://www.wikidata.org/wiki/Q661896,Wikidata P915/P625/P6375/P577
Q14369698,海明威好賊,film,2013-01-01,Q661896,松木制片厂,51.548611111,-0.535,,,,tt2402105,192134,,https://www.wikidata.org/wiki/Q14369698,https://www.wikidata.org/wiki/Q661896,Wikidata P915/P625/P6375/P577
Q1674814,海軍嬉春,film,1964-04-05,Q661896,松木制片厂,51.548611111,-0.535,,,,tt0057919,32105,,https://www.wikidata.org/wiki/Q1674814,https://www.wikidata.org/wiki/Q661896,Wikidata P915/P625/P6375/P577
Q5164756,消費激情,film,1988-01-01,Q661896,松木制片厂,51.548611111,-0.535,,,,tt0094907,185167,,https://www.wikidata.org/wiki/Q5164756,https://www.wikidata.org/wiki/Q661896,Wikidata P915/P625/P6375/P577
Q1367317,深入绝地,film,2005-01-01,Q19784,伯克翰斯德,51.76,-0.56,,,,tt0435625,9392,,https://www.wikidata.org/wiki/Q1367317,https://www.wikidata.org/wiki/Q19784,Wikidata P915/P625/P6375/P577
Q1367317,深入绝地,film,2005-01-01,Q661896,松木制片厂,51.548611111,-0.535,,,,tt0435625,9392,,https://www.wikidata.org/wiki/Q1367317,https://www.wikidata.org/wiki/Q661896,Wikidata P915/P625/P6375/P577
Q1367317,深入绝地,film,2005-01-01,Q10999,特灵,51.79397,-0.66058,,,,tt0435625,9392,,https://www.wikidata.org/wiki/Q1367317,https://www.wikidata.org/wiki/Q10999,Wikidata P915/P625/P6375/P577
Q1367317,深入绝地,film,2005-01-01,Q22,苏格兰,57.0,-5.0,,,,tt0435625,9392,,https://www.wikidata.org/wiki/Q1367317,https://www.wikidata.org/wiki/Q22,Wikidata P915/P625/P6375/P577
Q1367317,深入绝地,film,2005-01-01,Q726273,阿什里奇,51.7996,-0.5594,,,,tt0435625,9392,,https://www.wikidata.org/wiki/Q1367317,https://www.wikidata.org/wiki/Q726273,Wikidata P915/P625/P6375/P577
Q3230478,深情的朋友,film,1949-01-01,Q661896,松木制片厂,51.548611111,-0.535,,,,tt0041735,51618,,https://www.wikidata.org/wiki/Q3230478,https://www.wikidata.org/wiki/Q661896,Wikidata P915/P625/P6375/P577
Q2978749,清道夫,film,2012-01-01,Q84,伦敦,51.507222222,-0.1275,,,,tt1598873,95516,,https://www.wikidata.org/wiki/Q2978749,https://www.wikidata.org/wiki/Q84,Wikidata P915/P625/P6375/P577
Q1161196,游龙戏凤,film,1957-01-01,Q84,伦敦,51.507222222,-0.1275,,,,tt0050861,24012,,https://www.wikidata.org/wiki/Q1161196,https://www.wikidata.org/wiki/Q84,Wikidata P915/P625/P6375/P577
Q1161196,游龙戏凤,film,1957-01-01,Q661896,松木制片厂,51.548611111,-0.535,,,,tt0050861,24012,,https://www.wikidata.org/wiki/Q1161196,https://www.wikidata.org/wiki/Q661896,Wikidata P915/P625/P6375/P577
Q132264365,湯姆·克蘭西之傑克·萊恩：幽影暗戰,film,2026-05-20,Q84,伦敦,51.507222222,-0.1275,,,,tt34378301,1380291,,https://www.wikidata.org/wiki/Q132264365,https://www.wikidata.org/wiki/Q84,Wikidata P915/P625/P6375/P577
Q24807181,湯米的榮耀,film,2016-06-15,Q23436,爱丁堡,55.953333333,-3.189166666,,,,tt3467914,399217,,https://www.wikidata.org/wiki/Q24807181,https://www.wikidata.org/wiki/Q23436,Wikidata P915/P625/P6375/P577
Q4374859,滑流,film,1989-01-01,Q661896,松木制片厂,51.548611111,-0.535,,,,tt0098350,22379,,https://www.wikidata.org/wiki/Q4374859,https://www.wikidata.org/wiki/Q661896,Wikidata P915/P625/P6375/P577
Q2620593,滾石樂團,film,2005-01-01,Q661896,松木制片厂,51.548611111,-0.535,,,,tt0426627,17741,,https://www.wikidata.org/wiki/Q2620593,https://www.wikidata.org/wiki/Q661896,Wikidata P915/P625/P6375/P577
Q29913451,漢普斯特德,film,2017-06-23,Q533697,海格特公墓,51.567,-0.147,,,,tt5153236,441728,,https://www.wikidata.org/wiki/Q29913451,https://www.wikidata.org/wiki/Q533697,Wikidata P915/P625/P6375/P577
Q3026421,激情姐妹花,film,1994-12-15,Q661896,松木制片厂,51.548611111,-0.535,,,,tt0111205,44925,,https://www.wikidata.org/wiki/Q3026421,https://www.wikidata.org/wiki/Q661896,Wikidata P915/P625/P6375/P577
Q841452,火光 (1997年電影),film,1997-01-01,Q661896,松木制片厂,51.548611111,-0.535,,,,tt0119125,38621,,https://www.wikidata.org/wiki/Q841452,https://www.wikidata.org/wiki/Q661896,Wikidata P915/P625/P6375/P577
Q841452,火光 (1997年電影),film,1997-01-01,Q3072862,費萊鎮,50.84,0.12,,,,tt0119125,38621,,https://www.wikidata.org/wiki/Q841452,https://www.wikidata.org/wiki/Q3072862,Wikidata P915/P625/P6375/P577
Q7355192,火箭雌威,film,1957-01-01,Q661896,松木制片厂,51.548611111,-0.535,,,,tt0050910,150780,,https://www.wikidata.org/wiki/Q7355192,https://www.wikidata.org/wiki/Q661896,Wikidata P915/P625/P6375/P577
Q546471,火車大劫案,film,1978-12-14,Q661896,松木制片厂,51.548611111,-0.535,,,,tt0079240,11583,,https://www.wikidata.org/wiki/Q546471,https://www.wikidata.org/wiki/Q661896,Wikidata P915/P625/P6375/P577
Q770741,灵通人士,film,2009-09-10,Q84,伦敦,51.507222222,-0.1275,,,,tt1226774,19833,,https://www.wikidata.org/wiki/Q770741,https://www.wikidata.org/wiki/Q84,Wikidata P915/P625/P6375/P577
Q98853293,為你找個家,film,2020-01-01,Q10686,贝尔法斯特,54.596666666,-5.93,,,,tt11286640,728142,,https://www.wikidata.org/wiki/Q98853293,https://www.wikidata.org/wiki/Q10686,Wikidata P915/P625/P6375/P577
Q1121256,烈火亞當,film,2003-01-01,Q23436,爱丁堡,55.953333333,-3.189166666,,,,tt0289635,237,,https://www.wikidata.org/wiki/Q1121256,https://www.wikidata.org/wiki/Q23436,Wikidata P915/P625/P6375/P577
Q207921,烈火战车,film,1981-03-30,Q23436,爱丁堡,55.953333333,-3.189166666,,,,tt0082158,9443,,https://www.wikidata.org/wiki/Q207921,https://www.wikidata.org/wiki/Q23436,Wikidata P915/P625/P6375/P577
Q1674812,烏龍城殲霸戰,film,1965-01-01,Q661896,松木制片厂,51.548611111,-0.535,,,,tt0059014,5065,,https://www.wikidata.org/wiki/Q1674812,https://www.wikidata.org/wiki/Q661896,Wikidata P915/P625/P6375/P577
Q2583180,烽火家族情,film,2009-01-01,Q84,伦敦,51.507222222,-0.1275,,,,tt1319694,35939,,https://www.wikidata.org/wiki/Q2583180,https://www.wikidata.org/wiki/Q84,Wikidata P915/P625/P6375/P577
Q2240542,焚城記,film,1967-01-01,Q661896,松木制片厂,51.548611111,-0.535,,,,tt0062037,54801,,https://www.wikidata.org/wiki/Q2240542,https://www.wikidata.org/wiki/Q661896,Wikidata P915/P625/P6375/P577
Q5391720,無處可到,film,1958-01-01,Q24883304,Westminster Reference Library,51.50964,-0.1298,,,,tt0052013,50697,,https://www.wikidata.org/wiki/Q5391720,https://www.wikidata.org/wiki/Q24883304,Wikidata P915/P625/P6375/P577
Q5391720,無處可到,film,1958-01-01,Q7448348,塞尔福里奇百货,51.514344,-0.152704,"400 Oxford St, London W1A 1AB",,,tt0052013,50697,,https://www.wikidata.org/wiki/Q5391720,https://www.wikidata.org/wiki/Q7448348,Wikidata P915/P625/P6375/P577
Q5391720,無處可到,film,1958-01-01,Q55019,科文特花园,51.5125,-0.1225,,,,tt0052013,50697,,https://www.wikidata.org/wiki/Q5391720,https://www.wikidata.org/wiki/Q55019,Wikidata P915/P625/P6375/P577
Q194143,熊岛壮士血,film,1979-11-01,Q661896,松木制片厂,51.548611111,-0.535,,,,tt0078836,38629,,https://www.wikidata.org/wiki/Q194143,https://www.wikidata.org/wiki/Q661896,Wikidata P915/P625/P6375/P577
Q538438,爱在战火蔓延时,film,1992-01-28,Q661896,松木制片厂,51.548611111,-0.535,,,,tt0105391,31962,,https://www.wikidata.org/wiki/Q538438,https://www.wikidata.org/wiki/Q661896,Wikidata P915/P625/P6375/P577
Q1195822,爱琴海历险记,film,1964-07-08,Q661896,松木制片厂,51.548611111,-0.535,,,,tt0058371,42795,,https://www.wikidata.org/wiki/Q1195822,https://www.wikidata.org/wiki/Q661896,Wikidata P915/P625/P6375/P577
Q1058426,父兒情深,film,1927-01-01,Q21,英格兰,53.0,-1.0,,,,tt0018429,183587,,https://www.wikidata.org/wiki/Q1058426,https://www.wikidata.org/wiki/Q21,Wikidata P915/P625/P6375/P577
Q16997268,爷们儿些,film,2015-01-01,Q84,伦敦,51.507222222,-0.1275,,,,tt3064298,332340,,https://www.wikidata.org/wiki/Q16997268,https://www.wikidata.org/wiki/Q84,Wikidata P915/P625/P6375/P577
Q16997268,爷们儿些,film,2015-01-01,Q3410,赫特福德郡,51.9,-0.2,,,,tt3064298,332340,,https://www.wikidata.org/wiki/Q16997268,https://www.wikidata.org/wiki/Q3410,Wikidata P915/P625/P6375/P577
Q489149,牙買加的風,film,1965-05-26,Q661896,松木制片厂,51.548611111,-0.535,,,,tt0059269,38340,,https://www.wikidata.org/wiki/Q489149,https://www.wikidata.org/wiki/Q661896,Wikidata P915/P625/P6375/P577
Q2410457,牛津之恋,film,1984-01-01,Q34217,牛津,51.751944444,-1.257777777,,,,tt0087866,30231,,https://www.wikidata.org/wiki/Q2410457,https://www.wikidata.org/wiki/Q34217,Wikidata P915/P625/P6375/P577
Q337881,特务戆J,film,2003-01-01,Q84,伦敦,51.507222222,-0.1275,,,,tt0274166,9486,,https://www.wikidata.org/wiki/Q337881,https://www.wikidata.org/wiki/Q84,Wikidata P915/P625/P6375/P577
Q967478,特务戆J之救国大业,film,2011-10-06,Q84,伦敦,51.507222222,-0.1275,,,,tt1634122,58233,,https://www.wikidata.org/wiki/Q967478,https://www.wikidata.org/wiki/Q84,Wikidata P915/P625/P6375/P577
Q28408948,特務J,film,2007-09-05,Q84,伦敦,51.507222222,-0.1275,,,,tt24516592,326860,,https://www.wikidata.org/wiki/Q28408948,https://www.wikidata.org/wiki/Q84,Wikidata P915/P625/P6375/P577
Q3421468,特務突擊隊,film,1964-01-01,Q661896,松木制片厂,51.548611111,-0.535,,,,tt0059268,138881,,https://www.wikidata.org/wiki/Q3421468,https://www.wikidata.org/wiki/Q661896,Wikidata P915/P625/P6375/P577
Q1306837,特務謎雲,film,2010-01-01,Q84,伦敦,51.507222222,-0.1275,,,,tt1226753,48289,,https://www.wikidata.org/wiki/Q1306837,https://www.wikidata.org/wiki/Q84,Wikidata P915/P625/P6375/P577
Q117843038,特工同盟,film,2024-10-17,Q10686,贝尔法斯特,54.596666666,-5.93,,,,tt26442053,1077782,,https://www.wikidata.org/wiki/Q117843038,https://www.wikidata.org/wiki/Q10686,Wikidata P915/P625/P6375/P577
Q1758468,特攻聯盟2,film,2013-08-14,Q84,伦敦,51.507222222,-0.1275,,,,tt1650554,59859,,https://www.wikidata.org/wiki/Q1758468,https://www.wikidata.org/wiki/Q84,Wikidata P915/P625/P6375/P577
Q16746066,特種進化,film,2013-04-20,Q10690,加地夫,51.481666666,-3.179166666,,,,tt2317225,174675,,https://www.wikidata.org/wiki/Q16746066,https://www.wikidata.org/wiki/Q10690,Wikidata P915/P625/P6375/P577
Q16746066,特種進化,film,2013-04-20,Q25,威尔士,52.35,-3.633333333,,,,tt2317225,174675,,https://www.wikidata.org/wiki/Q16746066,https://www.wikidata.org/wiki/Q25,Wikidata P915/P625/P6375/P577
Q221587,狂凶记,film,1972-05-19,Q84,伦敦,51.507222222,-0.1275,,,,tt0068611,573,,https://www.wikidata.org/wiki/Q221587,https://www.wikidata.org/wiki/Q84,Wikidata P915/P625/P6375/P577
Q221587,狂凶记,film,1972-05-19,Q661896,松木制片厂,51.548611111,-0.535,,,,tt0068611,573,,https://www.wikidata.org/wiki/Q221587,https://www.wikidata.org/wiki/Q661896,Wikidata P915/P625/P6375/P577
Q1680069,狂愛走一回,film,1996-01-01,Q661896,松木制片厂,51.548611111,-0.535,,,,tt0117791,41843,,https://www.wikidata.org/wiki/Q1680069,https://www.wikidata.org/wiki/Q661896,Wikidata P915/P625/P6375/P577
Q5449920,狂歌熱舞青春樂,film,1966-01-01,Q661896,松木制片厂,51.548611111,-0.535,,,,tt0060413,5507,,https://www.wikidata.org/wiki/Q5449920,https://www.wikidata.org/wiki/Q661896,Wikidata P915/P625/P6375/P577
Q1508533,狂野標靶,film,2010-04-08,Q84,伦敦,51.507222222,-0.1275,,,,tt1235189,44147,,https://www.wikidata.org/wiki/Q1508533,https://www.wikidata.org/wiki/Q84,Wikidata P915/P625/P6375/P577
Q5288177,狗吃狗,film,2001-01-01,Q6226,圣奥尔本斯,51.755,-0.336,,,,tt0254284,50464,,https://www.wikidata.org/wiki/Q5288177,https://www.wikidata.org/wiki/Q6226,Wikidata P915/P625/P6375/P577
Q5288177,狗吃狗,film,2001-01-01,Q661896,松木制片厂,51.548611111,-0.535,,,,tt0254284,50464,,https://www.wikidata.org/wiki/Q5288177,https://www.wikidata.org/wiki/Q661896,Wikidata P915/P625/P6375/P577
Q5288177,狗吃狗,film,2001-01-01,Q19186,米德尔塞克斯郡,51.5,-0.416666666,,,,tt0254284,50464,,https://www.wikidata.org/wiki/Q5288177,https://www.wikidata.org/wiki/Q19186,Wikidata P915/P625/P6375/P577
Q167437,狙擊職業殺手,film,1997-11-14,Q661896,松木制片厂,51.548611111,-0.535,,,,tt0119395,4824,,https://www.wikidata.org/wiki/Q167437,https://www.wikidata.org/wiki/Q661896,Wikidata P915/P625/P6375/P577
Q19614711,独立日：卷土重来,film,2016-06-23,Q83125,伦敦塔桥,51.505555555,-0.075277777,,,,tt1628841,47933,,https://www.wikidata.org/wiki/Q19614711,https://www.wikidata.org/wiki/Q83125,Wikidata P915/P625/P6375/P577
Q205532,狼嚎再起,film,2010-01-01,Q661896,松木制片厂,51.548611111,-0.535,,,,tt0780653,7978,,https://www.wikidata.org/wiki/Q205532,https://www.wikidata.org/wiki/Q661896,Wikidata P915/P625/P6375/P577
Q127382372,猎杀之后,film,2025-08-29,Q84,伦敦,51.507222222,-0.1275,,,,tt32159989,1265063,,https://www.wikidata.org/wiki/Q127382372,https://www.wikidata.org/wiki/Q84,Wikidata P915/P625/P6375/P577
Q127382372,猎杀之后,film,2025-08-29,Q35794,剑桥大学,52.205355979,0.113157269,"University of Cambridge, Vice Chancellor's Office, University Offices, The Old Schools, Cambridge, CB2 1TN",,,tt32159989,1265063,,https://www.wikidata.org/wiki/Q127382372,https://www.wikidata.org/wiki/Q35794,Wikidata P915/P625/P6375/P577
Q18485021,猎神：冬日之战,film,2016-04-07,Q3569306,大温莎公园,51.444444444,-0.604166666,,,,tt2381991,290595,,https://www.wikidata.org/wiki/Q18485021,https://www.wikidata.org/wiki/Q3569306,Wikidata P915/P625/P6375/P577
Q18485021,猎神：冬日之战,film,2016-04-07,Q537807,拼圖木,51.78,-2.615,,,,tt2381991,290595,,https://www.wikidata.org/wiki/Q18485021,https://www.wikidata.org/wiki/Q537807,Wikidata P915/P625/P6375/P577
Q18485021,猎神：冬日之战,film,2016-04-07,Q1295286,韋弗利修道院,51.2004,-0.758282,,,,tt2381991,290595,,https://www.wikidata.org/wiki/Q18485021,https://www.wikidata.org/wiki/Q1295286,Wikidata P915/P625/P6375/P577
Q18485021,猎神：冬日之战,film,2016-04-07,Q519614,韋爾斯大教堂,51.2104,-2.6437,,,,tt2381991,290595,,https://www.wikidata.org/wiki/Q18485021,https://www.wikidata.org/wiki/Q519614,Wikidata P915/P625/P6375/P577
Q1702545,猛虎灣情殺案,film,1959-01-01,Q661896,松木制片厂,51.548611111,-0.535,,,,tt0053361,43112,,https://www.wikidata.org/wiki/Q1702545,https://www.wikidata.org/wiki/Q661896,Wikidata P915/P625/P6375/P577
Q1674804,猛鬼嬉春,film,1966-01-01,Q661896,松木制片厂,51.548611111,-0.535,,,,tt0060214,5060,,https://www.wikidata.org/wiki/Q1674804,https://www.wikidata.org/wiki/Q661896,Wikidata P915/P625/P6375/P577
Q848280,猛龍怪客3,film,1985-11-01,Q84,伦敦,51.507222222,-0.1275,,,,tt0089003,24873,,https://www.wikidata.org/wiki/Q848280,https://www.wikidata.org/wiki/Q84,Wikidata P915/P625/P6375/P577
Q23758755,猜火車2,film,2017-01-22,Q23436,爱丁堡,55.953333333,-3.189166666,,,,tt2763304,180863,,https://www.wikidata.org/wiki/Q23758755,https://www.wikidata.org/wiki/Q23436,Wikidata P915/P625/P6375/P577
Q1074032,猪法奇缘,film,2006-01-01,Q661896,松木制片厂,51.548611111,-0.535,,,,tt0472160,7985,,https://www.wikidata.org/wiki/Q1074032,https://www.wikidata.org/wiki/Q661896,Wikidata P915/P625/P6375/P577
Q2314831,獵殺死神,film,2007-01-01,Q84,伦敦,51.507222222,-0.1275,,,,tt0810823,12171,,https://www.wikidata.org/wiki/Q2314831,https://www.wikidata.org/wiki/Q84,Wikidata P915/P625/P6375/P577
Q931739,獵殺（1952年電影）,film,1952-01-01,Q661896,松木制片厂,51.548611111,-0.535,,,,tt0045201,131074,,https://www.wikidata.org/wiki/Q931739,https://www.wikidata.org/wiki/Q661896,Wikidata P915/P625/P6375/P577
Q5220932,玉女情懷,film,1978-01-01,Q661896,松木制片厂,51.548611111,-0.535,,,,tt0077743,42207,,https://www.wikidata.org/wiki/Q5220932,https://www.wikidata.org/wiki/Q661896,Wikidata P915/P625/P6375/P577
Q3225916,王子與乞丐,film,1977-06-03,Q661896,松木制片厂,51.548611111,-0.535,,,,tt0077381,22815,,https://www.wikidata.org/wiki/Q3225916,https://www.wikidata.org/wiki/Q661896,Wikidata P915/P625/P6375/P577
Q501703,王牌大贱谍,film,1997-01-01,Q84,伦敦,51.507222222,-0.1275,,,,tt0118655,816,,https://www.wikidata.org/wiki/Q501703,https://www.wikidata.org/wiki/Q84,Wikidata P915/P625/P6375/P577
Q498910,王牌大贱谍3,film,2002-01-01,Q84,伦敦,51.507222222,-0.1275,,,,tt0295178,818,,https://www.wikidata.org/wiki/Q498910,https://www.wikidata.org/wiki/Q84,Wikidata P915/P625/P6375/P577
Q17182419,王牌贱谍：格林斯比,film,2016-02-24,Q23240,埃塞克斯郡,51.75,0.583333333,,,,tt3381008,267193,,https://www.wikidata.org/wiki/Q17182419,https://www.wikidata.org/wiki/Q23240,Wikidata P915/P625/P6375/P577
Q17182419,王牌贱谍：格林斯比,film,2016-02-24,Q648432,提伯利,51.4606,0.3582,,,,tt3381008,267193,,https://www.wikidata.org/wiki/Q17182419,https://www.wikidata.org/wiki/Q648432,Wikidata P915/P625/P6375/P577
Q54979,玩具熊,film,1980-01-01,Q84,伦敦,51.507222222,-0.1275,,,,tt0082755,31407,,https://www.wikidata.org/wiki/Q54979,https://www.wikidata.org/wiki/Q84,Wikidata P915/P625/P6375/P577
Q54979,玩具熊,film,1980-01-01,Q8691,希思罗机场,51.4775,-0.461389,,,,tt0082755,31407,,https://www.wikidata.org/wiki/Q54979,https://www.wikidata.org/wiki/Q8691,Wikidata P915/P625/P6375/P577
Q583869,玩命左輪,film,2005-09-11,Q661896,松木制片厂,51.548611111,-0.535,,,,tt0365686,10851,,https://www.wikidata.org/wiki/Q583869,https://www.wikidata.org/wiki/Q661896,Wikidata P915/P625/P6375/P577
Q3061599,玩命法則,film,2013-01-01,Q84,伦敦,51.507222222,-0.1275,,,,tt2193215,109091,,https://www.wikidata.org/wiki/Q3061599,https://www.wikidata.org/wiki/Q84,Wikidata P915/P625/P6375/P577
Q56559254,玩命關頭：特別行動,film,2019-08-01,Q6802081,迈凯伦技术中心,51.345833333,-0.548333333,,,,tt6806448,384018,,https://www.wikidata.org/wiki/Q56559254,https://www.wikidata.org/wiki/Q6802081,Wikidata P915/P625/P6375/P577
Q1153505,玩轉列斯聯,film,2009-01-01,Q23098,德比郡,53.18,-1.61,,,,tt1226271,21641,,https://www.wikidata.org/wiki/Q1153505,https://www.wikidata.org/wiki/Q23098,Wikidata P915/P625/P6375/P577
Q1153505,玩轉列斯聯,film,2009-01-01,Q163,约克郡,53.958333333,-1.083333333,,,,tt1226271,21641,,https://www.wikidata.org/wiki/Q1153505,https://www.wikidata.org/wiki/Q163,Wikidata P915/P625/P6375/P577
Q696057,环游世界八十天,film,1956-10-17,Q123738,海德公园,51.508611111,-0.163611111,,,,tt0048960,2897,,https://www.wikidata.org/wiki/Q696057,https://www.wikidata.org/wiki/Q123738,Wikidata P915/P625/P6375/P577
Q194413,珍珠港,film,2001-01-01,Q2628510,伯明頓莊園,51.5455,-2.28045,,,,tt0213149,676,,https://www.wikidata.org/wiki/Q194413,https://www.wikidata.org/wiki/Q2628510,Wikidata P915/P625/P6375/P577
Q194413,珍珠港,film,2001-01-01,Q1268125,杜斯福特,52.092261111,0.159438888,,,,tt0213149,676,,https://www.wikidata.org/wiki/Q194413,https://www.wikidata.org/wiki/Q1268125,Wikidata P915/P625/P6375/P577
Q3486843,現代鬥魚,film,1996-01-01,Q23436,爱丁堡,55.953333333,-3.189166666,,,,tt0114474,42758,,https://www.wikidata.org/wiki/Q3486843,https://www.wikidata.org/wiki/Q23436,Wikidata P915/P625/P6375/P577
Q8034569,現實與超現實,film,1968-01-01,Q661896,松木制片厂,51.548611111,-0.535,,,,tt0062503,127839,,https://www.wikidata.org/wiki/Q8034569,https://www.wikidata.org/wiki/Q661896,Wikidata P915/P625/P6375/P577
Q212041,理发师陶德,film,2007-12-03,Q661896,松木制片厂,51.548611111,-0.535,,,,tt0408236,13885,,https://www.wikidata.org/wiki/Q212041,https://www.wikidata.org/wiki/Q661896,Wikidata P915/P625/P6375/P577
Q643263,理智与情感,film,1995-12-13,Q1379924,南萨默塞特,51.033333333,-2.766666666,,,,tt0114388,4584,,https://www.wikidata.org/wiki/Q643263,https://www.wikidata.org/wiki/Q1379924,Wikidata P915/P625/P6375/P577
Q643263,理智与情感,film,1995-12-13,Q23156,德文郡,50.7,-3.8,,,,tt0114388,4584,,https://www.wikidata.org/wiki/Q643263,https://www.wikidata.org/wiki/Q23156,Wikidata P915/P625/P6375/P577
Q643263,理智与情感,film,1995-12-13,Q179385,格林尼治,51.48,0.0,,,,tt0114388,4584,,https://www.wikidata.org/wiki/Q643263,https://www.wikidata.org/wiki/Q179385,Wikidata P915/P625/P6375/P577
Q643263,理智与情感,film,1995-12-13,Q160642,索尔兹伯里,51.074,-1.7936,,,,tt0114388,4584,,https://www.wikidata.org/wiki/Q643263,https://www.wikidata.org/wiki/Q160642,Wikidata P915/P625/P6375/P577
Q2422607,瑞靈頓街10號,film,1971-01-01,Q84,伦敦,51.507222222,-0.1275,,,,tt0066730,26234,,https://www.wikidata.org/wiki/Q2422607,https://www.wikidata.org/wiki/Q84,Wikidata P915/P625/P6375/P577
Q1167668,瑪格麗特的博物館,film,1995-01-01,Q23436,爱丁堡,55.953333333,-3.189166666,,,,tt0113774,71754,,https://www.wikidata.org/wiki/Q1167668,https://www.wikidata.org/wiki/Q23436,Wikidata P915/P625/P6375/P577
Q386094,瑪莎搭上三個男人,film,1998-01-01,Q84,伦敦,51.507222222,-0.1275,,,,tt0120747,6373,,https://www.wikidata.org/wiki/Q386094,https://www.wikidata.org/wiki/Q84,Wikidata P915/P625/P6375/P577
Q1190988,璀璨情诗,film,2009-01-01,Q21,英格兰,53.0,-1.0,,,,tt0810784,29963,,https://www.wikidata.org/wiki/Q1190988,https://www.wikidata.org/wiki/Q21,Wikidata P915/P625/P6375/P577
Q1887789,生死一戰,film,1953-01-01,Q661896,松木制片厂,51.548611111,-0.535,,,,tt0046029,65489,,https://www.wikidata.org/wiki/Q1887789,https://www.wikidata.org/wiki/Q661896,Wikidata P915/P625/P6375/P577
Q20648539,生死夏令营,film,2016-05-05,Q15278727,南栈灯塔,53.30666667,-4.69944444,,,,tt2782844,270007,,https://www.wikidata.org/wiki/Q20648539,https://www.wikidata.org/wiki/Q15278727,Wikidata P915/P625/P6375/P577
Q185490,生死接觸,film,2010-01-01,Q84,伦敦,51.507222222,-0.1275,,,,tt1212419,44603,,https://www.wikidata.org/wiki/Q185490,https://www.wikidata.org/wiki/Q84,Wikidata P915/P625/P6375/P577
Q168849,生還元素,film,2000-01-01,Q1814818,劳埃德大厦,51.513055555,-0.0825,,,,tt0228750,11983,,https://www.wikidata.org/wiki/Q168849,https://www.wikidata.org/wiki/Q1814818,Wikidata P915/P625/P6375/P577
Q168849,生還元素,film,2000-01-01,Q661896,松木制片厂,51.548611111,-0.535,,,,tt0228750,11983,,https://www.wikidata.org/wiki/Q168849,https://www.wikidata.org/wiki/Q661896,Wikidata P915/P625/P6375/P577
Q449215,男人嬉春,film,1972-05-19,Q661896,松木制片厂,51.548611111,-0.535,,,,tt0068339,24571,,https://www.wikidata.org/wiki/Q449215,https://www.wikidata.org/wiki/Q661896,Wikidata P915/P625/P6375/P577
Q1140649,異教徒,film,1973-12-06,Q22,苏格兰,57.0,-5.0,,,,tt0070917,16307,,https://www.wikidata.org/wiki/Q1140649,https://www.wikidata.org/wiki/Q22,Wikidata P915/P625/P6375/P577
Q3523372,異教徒2,film,2011-01-01,Q23436,爱丁堡,55.953333333,-3.189166666,,,,tt0323808,79544,,https://www.wikidata.org/wiki/Q3523372,https://www.wikidata.org/wiki/Q23436,Wikidata P915/P625/P6375/P577
Q757865,異星大作戰,film,2011-03-12,Q84,伦敦,51.507222222,-0.1275,,,,tt1478964,59678,,https://www.wikidata.org/wiki/Q757865,https://www.wikidata.org/wiki/Q84,Wikidata P915/P625/P6375/P577
Q627209,疯狂轮滑,film,1975-06-25,Q661896,松木制片厂,51.548611111,-0.535,,,,tt0073631,11484,,https://www.wikidata.org/wiki/Q627209,https://www.wikidata.org/wiki/Q661896,Wikidata P915/P625/P6375/P577
Q2394769,病態領土,film,2012-01-01,Q84,伦敦,51.507222222,-0.1275,,,,tt1760967,109843,,https://www.wikidata.org/wiki/Q2394769,https://www.wikidata.org/wiki/Q84,Wikidata P915/P625/P6375/P577
Q1185312,痴呆症,film,1963-01-01,Q22890,爱尔兰岛,53.351,-7.921,,,,tt0056983,28503,,https://www.wikidata.org/wiki/Q1185312,https://www.wikidata.org/wiki/Q22890,Wikidata P915/P625/P6375/P577
Q7785893,痴戀,film,1964-01-01,Q661896,松木制片厂,51.548611111,-0.535,,,,tt0057577,234147,,https://www.wikidata.org/wiki/Q7785893,https://www.wikidata.org/wiki/Q661896,Wikidata P915/P625/P6375/P577
Q1538224,瘋狂假期歷險記,film,1985-07-26,Q84,伦敦,51.507222222,-0.1275,,,,tt0089670,11418,,https://www.wikidata.org/wiki/Q1538224,https://www.wikidata.org/wiki/Q84,Wikidata P915/P625/P6375/P577
Q130744998,發條狗,film,2025-09-05,Q163,约克郡,53.958333333,-1.083333333,,,,tt34381258,1381027,,https://www.wikidata.org/wiki/Q130744998,https://www.wikidata.org/wiki/Q163,Wikidata P915/P625/P6375/P577
Q7070206,白衣天使,film,1963-01-01,Q661896,松木制片厂,51.548611111,-0.535,,,,tt0057371,117609,,https://www.wikidata.org/wiki/Q7070206,https://www.wikidata.org/wiki/Q661896,Wikidata P915/P625/P6375/P577
Q15079316,白鯨傳奇：怒海之心,film,2015-12-03,Q84,伦敦,51.507222222,-0.1275,,,,tt1390411,205775,,https://www.wikidata.org/wiki/Q15079316,https://www.wikidata.org/wiki/Q84,Wikidata P915/P625/P6375/P577
Q15079316,白鯨傳奇：怒海之心,film,2015-12-03,Q19835,華納兄弟利維斯登製片廠,51.693333333,-0.419722222,,,,tt1390411,205775,,https://www.wikidata.org/wiki/Q15079316,https://www.wikidata.org/wiki/Q19835,Wikidata P915/P625/P6375/P577
Q1423235,白鲸记,film,1956-01-01,Q5057357,Ceibwr Bay,52.07874,-4.7612,,,,tt0049513,10339,,https://www.wikidata.org/wiki/Q1423235,https://www.wikidata.org/wiki/Q5057357,Wikidata P915/P625/P6375/P577
Q1423235,白鲸记,film,1956-01-01,Q22001022,埃尔斯特里制片厂,51.6587,-0.2758,,,,tt0049513,10339,,https://www.wikidata.org/wiki/Q1423235,https://www.wikidata.org/wiki/Q22001022,Wikidata P915/P625/P6375/P577
Q1423235,白鲸记,film,1956-01-01,Q41735,愛爾蘭海,53.5,-5.0,,,,tt0049513,10339,,https://www.wikidata.org/wiki/Q1423235,https://www.wikidata.org/wiki/Q41735,Wikidata P915/P625/P6375/P577
Q1423235,白鲸记,film,1956-01-01,Q1018730,费殊格德,51.9982,-4.98041,,,,tt0049513,10339,,https://www.wikidata.org/wiki/Q1423235,https://www.wikidata.org/wiki/Q1018730,Wikidata P915/P625/P6375/P577
Q1423235,白鲸记,film,1956-01-01,Q1067991,達費德,51.94,-4.51,,,,tt0049513,10339,,https://www.wikidata.org/wiki/Q1423235,https://www.wikidata.org/wiki/Q1067991,Wikidata P915/P625/P6375/P577
Q1169765,百万窃案,film,1968-01-01,Q21,英格兰,53.0,-1.0,,,,tt0063094,26186,,https://www.wikidata.org/wiki/Q1169765,https://www.wikidata.org/wiki/Q21,Wikidata P915/P625/P6375/P577
Q490300,百万英镑,film,1954-01-01,Q661896,松木制片厂,51.548611111,-0.535,,,,tt0046072,34000,,https://www.wikidata.org/wiki/Q490300,https://www.wikidata.org/wiki/Q661896,Wikidata P915/P625/P6375/P577
Q1737987,百分之七的溶液,film,1976-10-24,Q84,伦敦,51.507222222,-0.1275,,,,tt0075194,29578,,https://www.wikidata.org/wiki/Q1737987,https://www.wikidata.org/wiki/Q84,Wikidata P915/P625/P6375/P577
Q1737987,百分之七的溶液,film,1976-10-24,Q661896,松木制片厂,51.548611111,-0.535,,,,tt0075194,29578,,https://www.wikidata.org/wiki/Q1737987,https://www.wikidata.org/wiki/Q661896,Wikidata P915/P625/P6375/P577
Q1193856,百勝飛龍,film,1966-01-01,Q661896,松木制片厂,51.548611111,-0.535,,,,tt0060581,35671,,https://www.wikidata.org/wiki/Q1193856,https://www.wikidata.org/wiki/Q661896,Wikidata P915/P625/P6375/P577
Q3426437,百戰忠魂,film,1956-01-01,Q661896,松木制片厂,51.548611111,-0.535,,,,tt0049014,73449,,https://www.wikidata.org/wiki/Q3426437,https://www.wikidata.org/wiki/Q661896,Wikidata P915/P625/P6375/P577
Q7716190,百花小姐,film,1964-01-01,Q661896,松木制片厂,51.548611111,-0.535,,,,tt0057963,234149,,https://www.wikidata.org/wiki/Q7716190,https://www.wikidata.org/wiki/Q661896,Wikidata P915/P625/P6375/P577
Q909239,百萬軍中龍虎鬥,film,1959-01-01,Q661896,松木制片厂,51.548611111,-0.535,,,,tt0053126,58902,,https://www.wikidata.org/wiki/Q909239,https://www.wikidata.org/wiki/Q661896,Wikidata P915/P625/P6375/P577
Q448090,百鳥嬉春,film,1968-01-01,Q661896,松木制片厂,51.548611111,-0.535,,,,tt0062782,22937,,https://www.wikidata.org/wiki/Q448090,https://www.wikidata.org/wiki/Q661896,Wikidata P915/P625/P6375/P577
Q1125253,盗墓者罗拉：生命之匙,film,2003-01-01,Q661896,松木制片厂,51.548611111,-0.535,,,,tt0325703,1996,,https://www.wikidata.org/wiki/Q1125253,https://www.wikidata.org/wiki/Q661896,Wikidata P915/P625/P6375/P577
Q25188,盗梦空间,film,2010-07-08,Q193196,伦敦大学学院,51.524722222,-0.133611111,"University College London, Gower Street, London, WC1E 6BT",,,tt1375666,27205,,https://www.wikidata.org/wiki/Q25188,https://www.wikidata.org/wiki/Q193196,Wikidata P915/P625/P6375/P577
Q25188,盗梦空间,film,2010-07-08,Q7275217,卡丁頓空軍基地,52.108922,-0.422499,,,,tt1375666,27205,,https://www.wikidata.org/wiki/Q25188,https://www.wikidata.org/wiki/Q7275217,Wikidata P915/P625/P6375/P577
Q25188,盗梦空间,film,2010-07-08,Q1231271,范堡羅機場,51.275277777,-0.7775,,,,tt1375666,27205,,https://www.wikidata.org/wiki/Q25188,https://www.wikidata.org/wiki/Q1231271,Wikidata P915/P625/P6375/P577
Q15726151,盜馬記,film,2014-01-01,Q84,伦敦,51.507222222,-0.1275,,,,tt3573354,278630,,https://www.wikidata.org/wiki/Q15726151,https://www.wikidata.org/wiki/Q84,Wikidata P915/P625/P6375/P577
Q5422875,目擊者,film,1956-01-01,Q661896,松木制片厂,51.548611111,-0.535,,,,tt0049196,170412,,https://www.wikidata.org/wiki/Q5422875,https://www.wikidata.org/wiki/Q661896,Wikidata P915/P625/P6375/P577
Q2613359,盲目約會,film,2007-01-01,Q84,伦敦,51.507222222,-0.1275,,,,tt0480268,24202,,https://www.wikidata.org/wiki/Q2613359,https://www.wikidata.org/wiki/Q84,Wikidata P915/P625/P6375/P577
Q7742499,看不见的女人,film,2013-08-31,Q84,伦敦,51.507222222,-0.1275,,,,tt1700845,111473,,https://www.wikidata.org/wiki/Q7742499,https://www.wikidata.org/wiki/Q84,Wikidata P915/P625/P6375/P577
Q7742499,看不见的女人,film,2013-08-31,Q3410,赫特福德郡,51.9,-0.2,,,,tt1700845,111473,,https://www.wikidata.org/wiki/Q7742499,https://www.wikidata.org/wiki/Q3410,Wikidata P915/P625/P6375/P577
Q22001133,真寵,film,2018-08-30,Q19813,哈特菲爾德莊園,51.7606,-0.2092,Hatfield AL9 5NQ,,,tt5083738,375262,,https://www.wikidata.org/wiki/Q22001133,https://www.wikidata.org/wiki/Q19813,Wikidata P915/P625/P6375/P577
Q232161,真愛挑日子,film,2011-08-08,Q23436,爱丁堡,55.953333333,-3.189166666,,,,tt1563738,51828,,https://www.wikidata.org/wiki/Q232161,https://www.wikidata.org/wiki/Q23436,Wikidata P915/P625/P6375/P577
Q1135349,真爱永存,film,2000-10-27,Q21,英格兰,53.0,-1.0,,,,tt0213890,11518,,https://www.wikidata.org/wiki/Q1135349,https://www.wikidata.org/wiki/Q21,Wikidata P915/P625/P6375/P577
Q219392,真爱满屋2：真假金龟婿,film,2012-01-01,Q84,伦敦,51.507222222,-0.1275,,,,tt1980986,85052,,https://www.wikidata.org/wiki/Q219392,https://www.wikidata.org/wiki/Q84,Wikidata P915/P625/P6375/P577
Q190588,真爱至上,film,2003-11-06,Q5365721,Elliott School,51.4548,-0.2259,,,,tt0314331,508,,https://www.wikidata.org/wiki/Q190588,https://www.wikidata.org/wiki/Q5365721,Wikidata P915/P625/P6375/P577
Q190588,真爱至上,film,2003-11-06,Q84,伦敦,51.507222222,-0.1275,,,,tt0314331,508,,https://www.wikidata.org/wiki/Q190588,https://www.wikidata.org/wiki/Q84,Wikidata P915/P625/P6375/P577
Q190588,真爱至上,film,2003-11-06,Q637482,埃沙尔,51.3691,-0.365,,,,tt0314331,508,,https://www.wikidata.org/wiki/Q190588,https://www.wikidata.org/wiki/Q637482,Wikidata P915/P625/P6375/P577
Q190588,真爱至上,film,2003-11-06,Q7448348,塞尔福里奇百货,51.514344,-0.152704,"400 Oxford St, London W1A 1AB",,,tt0314331,508,,https://www.wikidata.org/wiki/Q190588,https://www.wikidata.org/wiki/Q7448348,Wikidata P915/P625/P6375/P577
Q190588,真爱至上,film,2003-11-06,Q8691,希思罗机场,51.4775,-0.461389,,,,tt0314331,508,,https://www.wikidata.org/wiki/Q190588,https://www.wikidata.org/wiki/Q8691,Wikidata P915/P625/P6375/P577
Q190588,真爱至上,film,2003-11-06,Q5610634,格罗夫纳礼拜堂,51.509,-0.1514,,,,tt0314331,508,,https://www.wikidata.org/wiki/Q190588,https://www.wikidata.org/wiki/Q5610634,Wikidata P915/P625/P6375/P577
Q190588,真爱至上,film,2003-11-06,Q129143,特拉法加广场,51.508055555,-0.128055555,,,,tt0314331,508,,https://www.wikidata.org/wiki/Q190588,https://www.wikidata.org/wiki/Q129143,Wikidata P915/P625/P6375/P577
Q190588,真爱至上,film,2003-11-06,Q1032842,金絲雀碼頭站,51.503611111,-0.018611111,"[[Canary Wharf]], [[Tower Hamlets]], [[Londra]]",,,tt0314331,508,,https://www.wikidata.org/wiki/Q190588,https://www.wikidata.org/wiki/Q1032842,Wikidata P915/P625/P6375/P577
Q2387869,着魔,film,2001-01-01,Q661896,松木制片厂,51.548611111,-0.535,,,,tt0278675,59095,,https://www.wikidata.org/wiki/Q2387869,https://www.wikidata.org/wiki/Q661896,Wikidata P915/P625/P6375/P577
Q3036353,砖块街,film,2007-01-01,Q84,伦敦,51.507222222,-0.1275,,,,tt0940585,21074,,https://www.wikidata.org/wiki/Q3036353,https://www.wikidata.org/wiki/Q84,Wikidata P915/P625/P6375/P577
Q241840,碧海嬉春,film,1962-04-01,Q661896,松木制片厂,51.548611111,-0.535,,,,tt0055831,26190,,https://www.wikidata.org/wiki/Q241840,https://www.wikidata.org/wiki/Q661896,Wikidata P915/P625/P6375/P577
Q1130297,碧海追踪,film,2005-09-30,Q5785,开曼群岛,19.5,-80.5,,,,tt0378109,11968,,https://www.wikidata.org/wiki/Q1130297,https://www.wikidata.org/wiki/Q5785,Wikidata P915/P625/P6375/P577
Q106740037,祝你好運，里奧·格蘭德,film,2022-01-22,Q130191,诺里奇,52.628611111,1.292777777,,,,tt13352968,758330,,https://www.wikidata.org/wiki/Q106740037,https://www.wikidata.org/wiki/Q130191,Wikidata P915/P625/P6375/P577
Q18199332,神奇动物：邓布利多之谜,film,2022-04-07,Q19835,華納兄弟利維斯登製片廠,51.693333333,-0.419722222,,,,tt4123432,338953,,https://www.wikidata.org/wiki/Q18199332,https://www.wikidata.org/wiki/Q19835,Wikidata P915/P625/P6375/P577
Q33408623,神奇女俠1984,film,2020-12-25,Q145,英国,54.6,-2.0,,,,tt7126948,464052,,https://www.wikidata.org/wiki/Q33408623,https://www.wikidata.org/wiki/Q145,Wikidata P915/P625/P6375/P577
Q3482471,神槍手,film,2002-01-01,Q84,伦敦,51.507222222,-0.1275,,,,tt0278035,154219,,https://www.wikidata.org/wiki/Q3482471,https://www.wikidata.org/wiki/Q84,Wikidata P915/P625/P6375/P577
Q691534,神秘群岛,film,2006-01-01,Q643180,Bodmin and Wenford Railway,50.465397,-4.717011,"General Station, Bodmin PL31 1AQ",,,tt0412798,9756,,https://www.wikidata.org/wiki/Q691534,https://www.wikidata.org/wiki/Q643180,Wikidata P915/P625/P6375/P577
Q691534,神秘群岛,film,2006-01-01,Q3402694,Llanbadrig,53.412413189,-4.436658367,,,,tt0412798,9756,,https://www.wikidata.org/wiki/Q691534,https://www.wikidata.org/wiki/Q3402694,Wikidata P915/P625/P6375/P577
Q691534,神秘群岛,film,2006-01-01,Q24639408,Malltraeth Bay,53.14916,-4.42427,,,,tt0412798,9756,,https://www.wikidata.org/wiki/Q691534,https://www.wikidata.org/wiki/Q24639408,Wikidata P915/P625/P6375/P577
Q691534,神秘群岛,film,2006-01-01,Q2688521,Millbrook,50.348,-4.217,,,,tt0412798,9756,,https://www.wikidata.org/wiki/Q691534,https://www.wikidata.org/wiki/Q2688521,Wikidata P915/P625/P6375/P577
Q691534,神秘群岛,film,2006-01-01,Q17742748,Prichard Jones Institute,53.166,-4.35723,,,,tt0412798,9756,,https://www.wikidata.org/wiki/Q691534,https://www.wikidata.org/wiki/Q17742748,Wikidata P915/P625/P6375/P577
Q691534,神秘群岛,film,2006-01-01,Q168159,安格尔西岛,53.293888888,-4.376666666,,,,tt0412798,9756,,https://www.wikidata.org/wiki/Q691534,https://www.wikidata.org/wiki/Q168159,Wikidata P915/P625/P6375/P577
Q691534,神秘群岛,film,2006-01-01,Q28831538,特尔莫尔灯塔,53.135277777,-4.415555555,,,,tt0412798,9756,,https://www.wikidata.org/wiki/Q691534,https://www.wikidata.org/wiki/Q28831538,Wikidata P915/P625/P6375/P577
Q691534,神秘群岛,film,2006-01-01,Q203387,贝图瑟科伊德,53.092,-3.792,,,,tt0412798,9756,,https://www.wikidata.org/wiki/Q691534,https://www.wikidata.org/wiki/Q203387,Wikidata P915/P625/P6375/P577
Q1659336,神童戰魔君,film,1979-01-01,Q661896,松木制片厂,51.548611111,-0.535,,,,tt0078792,82430,,https://www.wikidata.org/wiki/Q1659336,https://www.wikidata.org/wiki/Q661896,Wikidata P915/P625/P6375/P577
Q537256,神駒黑美人,film,1994-01-01,Q661896,松木制片厂,51.548611111,-0.535,,,,tt0109279,14522,,https://www.wikidata.org/wiki/Q537256,https://www.wikidata.org/wiki/Q661896,Wikidata P915/P625/P6375/P577
Q15103254,神鬼大盜,film,2015-01-22,Q84,伦敦,51.507222222,-0.1275,,,,tt3045616,210860,,https://www.wikidata.org/wiki/Q15103254,https://www.wikidata.org/wiki/Q84,Wikidata P915/P625/P6375/P577
Q19481099,神鬼認證：傑森包恩,film,2016-07-28,Q214788,伦敦帕丁顿车站,51.516666666,-0.177222222,,,,tt4196776,324668,,https://www.wikidata.org/wiki/Q19481099,https://www.wikidata.org/wiki/Q214788,Wikidata P915/P625/P6375/P577
Q107226,神鬼认证：最后通牒,film,2007-07-25,Q84,伦敦,51.507222222,-0.1275,,,,tt0440963,2503,,https://www.wikidata.org/wiki/Q107226,https://www.wikidata.org/wiki/Q84,Wikidata P915/P625/P6375/P577
Q107226,神鬼认证：最后通牒,film,2007-07-25,Q661896,松木制片厂,51.548611111,-0.535,,,,tt0440963,2503,,https://www.wikidata.org/wiki/Q107226,https://www.wikidata.org/wiki/Q661896,Wikidata P915/P625/P6375/P577
Q107226,神鬼认证：最后通牒,film,2007-07-25,Q795691,滑铁卢车站,51.5031,-0.1132,,,,tt0440963,2503,,https://www.wikidata.org/wiki/Q107226,https://www.wikidata.org/wiki/Q795691,Wikidata P915/P625/P6375/P577
Q107226,神鬼认证：最后通牒,film,2007-07-25,Q34217,牛津,51.751944444,-1.257777777,,,,tt0440963,2503,,https://www.wikidata.org/wiki/Q107226,https://www.wikidata.org/wiki/Q34217,Wikidata P915/P625/P6375/P577
Q65032692,福尔摩斯小姐：失踪的侯爵,film,2020-09-23,Q84,伦敦,51.507222222,-0.1275,,,,tt7846844,497582,,https://www.wikidata.org/wiki/Q65032692,https://www.wikidata.org/wiki/Q84,Wikidata P915/P625/P6375/P577
Q65032692,福尔摩斯小姐：失踪的侯爵,film,2020-09-23,Q3267914,盧頓胡,51.85464,-0.3977,,,,tt7846844,497582,,https://www.wikidata.org/wiki/Q65032692,https://www.wikidata.org/wiki/Q3267914,Wikidata P915/P625/P6375/P577
Q12122418,福斯公路橋,film,1965-01-01,Q23436,爱丁堡,55.953333333,-3.189166666,,,,tt0059193,149294,,https://www.wikidata.org/wiki/Q12122418,https://www.wikidata.org/wiki/Q23436,Wikidata P915/P625/P6375/P577
Q1109146,福爾摩斯-倫敦大冒險,film,2010-01-01,Q25,威尔士,52.35,-3.633333333,,,,tt1522835,33555,,https://www.wikidata.org/wiki/Q1109146,https://www.wikidata.org/wiki/Q25,Wikidata P915/P625/P6375/P577
Q17344458,福爾摩斯先生,film,2015-01-01,Q21,英格兰,53.0,-1.0,,,,tt3168230,280996,,https://www.wikidata.org/wiki/Q17344458,https://www.wikidata.org/wiki/Q21,Wikidata P915/P625/P6375/P577
Q124393045,科学怪人,film,2025-08-30,Q852908,皇家一英里,55.950555555,-3.185555555,,,,tt1312221,1062722,,https://www.wikidata.org/wiki/Q124393045,https://www.wikidata.org/wiki/Q852908,Wikidata P915/P625/P6375/P577
Q833180,科學怪人,film,1994-01-01,Q661896,松木制片厂,51.548611111,-0.535,,,,tt0109836,3036,,https://www.wikidata.org/wiki/Q833180,https://www.wikidata.org/wiki/Q661896,Wikidata P915/P625/P6375/P577
Q391172,秘密與謊言,film,1996-01-01,Q84,伦敦,51.507222222,-0.1275,,,,tt0117589,11159,,https://www.wikidata.org/wiki/Q391172,https://www.wikidata.org/wiki/Q84,Wikidata P915/P625/P6375/P577
Q525421,秘密花園,film,1993-08-13,Q661896,松木制片厂,51.548611111,-0.535,,,,tt0108071,11236,,https://www.wikidata.org/wiki/Q525421,https://www.wikidata.org/wiki/Q661896,Wikidata P915/P625/P6375/P577
Q1289297,秘屋,film,1956-01-01,Q661896,松木制片厂,51.548611111,-0.535,,,,tt0049339,126081,,https://www.wikidata.org/wiki/Q1289297,https://www.wikidata.org/wiki/Q661896,Wikidata P915/P625/P6375/P577
Q1653284,移城別戀,film,2011-09-09,Q84,伦敦,51.507222222,-0.1275,,,,tt1680045,89455,,https://www.wikidata.org/wiki/Q1653284,https://www.wikidata.org/wiki/Q84,Wikidata P915/P625/P6375/P577
Q1163628,稻草狗,film,1971-01-01,Q652930,St Buryan,50.075,-5.621,,,,tt0067800,994,,https://www.wikidata.org/wiki/Q1163628,https://www.wikidata.org/wiki/Q652930,Wikidata P915/P625/P6375/P577
Q1090322,空姐艷史,film,1963-01-01,Q3410,赫特福德郡,51.9,-0.2,,,,tt0056941,153348,,https://www.wikidata.org/wiki/Q1090322,https://www.wikidata.org/wiki/Q3410,Wikidata P915/P625/P6375/P577
Q6872471,窮街艷女,film,1957-01-01,Q661896,松木制片厂,51.548611111,-0.535,,,,tt0050707,246503,,https://www.wikidata.org/wiki/Q6872471,https://www.wikidata.org/wiki/Q661896,Wikidata P915/P625/P6375/P577
Q466485,第一千金歐遊記,film,2004-01-07,Q84,伦敦,51.507222222,-0.1275,,,,tt0360139,14844,,https://www.wikidata.org/wiki/Q466485,https://www.wikidata.org/wiki/Q84,Wikidata P915/P625/P6375/P577
Q333971,第一武士,film,1995-01-01,Q661896,松木制片厂,51.548611111,-0.535,,,,tt0113071,6520,,https://www.wikidata.org/wiki/Q333971,https://www.wikidata.org/wiki/Q661896,Wikidata P915/P625/P6375/P577
Q106506,第五元素,film,1997-05-07,Q84,伦敦,51.507222222,-0.1275,,,,tt0119116,18,,https://www.wikidata.org/wiki/Q106506,https://www.wikidata.org/wiki/Q84,Wikidata P915/P625/P6375/P577
Q106506,第五元素,film,1997-05-07,Q661896,松木制片厂,51.548611111,-0.535,,,,tt0119116,18,,https://www.wikidata.org/wiki/Q106506,https://www.wikidata.org/wiki/Q661896,Wikidata P915/P625/P6375/P577
Q810012,第六感追緝令2,film,2006-03-30,Q84,伦敦,51.507222222,-0.1275,,,,tt0430912,3093,,https://www.wikidata.org/wiki/Q810012,https://www.wikidata.org/wiki/Q84,Wikidata P915/P625/P6375/P577
Q810012,第六感追緝令2,film,2006-03-30,Q661896,松木制片厂,51.548611111,-0.535,,,,tt0430912,3093,,https://www.wikidata.org/wiki/Q810012,https://www.wikidata.org/wiki/Q661896,Wikidata P915/P625/P6375/P577
Q18218448,第四公民,film,2014-10-10,Q84,伦敦,51.507222222,-0.1275,,,,tt4044364,293310,,https://www.wikidata.org/wiki/Q18218448,https://www.wikidata.org/wiki/Q84,Wikidata P915/P625/P6375/P577
Q589871,第四階段,film,1974-09-01,Q661896,松木制片厂,51.548611111,-0.535,,,,tt0070531,59189,,https://www.wikidata.org/wiki/Q589871,https://www.wikidata.org/wiki/Q661896,Wikidata P915/P625/P6375/P577
Q3069838,節慶 (2005年電影),film,2005-01-01,Q23436,爱丁堡,55.953333333,-3.189166666,,,,tt0468736,77517,,https://www.wikidata.org/wiki/Q3069838,https://www.wikidata.org/wiki/Q23436,Wikidata P915/P625/P6375/P577
Q2368378,米歐王子,film,1987-07-01,Q661896,松木制片厂,51.548611111,-0.535,,,,tt0093543,14499,,https://www.wikidata.org/wiki/Q2368378,https://www.wikidata.org/wiki/Q661896,Wikidata P915/P625/P6375/P577
Q2368378,米歐王子,film,1987-07-01,Q22,苏格兰,57.0,-5.0,,,,tt0093543,14499,,https://www.wikidata.org/wiki/Q2368378,https://www.wikidata.org/wiki/Q22,Wikidata P915/P625/P6375/P577
Q1193469,粉红豹之探长的诅咒,film,1983-01-01,Q661896,松木制片厂,51.548611111,-0.535,,,,tt0085384,36576,,https://www.wikidata.org/wiki/Q1193469,https://www.wikidata.org/wiki/Q661896,Wikidata P915/P625/P6375/P577
Q1199530,粉红豹再度出击,film,1982-01-01,Q661896,松木制片厂,51.548611111,-0.535,,,,tt0084814,9699,,https://www.wikidata.org/wiki/Q1199530,https://www.wikidata.org/wiki/Q661896,Wikidata P915/P625/P6375/P577
Q1953910,精靈傳奇,film,1997-01-01,Q661896,松木制片厂,51.548611111,-0.535,,,,tt0119095,29911,,https://www.wikidata.org/wiki/Q1953910,https://www.wikidata.org/wiki/Q661896,Wikidata P915/P625/P6375/P577
Q2783043,糊塗蟲嬉春,film,1961-04-01,Q661896,松木制片厂,51.548611111,-0.535,,,,tt0054727,32115,,https://www.wikidata.org/wiki/Q2783043,https://www.wikidata.org/wiki/Q661896,Wikidata P915/P625/P6375/P577
Q821692,糖衣陷阱,film,1993-06-23,Q5785,开曼群岛,19.5,-80.5,,,,tt0106918,37233,,https://www.wikidata.org/wiki/Q821692,https://www.wikidata.org/wiki/Q5785,Wikidata P915/P625/P6375/P577
Q1110102,紅杏癡魂,film,1972-01-01,Q661896,松木制片厂,51.548611111,-0.535,,,,tt0068827,253078,,https://www.wikidata.org/wiki/Q1110102,https://www.wikidata.org/wiki/Q661896,Wikidata P915/P625/P6375/P577
Q4658896,紅粉情深,film,1963-01-01,Q661896,松木制片厂,51.548611111,-0.535,,,,tt0057415,175164,,https://www.wikidata.org/wiki/Q4658896,https://www.wikidata.org/wiki/Q661896,Wikidata P915/P625/P6375/P577
Q572736,納瓦隆第十突擊隊,film,1978-08-16,Q43382,普利茅斯,50.371388888,-4.142222222,,,,tt0077572,17339,,https://www.wikidata.org/wiki/Q572736,https://www.wikidata.org/wiki/Q43382,Wikidata P915/P625/P6375/P577
Q572736,納瓦隆第十突擊隊,film,1978-08-16,Q785,泽西,49.19,-2.11,,,,tt0077572,17339,,https://www.wikidata.org/wiki/Q572736,https://www.wikidata.org/wiki/Q785,Wikidata P915/P625/P6375/P577
Q1426983,紫色平原,film,1954-01-01,Q661896,松木制片厂,51.548611111,-0.535,,,,tt0047376,73907,,https://www.wikidata.org/wiki/Q1426983,https://www.wikidata.org/wiki/Q661896,Wikidata P915/P625/P6375/P577
Q5759531,細菌間諜戰,film,1950-01-01,Q661896,松木制片厂,51.548611111,-0.535,,,,tt0042553,87588,,https://www.wikidata.org/wiki/Q5759531,https://www.wikidata.org/wiki/Q661896,Wikidata P915/P625/P6375/P577
Q14488725,紳士密令,film,2015-08-02,Q84,伦敦,51.507222222,-0.1275,,,,tt1638355,203801,,https://www.wikidata.org/wiki/Q14488725,https://www.wikidata.org/wiki/Q84,Wikidata P915/P625/P6375/P577
Q14488725,紳士密令,film,2015-08-02,Q953716,古德伍德赛道,50.8594,-0.759167,,,,tt1638355,203801,,https://www.wikidata.org/wiki/Q14488725,https://www.wikidata.org/wiki/Q953716,Wikidata P915/P625/P6375/P577
Q14488725,紳士密令,film,2015-08-02,Q4972915,布罗克韦尔公园,51.4508,-0.1075,,,,tt1638355,203801,,https://www.wikidata.org/wiki/Q14488725,https://www.wikidata.org/wiki/Q4972915,Wikidata P915/P625/P6375/P577
Q14488725,紳士密令,film,2015-08-02,Q5087663,查塔姆歷史造船廠,51.3968,0.5294,"Sail and Colour Loft, Church Lane, Chatham ME4 4TE",,,tt1638355,203801,,https://www.wikidata.org/wiki/Q14488725,https://www.wikidata.org/wiki/Q5087663,Wikidata P915/P625/P6375/P577
Q1455075,結婚友沒友,film,2011-04-01,Q84,伦敦,51.507222222,-0.1275,,,,tt0491152,49022,,https://www.wikidata.org/wiki/Q1455075,https://www.wikidata.org/wiki/Q84,Wikidata P915/P625/P6375/P577
Q523767,絕戀,film,1996-01-01,Q23436,爱丁堡,55.953333333,-3.189166666,,,,tt0116722,25147,,https://www.wikidata.org/wiki/Q523767,https://www.wikidata.org/wiki/Q23436,Wikidata P915/P625/P6375/P577
Q6092037,綺羅春夢,film,1952-01-01,Q661896,松木制片厂,51.548611111,-0.535,,,,tt0044759,248652,,https://www.wikidata.org/wiki/Q6092037,https://www.wikidata.org/wiki/Q661896,Wikidata P915/P625/P6375/P577
Q10337179,緊急密令,film,1968-08-22,Q661896,松木制片厂,51.548611111,-0.535,,,,tt0063067,83359,,https://www.wikidata.org/wiki/Q10337179,https://www.wikidata.org/wiki/Q661896,Wikidata P915/P625/P6375/P577
Q1741043,緣未了,film,1993-01-01,Q661896,松木制片厂,51.548611111,-0.535,,,,tt0107042,124312,,https://www.wikidata.org/wiki/Q1741043,https://www.wikidata.org/wiki/Q661896,Wikidata P915/P625/P6375/P577
Q471951,縱情四海,film,2000-01-01,Q661896,松木制片厂,51.548611111,-0.535,,,,tt0206917,29572,,https://www.wikidata.org/wiki/Q471951,https://www.wikidata.org/wiki/Q661896,Wikidata P915/P625/P6375/P577
Q1122534,红尘,film,1953-01-01,Q3410,赫特福德郡,51.9,-0.2,,,,tt0046085,25009,,https://www.wikidata.org/wiki/Q1122534,https://www.wikidata.org/wiki/Q3410,Wikidata P915/P625/P6375/P577
Q625780,红菱艳,film,1948-01-01,Q661896,松木制片厂,51.548611111,-0.535,,,,tt0040725,19542,,https://www.wikidata.org/wiki/Q625780,https://www.wikidata.org/wiki/Q661896,Wikidata P915/P625/P6375/P577
Q905466,纸屋恶魔,film,1988-01-01,Q661896,松木制片厂,51.548611111,-0.535,,,,tt0098061,41965,,https://www.wikidata.org/wiki/Q905466,https://www.wikidata.org/wiki/Q661896,Wikidata P915/P625/P6375/P577
Q735381,绅士联盟,film,1960-01-01,Q661896,松木制片厂,51.548611111,-0.535,,,,tt0052997,46724,,https://www.wikidata.org/wiki/Q735381,https://www.wikidata.org/wiki/Q661896,Wikidata P915/P625/P6375/P577
Q1356402,终极天险,film,2000-12-03,Q661896,松木制片厂,51.548611111,-0.535,,,,tt0190865,11678,,https://www.wikidata.org/wiki/Q1356402,https://www.wikidata.org/wiki/Q661896,Wikidata P915/P625/P6375/P577
Q6014960,绝命大逃亡,film,1998-01-01,Q84,伦敦,51.507222222,-0.1275,,,,tt0119365,45928,,https://www.wikidata.org/wiki/Q6014960,https://www.wikidata.org/wiki/Q84,Wikidata P915/P625/P6375/P577
Q6014960,绝命大逃亡,film,1998-01-01,Q661896,松木制片厂,51.548611111,-0.535,,,,tt0119365,45928,,https://www.wikidata.org/wiki/Q6014960,https://www.wikidata.org/wiki/Q661896,Wikidata P915/P625/P6375/P577
Q1674811,继续做车夫,film,1963-01-01,Q661896,松木制片厂,51.548611111,-0.535,,,,tt0056912,19254,,https://www.wikidata.org/wiki/Q1674811,https://www.wikidata.org/wiki/Q661896,Wikidata P915/P625/P6375/P577
Q629076,绿野小英雄,film,1961-09-28,Q23436,爱丁堡,55.953333333,-3.189166666,,,,tt0054944,64868,,https://www.wikidata.org/wiki/Q629076,https://www.wikidata.org/wiki/Q23436,Wikidata P915/P625/P6375/P577
Q7316160,罗尼和威尔,film,1985-01-01,Q23436,爱丁堡,55.953333333,-3.189166666,,,,tt0089904,29907,,https://www.wikidata.org/wiki/Q7316160,https://www.wikidata.org/wiki/Q23436,Wikidata P915/P625/P6375/P577
Q66317801,罗马尼亚末代王后,film,2019-09-27,Q84,伦敦,51.507222222,-0.1275,,,,tt9110902,648207,,https://www.wikidata.org/wiki/Q66317801,https://www.wikidata.org/wiki/Q84,Wikidata P915/P625/P6375/P577
Q1523060,置若罔闻,film,1991-01-01,Q661896,松木制片厂,51.548611111,-0.535,,,,tt0102288,64167,,https://www.wikidata.org/wiki/Q1523060,https://www.wikidata.org/wiki/Q661896,Wikidata P915/P625/P6375/P577
Q151903,美丽坏东西,film,2002-09-05,Q84,伦敦,51.507222222,-0.1275,,,,tt0301199,3472,,https://www.wikidata.org/wiki/Q151903,https://www.wikidata.org/wiki/Q84,Wikidata P915/P625/P6375/P577
Q485841,美人局,film,1964-04-28,Q758949,奧德莉莊園,52.020833333,0.220555555,Saffron Walden CB11 4JF,,,tt0058754,4999,,https://www.wikidata.org/wiki/Q485841,https://www.wikidata.org/wiki/Q758949,Wikidata P915/P625/P6375/P577
Q485841,美人局,film,1964-04-28,Q203349,普尔,50.716666666,-1.983333333,,,,tt0058754,4999,,https://www.wikidata.org/wiki/Q485841,https://www.wikidata.org/wiki/Q203349,Wikidata P915/P625/P6375/P577
Q485841,美人局,film,1964-04-28,Q661896,松木制片厂,51.548611111,-0.535,,,,tt0058754,4999,,https://www.wikidata.org/wiki/Q485841,https://www.wikidata.org/wiki/Q661896,Wikidata P915/P625/P6375/P577
Q14953721,美人情園,film,2014-01-01,Q84,伦敦,51.507222222,-0.1275,,,,tt2639254,283227,,https://www.wikidata.org/wiki/Q14953721,https://www.wikidata.org/wiki/Q84,Wikidata P915/P625/P6375/P577
Q14953721,美人情園,film,2014-01-01,Q661896,松木制片厂,51.548611111,-0.535,,,,tt2639254,283227,,https://www.wikidata.org/wiki/Q14953721,https://www.wikidata.org/wiki/Q661896,Wikidata P915/P625/P6375/P577
Q464687,美国女孩,film,2002-01-01,Q661896,松木制片厂,51.548611111,-0.535,,,,tt0329297,15041,,https://www.wikidata.org/wiki/Q464687,https://www.wikidata.org/wiki/Q661896,Wikidata P915/P625/P6375/P577
Q467290,美国狼人在伦敦,film,1981-08-21,Q5685749,Hay Bluff,52.0229,-3.1027,,,,tt0082010,814,,https://www.wikidata.org/wiki/Q467290,https://www.wikidata.org/wiki/Q5685749,Wikidata P915/P625/P6375/P577
Q467290,美国狼人在伦敦,film,1981-08-21,Q84,伦敦,51.507222222,-0.1275,,,,tt0082010,814,,https://www.wikidata.org/wiki/Q467290,https://www.wikidata.org/wiki/Q84,Wikidata P915/P625/P6375/P577
Q467290,美国狼人在伦敦,film,1981-08-21,Q129143,特拉法加广场,51.508055555,-0.128055555,,,,tt0082010,814,,https://www.wikidata.org/wiki/Q467290,https://www.wikidata.org/wiki/Q129143,Wikidata P915/P625/P6375/P577
Q275120,美国队长,film,2011-07-22,Q18125,曼彻斯特,53.466666666,-2.233333333,,,,tt0458339,1771,,https://www.wikidata.org/wiki/Q275120,https://www.wikidata.org/wiki/Q18125,Wikidata P915/P625/P6375/P577
Q26882523,美國刺客,film,2017-01-01,Q26888,克罗伊登区,51.371111111,-0.098888888,,,,tt1961175,415842,,https://www.wikidata.org/wiki/Q26882523,https://www.wikidata.org/wiki/Q26888,Wikidata P915/P625/P6375/P577
Q26882523,美國刺客,film,2017-01-01,Q4930882,布萊思之家,51.4964,-0.2135,,,,tt1961175,415842,,https://www.wikidata.org/wiki/Q26882523,https://www.wikidata.org/wiki/Q4930882,Wikidata P915/P625/P6375/P577
Q26882523,美國刺客,film,2017-01-01,Q1344889,萨默塞特府,51.511111111,-0.117777777,"Strand, London WC2R 1LA",,,tt1961175,415842,,https://www.wikidata.org/wiki/Q26882523,https://www.wikidata.org/wiki/Q1344889,Wikidata P915/P625/P6375/P577
Q1213044,老而不,film,1968-01-01,Q661896,松木制片厂,51.548611111,-0.535,,,,tt0062671,58293,,https://www.wikidata.org/wiki/Q1213044,https://www.wikidata.org/wiki/Q661896,Wikidata P915/P625/P6375/P577
Q104880673,老豆陪我過聖誕,film,,Q42462,约克,53.95,-1.083333333,,,,tt13103340,762469,,https://www.wikidata.org/wiki/Q104880673,https://www.wikidata.org/wiki/Q42462,Wikidata P915/P625/P6375/P577
Q105333998,耳听为见,film,,Q84,伦敦,51.507222222,-0.1275,,,,tt13599944,794063,,https://www.wikidata.org/wiki/Q105333998,https://www.wikidata.org/wiki/Q84,Wikidata P915/P625/P6375/P577
Q1068272,聊天弒,film,2010-05-14,Q84,伦敦,51.507222222,-0.1275,,,,tt1319704,48946,,https://www.wikidata.org/wiki/Q1068272,https://www.wikidata.org/wiki/Q84,Wikidata P915/P625/P6375/P577
Q3519695,聖殿情夢,film,1974-01-01,Q661896,松木制片厂,51.548611111,-0.535,,,,tt0071096,15478,,https://www.wikidata.org/wiki/Q3519695,https://www.wikidata.org/wiki/Q661896,Wikidata P915/P625/P6375/P577
Q1507766,聖殿騎士,film,2007-12-17,Q23436,爱丁堡,55.953333333,-3.189166666,,,,tt0837106,13491,,https://www.wikidata.org/wiki/Q1507766,https://www.wikidata.org/wiki/Q23436,Wikidata P915/P625/P6375/P577
Q4069758,聖殿騎士之路盡頭的國度,film,2008-08-22,Q23436,爱丁堡,55.953333333,-3.189166666,,,,tt0950739,13522,,https://www.wikidata.org/wiki/Q4069758,https://www.wikidata.org/wiki/Q23436,Wikidata P915/P625/P6375/P577
Q15631013,聖母峰,film,2015-09-17,Q661896,松木制片厂,51.548611111,-0.535,,,,tt2719848,253412,,https://www.wikidata.org/wiki/Q15631013,https://www.wikidata.org/wiki/Q661896,Wikidata P915/P625/P6375/P577
Q15631013,聖母峰,film,2015-09-17,Q145,英国,54.6,-2.0,,,,tt2719848,253412,,https://www.wikidata.org/wiki/Q15631013,https://www.wikidata.org/wiki/Q145,Wikidata P915/P625/P6375/P577
Q15105174,聖誕燭光,film,2013-10-19,Q661896,松木制片厂,51.548611111,-0.535,,,,tt2739338,226354,,https://www.wikidata.org/wiki/Q15105174,https://www.wikidata.org/wiki/Q661896,Wikidata P915/P625/P6375/P577
Q65057444,聖誕男孩,film,2021-11-18,Q84,伦敦,51.507222222,-0.1275,,,,tt10187208,615666,,https://www.wikidata.org/wiki/Q65057444,https://www.wikidata.org/wiki/Q84,Wikidata P915/P625/P6375/P577
Q282804,聯航93,film,2006-04-28,Q661896,松木制片厂,51.548611111,-0.535,,,,tt0475276,9829,,https://www.wikidata.org/wiki/Q282804,https://www.wikidata.org/wiki/Q661896,Wikidata P915/P625/P6375/P577
Q1741232,職業特工隊,film,1996-05-22,Q4752659,The Anchor,51.507262,-0.092925,,,,tt0117060,954,,https://www.wikidata.org/wiki/Q1741232,https://www.wikidata.org/wiki/Q4752659,Wikidata P915/P625/P6375/P577
Q1741232,職業特工隊,film,1996-05-22,Q83125,伦敦塔桥,51.505555555,-0.075277777,,,,tt0117060,954,,https://www.wikidata.org/wiki/Q1741232,https://www.wikidata.org/wiki/Q83125,Wikidata P915/P625/P6375/P577
Q1741232,職業特工隊,film,1996-05-22,Q801124,利物浦街车站,51.5186,-0.0813,,,,tt0117060,954,,https://www.wikidata.org/wiki/Q1741232,https://www.wikidata.org/wiki/Q801124,Wikidata P915/P625/P6375/P577
Q1741232,職業特工隊,film,1996-05-22,Q661896,松木制片厂,51.548611111,-0.535,,,,tt0117060,954,,https://www.wikidata.org/wiki/Q1741232,https://www.wikidata.org/wiki/Q661896,Wikidata P915/P625/P6375/P577
Q1741232,職業特工隊,film,1996-05-22,Q734696,费利特,51.2834,-0.8456,,,,tt0117060,954,,https://www.wikidata.org/wiki/Q1741232,https://www.wikidata.org/wiki/Q734696,Wikidata P915/P625/P6375/P577
Q5437222,肥的掉渣,film,2004-01-01,Q84,伦敦,51.507222222,-0.1275,,,,tt0382028,31120,,https://www.wikidata.org/wiki/Q5437222,https://www.wikidata.org/wiki/Q84,Wikidata P915/P625/P6375/P577
Q129283,肥龍皇帝,film,1991-01-01,Q661896,松木制片厂,51.548611111,-0.535,,,,tt0102216,10804,,https://www.wikidata.org/wiki/Q129283,https://www.wikidata.org/wiki/Q661896,Wikidata P915/P625/P6375/P577
Q55080186,脑中蜜,film,2018-01-01,Q145,英国,54.6,-2.0,,,,tt5836706,448677,,https://www.wikidata.org/wiki/Q55080186,https://www.wikidata.org/wiki/Q145,Wikidata P915/P625/P6375/P577
Q4378433,臨時抱佛腳,film,1963-01-01,Q661896,松木制片厂,51.548611111,-0.535,,,,tt0057530,38377,,https://www.wikidata.org/wiki/Q4378433,https://www.wikidata.org/wiki/Q661896,Wikidata P915/P625/P6375/P577
Q1675435,自由國度,film,2007-01-01,Q84,伦敦,51.507222222,-0.1275,,,,tt0807054,7992,,https://www.wikidata.org/wiki/Q1675435,https://www.wikidata.org/wiki/Q84,Wikidata P915/P625/P6375/P577
Q6457546,致命LD,film,2003-01-01,Q84,伦敦,51.507222222,-0.1275,,,,tt0337659,15473,,https://www.wikidata.org/wiki/Q6457546,https://www.wikidata.org/wiki/Q84,Wikidata P915/P625/P6375/P577
Q953911,致命化身,film,1996-01-01,Q661896,松木制片厂,51.548611111,-0.535,,,,tt0117002,9095,,https://www.wikidata.org/wiki/Q953911,https://www.wikidata.org/wiki/Q661896,Wikidata P915/P625/P6375/P577
Q953911,致命化身,film,1996-01-01,Q23436,爱丁堡,55.953333333,-3.189166666,,,,tt0117002,9095,,https://www.wikidata.org/wiki/Q953911,https://www.wikidata.org/wiki/Q23436,Wikidata P915/P625/P6375/P577
Q105962799,致命裝備,film,2022-01-01,Q84,伦敦,51.507222222,-0.1275,,,,tt14114802,799876,,https://www.wikidata.org/wiki/Q105962799,https://www.wikidata.org/wiki/Q84,Wikidata P915/P625/P6375/P577
Q102036323,致奥利维亚,film,2021-02-19,Q23276,萨里郡,51.25,-0.45,,,,tt7598106,656584,,https://www.wikidata.org/wiki/Q102036323,https://www.wikidata.org/wiki/Q23276,Wikidata P915/P625/P6375/P577
Q114876189,舞力麥克：最後一跳,film,2023-02-09,Q84,伦敦,51.507222222,-0.1275,,,,tt16280138,906221,,https://www.wikidata.org/wiki/Q114876189,https://www.wikidata.org/wiki/Q84,Wikidata P915/P625/P6375/P577
Q7721274,船长的天堂,film,1953-01-01,Q1410,直布罗陀,36.14,-5.35,,,,tt0045607,43354,,https://www.wikidata.org/wiki/Q7721274,https://www.wikidata.org/wiki/Q1410,Wikidata P915/P625/P6375/P577
Q12126607,色情裡的風波,film,1973-01-01,Q661896,松木制片厂,51.548611111,-0.535,,,,tt0070450,131047,,https://www.wikidata.org/wiki/Q12126607,https://www.wikidata.org/wiki/Q661896,Wikidata P915/P625/P6375/P577
Q544664,色慾花美男,film,2012-01-01,Q84,伦敦,51.507222222,-0.1275,,,,tt1440732,86467,,https://www.wikidata.org/wiki/Q544664,https://www.wikidata.org/wiki/Q84,Wikidata P915/P625/P6375/P577
Q1674806,艳后嬉春,film,1964-01-01,Q661896,松木制片厂,51.548611111,-0.535,,,,tt0057918,5066,,https://www.wikidata.org/wiki/Q1674806,https://www.wikidata.org/wiki/Q661896,Wikidata P915/P625/P6375/P577
Q3354838,艷屍兇案,film,1959-01-01,Q661896,松木制片厂,51.548611111,-0.535,,,,tt0053242,64291,,https://www.wikidata.org/wiki/Q3354838,https://www.wikidata.org/wiki/Q661896,Wikidata P915/P625/P6375/P577
Q6772277,艷盜煞星,film,1967-01-01,Q661896,松木制片厂,51.548611111,-0.535,,,,tt0061956,206174,,https://www.wikidata.org/wiki/Q6772277,https://www.wikidata.org/wiki/Q661896,Wikidata P915/P625/P6375/P577
Q106725858,艾蜜莉,film,2022-01-01,Q163,约克郡,53.958333333,-1.083333333,,,,tt12374656,707103,,https://www.wikidata.org/wiki/Q106725858,https://www.wikidata.org/wiki/Q163,Wikidata P915/P625/P6375/P577
Q55436290,芭比,film,2023-01-01,Q19835,華納兄弟利維斯登製片廠,51.693333333,-0.419722222,,,,tt1517268,346698,,https://www.wikidata.org/wiki/Q55436290,https://www.wikidata.org/wiki/Q19835,Wikidata P915/P625/P6375/P577
Q2710864,芭蕾彗星尼真斯基,film,1980-01-01,Q661896,松木制片厂,51.548611111,-0.535,,,,tt0081235,163627,,https://www.wikidata.org/wiki/Q2710864,https://www.wikidata.org/wiki/Q661896,Wikidata P915/P625/P6375/P577
Q879029,花好月圆,film,2001-01-01,Q84,伦敦,51.507222222,-0.1275,,,,tt0248617,39837,,https://www.wikidata.org/wiki/Q879029,https://www.wikidata.org/wiki/Q84,Wikidata P915/P625/P6375/P577
Q7203033,英京花月夜,film,1962-01-01,Q661896,松木制片厂,51.548611111,-0.535,,,,tt0056353,171622,,https://www.wikidata.org/wiki/Q7203033,https://www.wikidata.org/wiki/Q661896,Wikidata P915/P625/P6375/P577
Q653281,英烈的歲月,film,1990-01-01,Q661896,松木制片厂,51.548611111,-0.535,,,,tt0100133,12651,,https://www.wikidata.org/wiki/Q653281,https://www.wikidata.org/wiki/Q661896,Wikidata P915/P625/P6375/P577
Q934960,英雄不改本色,film,1998-01-01,Q661896,松木制片厂,51.548611111,-0.535,,,,tt0149151,1618,,https://www.wikidata.org/wiki/Q934960,https://www.wikidata.org/wiki/Q661896,Wikidata P915/P625/P6375/P577
Q402855,英雄威尔,film,2009-01-01,Q84,伦敦,51.507222222,-0.1275,,,,tt1185412,30886,,https://www.wikidata.org/wiki/Q402855,https://www.wikidata.org/wiki/Q84,Wikidata P915/P625/P6375/P577
Q7763228,英魂鹃血,film,1954-01-01,Q661896,松木制片厂,51.548611111,-0.535,,,,tt0047467,141173,,https://www.wikidata.org/wiki/Q7763228,https://www.wikidata.org/wiki/Q661896,Wikidata P915/P625/P6375/P577
Q5287489,荒唐醫生艷事多,film,1966-01-01,Q661896,松木制片厂,51.548611111,-0.535,,,,tt0060321,68338,,https://www.wikidata.org/wiki/Q5287489,https://www.wikidata.org/wiki/Q661896,Wikidata P915/P625/P6375/P577
Q1637787,荒島驚魂,film,1966-01-01,Q2627072,林迪斯城堡,55.66907,-1.78475,"Holy Island, Berwick-upon-Tweed TD15 2SH",,,tt0060268,4772,,https://www.wikidata.org/wiki/Q1637787,https://www.wikidata.org/wiki/Q2627072,Wikidata P915/P625/P6375/P577
Q2605525,荷蘭火海戰,film,1959-01-01,Q661896,松木制片厂,51.548611111,-0.535,,,,tt0053140,46039,,https://www.wikidata.org/wiki/Q2605525,https://www.wikidata.org/wiki/Q661896,Wikidata P915/P625/P6375/P577
Q470073,華麗孽緣,film,2008-02-15,Q579004,伊利座堂,52.398611111,0.263888888,,,,tt0467200,12184,,https://www.wikidata.org/wiki/Q470073,https://www.wikidata.org/wiki/Q579004,Wikidata P915/P625/P6375/P577
Q654154,華麗詠歎調,film,1987-01-01,Q84,伦敦,51.507222222,-0.1275,,,,tt0092580,25832,,https://www.wikidata.org/wiki/Q654154,https://www.wikidata.org/wiki/Q84,Wikidata P915/P625/P6375/P577
Q55641399,萌犬派崔克,film,2018-10-18,Q845015,奇西克,51.4925,-0.2633,,,,tt6542108,478159,,https://www.wikidata.org/wiki/Q55641399,https://www.wikidata.org/wiki/Q845015,Wikidata P915/P625/P6375/P577
Q55641399,萌犬派崔克,film,2018-10-18,Q64116,海威科姆,51.621666666,-0.751666666,,,,tt6542108,478159,,https://www.wikidata.org/wiki/Q55641399,https://www.wikidata.org/wiki/Q64116,Wikidata P915/P625/P6375/P577
Q55641399,萌犬派崔克,film,2018-10-18,Q464955,温莎,51.483333333,-0.6,,,,tt6542108,478159,,https://www.wikidata.org/wiki/Q55641399,https://www.wikidata.org/wiki/Q464955,Wikidata P915/P625/P6375/P577
Q55641399,萌犬派崔克,film,2018-10-18,Q2500974,里奇蒙,51.456,-0.301,,,,tt6542108,478159,,https://www.wikidata.org/wiki/Q55641399,https://www.wikidata.org/wiki/Q2500974,Wikidata P915/P625/P6375/P577
Q3425311,萬劫哀鴻,film,1956-01-01,Q661896,松木制片厂,51.548611111,-0.535,,,,tt0049871,88558,,https://www.wikidata.org/wiki/Q3425311,https://www.wikidata.org/wiki/Q661896,Wikidata P915/P625/P6375/P577
Q30321629,萬惡金錢,film,2017-01-01,Q5367999,埃爾夫登殿堂,52.3852,0.6797,,,,tt5294550,446791,,https://www.wikidata.org/wiki/Q30321629,https://www.wikidata.org/wiki/Q5367999,Wikidata P915/P625/P6375/P577
Q3497758,蒸,film,1985-01-01,Q661896,松木制片厂,51.548611111,-0.535,,,,tt0090070,132482,,https://www.wikidata.org/wiki/Q3497758,https://www.wikidata.org/wiki/Q661896,Wikidata P915/P625/P6375/P577
Q1635863,蔚蓝深海,film,2011-09-11,Q84,伦敦,51.507222222,-0.1275,,,,tt1700844,51994,,https://www.wikidata.org/wiki/Q1635863,https://www.wikidata.org/wiki/Q84,Wikidata P915/P625/P6375/P577
Q3107558,蕩子淫娃,film,1958-01-15,Q661896,松木制片厂,51.548611111,-0.535,,,,tt0051692,169726,,https://www.wikidata.org/wiki/Q3107558,https://www.wikidata.org/wiki/Q661896,Wikidata P915/P625/P6375/P577
Q5911932,蕯哈拉妖姬,film,1951-01-01,Q661896,松木制片厂,51.548611111,-0.535,,,,tt0043658,39485,,https://www.wikidata.org/wiki/Q5911932,https://www.wikidata.org/wiki/Q661896,Wikidata P915/P625/P6375/P577
Q1217963,藍色珊瑚礁,film,1949-01-01,Q661896,松木制片厂,51.548611111,-0.535,,,,tt0041190,228074,,https://www.wikidata.org/wiki/Q1217963,https://www.wikidata.org/wiki/Q661896,Wikidata P915/P625/P6375/P577
Q592915,藏秘巧克力,film,2005-01-01,Q84,伦敦,51.507222222,-0.1275,,,,tt0454431,20296,,https://www.wikidata.org/wiki/Q592915,https://www.wikidata.org/wiki/Q84,Wikidata P915/P625/P6375/P577
Q7994606,藥爐紅粉,film,1951-01-01,Q661896,松木制片厂,51.548611111,-0.535,,,,tt0044214,317677,,https://www.wikidata.org/wiki/Q7994606,https://www.wikidata.org/wiki/Q661896,Wikidata P915/P625/P6375/P577
Q2006853,虎膽忠魂未了情,film,1961-01-01,Q661896,松木制片厂,51.548611111,-0.535,,,,tt0054740,79866,,https://www.wikidata.org/wiki/Q2006853,https://www.wikidata.org/wiki/Q661896,Wikidata P915/P625/P6375/P577
Q1210797,蛮荒历险记,film,2002-12-20,Q21,英格兰,53.0,-1.0,,,,tt0282120,14317,,https://www.wikidata.org/wiki/Q1210797,https://www.wikidata.org/wiki/Q21,Wikidata P915/P625/P6375/P577
Q115766625,蜂刑者,film,2024-01-11,Q84,伦敦,51.507222222,-0.1275,,,,tt15314262,866398,,https://www.wikidata.org/wiki/Q115766625,https://www.wikidata.org/wiki/Q84,Wikidata P915/P625/P6375/P577
Q878987,蜜的滋味,film,1961-01-01,Q5061653,Central Pier,53.8109,-3.0583,,,,tt0055506,25062,,https://www.wikidata.org/wiki/Q878987,https://www.wikidata.org/wiki/Q5061653,Wikidata P915/P625/P6375/P577
Q878987,蜜的滋味,film,1961-01-01,Q15253384,Miles Platting,53.489167,-2.215833,,,,tt0055506,25062,,https://www.wikidata.org/wiki/Q878987,https://www.wikidata.org/wiki/Q15253384,Wikidata P915/P625/P6375/P577
Q878987,蜜的滋味,film,1961-01-01,Q106523322,St Ann's Square,53.4822,-2.2456,,,,tt0055506,25062,,https://www.wikidata.org/wiki/Q878987,https://www.wikidata.org/wiki/Q106523322,Wikidata P915/P625/P6375/P577
Q878987,蜜的滋味,film,1961-01-01,Q7618175,Stockport Viaduct,53.40927,-2.16559,,,,tt0055506,25062,,https://www.wikidata.org/wiki/Q878987,https://www.wikidata.org/wiki/Q7618175,Wikidata P915/P625/P6375/P577
Q878987,蜜的滋味,film,1961-01-01,Q26639168,Trafford Road Bridge,53.465527,-2.284204,,,,tt0055506,25062,,https://www.wikidata.org/wiki/Q878987,https://www.wikidata.org/wiki/Q26639168,Wikidata P915/P625/P6375/P577
Q878987,蜜的滋味,film,1961-01-01,Q743535,切尔西,51.4875,-0.1684,,,,tt0055506,25062,,https://www.wikidata.org/wiki/Q878987,https://www.wikidata.org/wiki/Q743535,Wikidata P915/P625/P6375/P577
Q878987,蜜的滋味,film,1961-01-01,Q7594430,圣玛丽区教堂,53.411234,-2.155514,,,,tt0055506,25062,,https://www.wikidata.org/wiki/Q878987,https://www.wikidata.org/wiki/Q7594430,Wikidata P915/P625/P6375/P577
Q878987,蜜的滋味,film,1961-01-01,Q4865679,巴頓公路旋轉橋,53.474512,-2.353418,,,,tt0055506,25062,,https://www.wikidata.org/wiki/Q878987,https://www.wikidata.org/wiki/Q4865679,Wikidata P915/P625/P6375/P577
Q878987,蜜的滋味,film,1961-01-01,Q809555,巴頓旋轉式水道橋,53.4748,-2.3521,,,,tt0055506,25062,,https://www.wikidata.org/wiki/Q878987,https://www.wikidata.org/wiki/Q809555,Wikidata P915/P625/P6375/P577
Q878987,蜜的滋味,film,1961-01-01,Q880905,布萊克浦爾塔,53.815833333,-3.055277777,,,,tt0055506,25062,,https://www.wikidata.org/wiki/Q878987,https://www.wikidata.org/wiki/Q880905,Wikidata P915/P625/P6375/P577
Q878987,蜜的滋味,film,1961-01-01,Q2638817,曼徹斯特美術館,53.478611111,-2.241388888,"Galleries and Museums Department, Mosley Street, Manchester M2 3JL",,,tt0055506,25062,,https://www.wikidata.org/wiki/Q878987,https://www.wikidata.org/wiki/Q2638817,Wikidata P915/P625/P6375/P577
Q116852,蝙蝠侠,film,1989-01-01,Q4677677,Acton Lane Power Station,51.5305,-0.2559,,,,tt0096895,268,,https://www.wikidata.org/wiki/Q116852,https://www.wikidata.org/wiki/Q4677677,Wikidata P915/P625/P6375/P577
Q116852,蝙蝠侠,film,1989-01-01,Q6649001,Little Barford Power Station,52.2044,-0.268889,,,,tt0096895,268,,https://www.wikidata.org/wiki/Q116852,https://www.wikidata.org/wiki/Q6649001,Wikidata P915/P625/P6375/P577
Q61117344,蝙蝠侠,film,2022-02-23,Q84,伦敦,51.507222222,-0.1275,,,,tt1877830,414906,,https://www.wikidata.org/wiki/Q61117344,https://www.wikidata.org/wiki/Q84,Wikidata P915/P625/P6375/P577
Q116852,蝙蝠侠,film,1989-01-01,Q19813,哈特菲爾德莊園,51.7606,-0.2092,Hatfield AL9 5NQ,,,tt0096895,268,,https://www.wikidata.org/wiki/Q116852,https://www.wikidata.org/wiki/Q19813,Wikidata P915/P625/P6375/P577
Q116852,蝙蝠侠,film,1989-01-01,Q661896,松木制片厂,51.548611111,-0.535,,,,tt0096895,268,,https://www.wikidata.org/wiki/Q116852,https://www.wikidata.org/wiki/Q661896,Wikidata P915/P625/P6375/P577
Q61117344,蝙蝠侠,film,2022-02-23,Q4093,格拉斯哥,55.861111111,-4.25,,,,tt1877830,414906,,https://www.wikidata.org/wiki/Q61117344,https://www.wikidata.org/wiki/Q4093,Wikidata P915/P625/P6375/P577
Q116852,蝙蝠侠,film,1989-01-01,Q19841,科内博斯厅,51.8728,-0.2148,Knebworth SG1 2AX,,,tt0096895,268,,https://www.wikidata.org/wiki/Q116852,https://www.wikidata.org/wiki/Q19841,Wikidata P915/P625/P6375/P577
Q116852,蝙蝠侠,film,1989-01-01,Q21,英格兰,53.0,-1.0,,,,tt0096895,268,,https://www.wikidata.org/wiki/Q116852,https://www.wikidata.org/wiki/Q21,Wikidata P915/P625/P6375/P577
Q61117344,蝙蝠侠,film,2022-02-23,Q19835,華納兄弟利維斯登製片廠,51.693333333,-0.419722222,,,,tt1877830,414906,,https://www.wikidata.org/wiki/Q61117344,https://www.wikidata.org/wiki/Q19835,Wikidata P915/P625/P6375/P577
Q189054,蝙蝠侠归来,film,1992-06-16,Q661896,松木制片厂,51.548611111,-0.535,,,,tt0103776,364,,https://www.wikidata.org/wiki/Q189054,https://www.wikidata.org/wiki/Q661896,Wikidata P915/P625/P6375/P577
Q166262,蝙蝠侠：开战时刻,film,2005-06-15,Q4664040,Abbey Mills泵站,51.5307,-8.35E-4,,,,tt0372784,272,,https://www.wikidata.org/wiki/Q166262,https://www.wikidata.org/wiki/Q4664040,Wikidata P915/P625/P6375/P577
Q166262,蝙蝠侠：开战时刻,film,2005-06-15,Q7275217,卡丁頓空軍基地,52.108922,-0.422499,,,,tt0372784,272,,https://www.wikidata.org/wiki/Q166262,https://www.wikidata.org/wiki/Q7275217,Wikidata P915/P625/P6375/P577
Q166262,蝙蝠侠：开战时刻,film,2005-06-15,Q205014,煤屋堡,51.4635,0.432682,"Princess Margaret Road, East Tilbury Village, Tilbury, Thurrock RM18 8PB",,,tt0372784,272,,https://www.wikidata.org/wiki/Q166262,https://www.wikidata.org/wiki/Q205014,Wikidata P915/P625/P6375/P577
Q166262,蝙蝠侠：开战时刻,film,2005-06-15,Q149688,磨坊山,51.62,-0.23,,,,tt0372784,272,,https://www.wikidata.org/wiki/Q166262,https://www.wikidata.org/wiki/Q149688,Wikidata P915/P625/P6375/P577
Q166262,蝙蝠侠：开战时刻,film,2005-06-15,Q4918900,蒙特摩爾塔樓,51.86822058,-0.690618975,,,,tt0372784,272,,https://www.wikidata.org/wiki/Q166262,https://www.wikidata.org/wiki/Q4918900,Wikidata P915/P625/P6375/P577
Q166262,蝙蝠侠：开战时刻,film,2005-06-15,Q124377,金丝雀码头,51.505,-0.019444444,,,,tt0372784,272,,https://www.wikidata.org/wiki/Q166262,https://www.wikidata.org/wiki/Q124377,Wikidata P915/P625/P6375/P577
Q163872,蝙蝠侠：黑暗骑士,film,2008-07-18,Q661896,松木制片厂,51.548611111,-0.535,,,,tt0468569,155,,https://www.wikidata.org/wiki/Q163872,https://www.wikidata.org/wiki/Q661896,Wikidata P915/P625/P6375/P577
Q189330,蝙蝠侠：黑暗骑士崛起,film,2012-07-20,Q84,伦敦,51.507222222,-0.1275,,,,tt1345836,49026,,https://www.wikidata.org/wiki/Q189330,https://www.wikidata.org/wiki/Q84,Wikidata P915/P625/P6375/P577
Q1101856,血书,film,2009-03-07,Q84,伦敦,51.507222222,-0.1275,,,,tt1169809,19599,,https://www.wikidata.org/wiki/Q1101856,https://www.wikidata.org/wiki/Q84,Wikidata P915/P625/P6375/P577
Q1101856,血书,film,2009-03-07,Q23436,爱丁堡,55.953333333,-3.189166666,,,,tt1169809,19599,,https://www.wikidata.org/wiki/Q1101856,https://www.wikidata.org/wiki/Q23436,Wikidata P915/P625/P6375/P577
Q94284,血染天堂,film,2004-01-01,Q5785,开曼群岛,19.5,-80.5,,,,tt0386504,9830,,https://www.wikidata.org/wiki/Q94284,https://www.wikidata.org/wiki/Q5785,Wikidata P915/P625/P6375/P577
Q636356,血染的季節,film,1989-01-01,Q661896,松木制片厂,51.548611111,-0.535,,,,tt0097243,32075,,https://www.wikidata.org/wiki/Q636356,https://www.wikidata.org/wiki/Q661896,Wikidata P915/P625/P6375/P577
Q1406151,血緣相連,film,2010-01-01,Q661896,松木制片厂,51.548611111,-0.535,,,,tt1540400,43944,,https://www.wikidata.org/wiki/Q1406151,https://www.wikidata.org/wiki/Q661896,Wikidata P915/P625/P6375/P577
Q932608,血腥佳人,film,1971-01-31,Q661896,松木制片厂,51.548611111,-0.535,,,,tt0065580,39043,,https://www.wikidata.org/wiki/Q932608,https://www.wikidata.org/wiki/Q661896,Wikidata P915/P625/P6375/P577
Q2064212,血腥劇場,film,1973-03-16,Q84,伦敦,51.507222222,-0.1275,,,,tt0070791,28498,,https://www.wikidata.org/wiki/Q2064212,https://www.wikidata.org/wiki/Q84,Wikidata P915/P625/P6375/P577
Q5021551,行運一條龍,film,1963-04-04,Q661896,松木制片厂,51.548611111,-0.535,,,,tt0056897,108003,,https://www.wikidata.org/wiki/Q5021551,https://www.wikidata.org/wiki/Q661896,Wikidata P915/P625/P6375/P577
Q614787,被激怒的女人,film,2006-01-01,Q84,伦敦,51.507222222,-0.1275,,,,tt0458072,15986,,https://www.wikidata.org/wiki/Q614787,https://www.wikidata.org/wiki/Q84,Wikidata P915/P625/P6375/P577
Q3805533,親親我的愛,film,1995-01-01,Q661896,松木制片厂,51.548611111,-0.535,,,,tt0113448,2021,,https://www.wikidata.org/wiki/Q3805533,https://www.wikidata.org/wiki/Q661896,Wikidata P915/P625/P6375/P577
Q1515669,解剖外星人,film,2006-01-01,Q661896,松木制片厂,51.548611111,-0.535,,,,tt0466664,9773,,https://www.wikidata.org/wiki/Q1515669,https://www.wikidata.org/wiki/Q661896,Wikidata P915/P625/P6375/P577
Q7751512,諜海奇波,film,1963-01-01,Q661896,松木制片厂,51.548611111,-0.535,,,,tt0057311,51539,,https://www.wikidata.org/wiki/Q7751512,https://www.wikidata.org/wiki/Q661896,Wikidata P915/P625/P6375/P577
Q1170124,諜海群英會,film,1966-01-01,Q661896,松木制片厂,51.548611111,-0.535,,,,tt0060880,46041,,https://www.wikidata.org/wiki/Q1170124,https://www.wikidata.org/wiki/Q661896,Wikidata P915/P625/P6375/P577
Q3487486,諜海龍虎會,film,1972-07-23,Q661896,松木制片厂,51.548611111,-0.535,,,,tt0068742,96793,,https://www.wikidata.org/wiki/Q3487486,https://www.wikidata.org/wiki/Q661896,Wikidata P915/P625/P6375/P577
Q1195342,諜海龍虎鬥,film,1973-07-25,Q661896,松木制片厂,51.548611111,-0.535,,,,tt0070351,32627,,https://www.wikidata.org/wiki/Q1195342,https://www.wikidata.org/wiki/Q661896,Wikidata P915/P625/P6375/P577
Q3092,諜網亡魂,film,1953-12-10,Q16632523,Richmond Ice Rink,51.455,-0.3,,,,tt0046031,3014,,https://www.wikidata.org/wiki/Q3092,https://www.wikidata.org/wiki/Q16632523,Wikidata P915/P625/P6375/P577
Q7857875,護士春光,film,1962-01-01,Q661896,松木制片厂,51.548611111,-0.535,,,,tt0056621,105656,,https://www.wikidata.org/wiki/Q7857875,https://www.wikidata.org/wiki/Q661896,Wikidata P915/P625/P6375/P577
Q1049545,诸神之战,film,1981-01-01,Q661896,松木制片厂,51.548611111,-0.535,,,,tt0082186,10323,,https://www.wikidata.org/wiki/Q1049545,https://www.wikidata.org/wiki/Q661896,Wikidata P915/P625/P6375/P577
Q200672,诺丁山,film,1999-05-21,Q84,伦敦,51.507222222,-0.1275,,,,tt0125439,509,,https://www.wikidata.org/wiki/Q200672,https://www.wikidata.org/wiki/Q84,Wikidata P915/P625/P6375/P577
Q102754,诺博士,film,1962-01-01,Q661896,松木制片厂,51.548611111,-0.535,,,,tt0055928,646,,https://www.wikidata.org/wiki/Q102754,https://www.wikidata.org/wiki/Q661896,Wikidata P915/P625/P6375/P577
Q379873,谁陷害了兔子罗杰,film,1988-06-22,Q3410,赫特福德郡,51.9,-0.2,,,,tt0096438,856,,https://www.wikidata.org/wiki/Q379873,https://www.wikidata.org/wiki/Q3410,Wikidata P915/P625/P6375/P577
Q490632,谍海密码战,film,1966-01-01,Q661896,松木制片厂,51.548611111,-0.535,,,,tt0060121,23030,,https://www.wikidata.org/wiki/Q490632,https://www.wikidata.org/wiki/Q661896,Wikidata P915/P625/P6375/P577
Q288361,谍网惊魂,film,1959-01-01,Q661896,松木制片厂,51.548611111,-0.535,,,,tt0053354,25386,,https://www.wikidata.org/wiki/Q288361,https://www.wikidata.org/wiki/Q661896,Wikidata P915/P625/P6375/P577
Q288361,谍网惊魂,film,1959-01-01,Q23436,爱丁堡,55.953333333,-3.189166666,,,,tt0053354,25386,,https://www.wikidata.org/wiki/Q288361,https://www.wikidata.org/wiki/Q23436,Wikidata P915/P625/P6375/P577
Q272860,象人,film,1980-10-03,Q84,伦敦,51.507222222,-0.1275,,,,tt0080678,1955,,https://www.wikidata.org/wiki/Q272860,https://www.wikidata.org/wiki/Q84,Wikidata P915/P625/P6375/P577
Q508931,豪情三劍客,film,1993-11-12,Q937918,Charlestown,50.3314,-4.7578,,,,tt0108333,10057,,https://www.wikidata.org/wiki/Q508931,https://www.wikidata.org/wiki/Q937918,Wikidata P915/P625/P6375/P577
Q508931,豪情三劍客,film,1993-11-12,Q1212567,River Fowey,50.35,-4.633333333,,,,tt0108333,10057,,https://www.wikidata.org/wiki/Q508931,https://www.wikidata.org/wiki/Q1212567,Wikidata P915/P625/P6375/P577
Q901140,豺狼的日子,film,1973-01-01,Q216914,圣詹姆士公园,51.5025,-0.135,,,,tt0069947,4909,,https://www.wikidata.org/wiki/Q901140,https://www.wikidata.org/wiki/Q216914,Wikidata P915/P625/P6375/P577
Q901140,豺狼的日子,film,1973-01-01,Q1544344,大罗素街,51.5183,-0.126111,,,,tt0069947,4909,,https://www.wikidata.org/wiki/Q901140,https://www.wikidata.org/wiki/Q1544344,Wikidata P915/P625/P6375/P577
Q901140,豺狼的日子,film,1973-01-01,Q6373,大英博物馆,51.519444444,-0.126944444,"Great Russell St, Bloomsbury, London WC1B 3DG, UK",,,tt0069947,4909,,https://www.wikidata.org/wiki/Q901140,https://www.wikidata.org/wiki/Q6373,Wikidata P915/P625/P6375/P577
Q901140,豺狼的日子,film,1973-01-01,Q661896,松木制片厂,51.548611111,-0.535,,,,tt0069947,4909,,https://www.wikidata.org/wiki/Q901140,https://www.wikidata.org/wiki/Q661896,Wikidata P915/P625/P6375/P577
Q901140,豺狼的日子,film,1973-01-01,Q756819,河岸街,51.5114,-0.119,"Strand, London WC2",,,tt0069947,4909,,https://www.wikidata.org/wiki/Q901140,https://www.wikidata.org/wiki/Q756819,Wikidata P915/P625/P6375/P577
Q901140,豺狼的日子,film,1973-01-01,Q1070409,维多利亚堤岸,51.507222222,-0.121666666,,,,tt0069947,4909,,https://www.wikidata.org/wiki/Q901140,https://www.wikidata.org/wiki/Q1070409,Wikidata P915/P625/P6375/P577
Q901140,豺狼的日子,film,1973-01-01,Q184619,苏格兰场,51.50183,-0.12446,,,,tt0069947,4909,,https://www.wikidata.org/wiki/Q901140,https://www.wikidata.org/wiki/Q184619,Wikidata P915/P625/P6375/P577
Q901140,豺狼的日子,film,1973-01-01,Q1344889,萨默塞特府,51.511111111,-0.117777777,"Strand, London WC2R 1LA",,,tt0069947,4909,,https://www.wikidata.org/wiki/Q901140,https://www.wikidata.org/wiki/Q1344889,Wikidata P915/P625/P6375/P577
Q18758160,貨車裡的女人,film,2015-01-01,Q84,伦敦,51.507222222,-0.1275,,,,tt3722070,328589,,https://www.wikidata.org/wiki/Q18758160,https://www.wikidata.org/wiki/Q84,Wikidata P915/P625/P6375/P577
Q245271,贝隆夫人,film,1996-12-25,Q661896,松木制片厂,51.548611111,-0.535,,,,tt0116250,8818,,https://www.wikidata.org/wiki/Q245271,https://www.wikidata.org/wiki/Q661896,Wikidata P915/P625/P6375/P577
Q1360769,贵在真诚,film,1952-01-01,Q661896,松木制片厂,51.548611111,-0.535,,,,tt0044744,20324,,https://www.wikidata.org/wiki/Q1360769,https://www.wikidata.org/wiki/Q661896,Wikidata P915/P625/P6375/P577
Q903930,赤焰战场2,film,2013-07-18,Q84,伦敦,51.507222222,-0.1275,,,,tt1821694,146216,,https://www.wikidata.org/wiki/Q903930,https://www.wikidata.org/wiki/Q84,Wikidata P915/P625/P6375/P577
Q1141727,赤膽豪情,film,1995-01-01,Q22,苏格兰,57.0,-5.0,,,,tt0114287,11780,,https://www.wikidata.org/wiki/Q1141727,https://www.wikidata.org/wiki/Q22,Wikidata P915/P625/P6375/P577
Q47461719,赤裸朱丽叶,film,2018-08-17,Q84,伦敦,51.507222222,-0.1275,,,,tt5607096,458344,,https://www.wikidata.org/wiki/Q47461719,https://www.wikidata.org/wiki/Q84,Wikidata P915/P625/P6375/P577
Q1963079,赤裸裸,film,1993-01-01,Q84,伦敦,51.507222222,-0.1275,,,,tt0107653,21450,,https://www.wikidata.org/wiki/Q1963079,https://www.wikidata.org/wiki/Q84,Wikidata P915/P625/P6375/P577
Q332658,赦免的罪人,film,1978-01-01,Q661896,松木制片厂,51.548611111,-0.535,,,,tt0081975,77128,,https://www.wikidata.org/wiki/Q332658,https://www.wikidata.org/wiki/Q661896,Wikidata P915/P625/P6375/P577
Q7332466,起立欢呼,film,2010-01-01,Q84,伦敦,51.507222222,-0.1275,,,,tt1341795,66124,,https://www.wikidata.org/wiki/Q7332466,https://www.wikidata.org/wiki/Q84,Wikidata P915/P625/P6375/P577
Q284184,超世紀戰神,film,2011-10-26,Q84,伦敦,51.507222222,-0.1275,,,,tt1562871,41517,,https://www.wikidata.org/wiki/Q284184,https://www.wikidata.org/wiki/Q84,Wikidata P915/P625/P6375/P577
Q213053,超人,film,1978-12-10,Q661896,松木制片厂,51.548611111,-0.535,,,,tt0078346,1924,,https://www.wikidata.org/wiki/Q213053,https://www.wikidata.org/wiki/Q661896,Wikidata P915/P625/P6375/P577
Q1123006,超人IV：寻求和平,film,1987-07-24,Q661896,松木制片厂,51.548611111,-0.535,,,,tt0094074,11411,,https://www.wikidata.org/wiki/Q1123006,https://www.wikidata.org/wiki/Q661896,Wikidata P915/P625/P6375/P577
Q528095,超人第三集,film,1983-06-17,Q661896,松木制片厂,51.548611111,-0.535,,,,tt0086393,9531,,https://www.wikidata.org/wiki/Q528095,https://www.wikidata.org/wiki/Q661896,Wikidata P915/P625/P6375/P577
Q528095,超人第三集,film,1983-06-17,Q204234,米尔顿凯恩斯,52.033333333,-0.766666666,,,,tt0086393,9531,,https://www.wikidata.org/wiki/Q528095,https://www.wikidata.org/wiki/Q204234,Wikidata P915/P625/P6375/P577
Q267672,超人續集,film,1980-12-04,Q661896,松木制片厂,51.548611111,-0.535,,,,tt0081573,8536,,https://www.wikidata.org/wiki/Q267672,https://www.wikidata.org/wiki/Q661896,Wikidata P915/P625/P6375/P577
Q116921951,超少女,film,2026-06-22,Q84,伦敦,51.507222222,-0.1275,,,,tt8814476,1081003,,https://www.wikidata.org/wiki/Q116921951,https://www.wikidata.org/wiki/Q84,Wikidata P915/P625/P6375/P577
Q116921951,超少女,film,2026-06-22,Q19835,華納兄弟利維斯登製片廠,51.693333333,-0.419722222,,,,tt8814476,1081003,,https://www.wikidata.org/wiki/Q116921951,https://www.wikidata.org/wiki/Q19835,Wikidata P915/P625/P6375/P577
Q919135,超市夜未眠,film,2006-09-10,Q661896,松木制片厂,51.548611111,-0.535,,,,tt0460740,12225,,https://www.wikidata.org/wiki/Q919135,https://www.wikidata.org/wiki/Q661896,Wikidata P915/P625/P6375/P577
Q7370809,超級大老千,film,1980-01-01,Q661896,松木制片厂,51.548611111,-0.535,,,,tt0081439,49375,,https://www.wikidata.org/wiki/Q7370809,https://www.wikidata.org/wiki/Q661896,Wikidata P915/P625/P6375/P577
Q965085,跨世奇人,film,1994-01-01,Q661896,松木制片厂,51.548611111,-0.535,,,,tt0106379,46924,,https://www.wikidata.org/wiki/Q965085,https://www.wikidata.org/wiki/Q661896,Wikidata P915/P625/P6375/P577
Q18611353,跳出我天地音乐剧,film,2014-09-28,Q7926899,维多利亚宫剧院,51.496944444,-0.1425,"126 Victoria Street, London, SW1E 5EA, England",,,tt4085696,298931,,https://www.wikidata.org/wiki/Q18611353,https://www.wikidata.org/wiki/Q7926899,Wikidata P915/P625/P6375/P577
Q2259850,軍人魂,film,1964-01-01,Q661896,松木制片厂,51.548611111,-0.535,,,,tt0058166,64158,,https://www.wikidata.org/wiki/Q2259850,https://www.wikidata.org/wiki/Q661896,Wikidata P915/P625/P6375/P577
Q492903,輪渡香港,film,1959-01-01,Q661896,松木制片厂,51.548611111,-0.535,,,,tt0052799,85800,,https://www.wikidata.org/wiki/Q492903,https://www.wikidata.org/wiki/Q661896,Wikidata P915/P625/P6375/P577
Q6548422,轻轻摇晃,film,2014-01-16,Q84,伦敦,51.507222222,-0.1275,,,,tt2560102,248212,,https://www.wikidata.org/wiki/Q6548422,https://www.wikidata.org/wiki/Q84,Wikidata P915/P625/P6375/P577
Q3495081,辛巴,film,1955-01-01,Q661896,松木制片厂,51.548611111,-0.535,,,,tt0048620,76119,,https://www.wikidata.org/wiki/Q3495081,https://www.wikidata.org/wiki/Q661896,Wikidata P915/P625/P6375/P577
Q160560,达芬奇密码,film,2006-05-17,Q245247,伦敦国王学院,51.511944444,-0.116111111,"King's College London, James Clark Maxwell Building, 57 Waterloo Road, London, SE1 8WA",,,tt0382625,591,,https://www.wikidata.org/wiki/Q160560,https://www.wikidata.org/wiki/Q245247,Wikidata P915/P625/P6375/P577
Q160560,达芬奇密码,film,2006-05-17,Q1015079,伯利莊園,52.6425,-0.453056,"Burghley House, Stamford PE9 3JY",,,tt0382625,591,,https://www.wikidata.org/wiki/Q160560,https://www.wikidata.org/wiki/Q1015079,Wikidata P915/P625/P6375/P577
Q160560,达芬奇密码,film,2006-05-17,Q390169,林肯座堂,53.234444,-0.536111,,,,tt0382625,591,,https://www.wikidata.org/wiki/Q160560,https://www.wikidata.org/wiki/Q390169,Wikidata P915/P625/P6375/P577
Q160560,达芬奇密码,film,2006-05-17,Q476529,温彻斯特座堂,51.060722,-1.313333,,,,tt0382625,591,,https://www.wikidata.org/wiki/Q160560,https://www.wikidata.org/wiki/Q476529,Wikidata P915/P625/P6375/P577
Q160560,达芬奇密码,film,2006-05-17,Q49642,罗斯林教堂,55.8554,-3.1599,,,,tt0382625,591,,https://www.wikidata.org/wiki/Q160560,https://www.wikidata.org/wiki/Q49642,Wikidata P915/P625/P6375/P577
Q160560,达芬奇密码,film,2006-05-17,Q4545538,艾伯特·布洛克里的007舞台,51.55,-0.535,,,,tt0382625,591,,https://www.wikidata.org/wiki/Q160560,https://www.wikidata.org/wiki/Q4545538,Wikidata P915/P625/P6375/P577
Q160560,达芬奇密码,film,2006-05-17,Q816295,貝爾沃城堡,52.8945,-0.78256,"Belvoir Castle, Grantham, Leicestershire, NG32 1PE",,,tt0382625,591,,https://www.wikidata.org/wiki/Q160560,https://www.wikidata.org/wiki/Q816295,Wikidata P915/P625/P6375/P577
Q12100227,迷失1971,film,2014-02-07,Q21,英格兰,53.0,-1.0,,,,tt2614684,252178,,https://www.wikidata.org/wiki/Q12100227,https://www.wikidata.org/wiki/Q21,Wikidata P915/P625/P6375/P577
Q109135,迷幻列車,film,1996-01-01,Q1331574,42塔,51.515277777,-0.083888888,"25 Old Broad Street, City of London London ENG United Kingdom",,,tt0117951,627,,https://www.wikidata.org/wiki/Q109135,https://www.wikidata.org/wiki/Q1331574,Wikidata P915/P625/P6375/P577
Q109135,迷幻列車,film,1996-01-01,Q27704202,Calton Road,55.953156,-3.186957,,,,tt0117951,627,,https://www.wikidata.org/wiki/Q109135,https://www.wikidata.org/wiki/Q27704202,Wikidata P915/P625/P6375/P577
Q109135,迷幻列車,film,1996-01-01,Q1900452,Corrour火車站,56.7602,-4.6907,,,,tt0117951,627,,https://www.wikidata.org/wiki/Q109135,https://www.wikidata.org/wiki/Q1900452,Wikidata P915/P625/P6375/P577
Q109135,迷幻列車,film,1996-01-01,Q27704263,Hanover Street,55.953799,-3.197426,,,,tt0117951,627,,https://www.wikidata.org/wiki/Q109135,https://www.wikidata.org/wiki/Q27704263,Wikidata P915/P625/P6375/P577
Q109135,迷幻列車,film,1996-01-01,Q84,伦敦,51.507222222,-0.1275,,,,tt0117951,627,,https://www.wikidata.org/wiki/Q109135,https://www.wikidata.org/wiki/Q84,Wikidata P915/P625/P6375/P577
Q109135,迷幻列車,film,1996-01-01,Q1814818,劳埃德大厦,51.513055555,-0.0825,,,,tt0117951,627,,https://www.wikidata.org/wiki/Q109135,https://www.wikidata.org/wiki/Q1814818,Wikidata P915/P625/P6375/P577
Q109135,迷幻列車,film,1996-01-01,Q526804,威靈頓拱門,51.5025,-0.150833333,,,,tt0117951,627,,https://www.wikidata.org/wiki/Q109135,https://www.wikidata.org/wiki/Q526804,Wikidata P915/P625/P6375/P577
Q109135,迷幻列車,film,1996-01-01,Q4093,格拉斯哥,55.861111111,-4.25,,,,tt0117951,627,,https://www.wikidata.org/wiki/Q109135,https://www.wikidata.org/wiki/Q4093,Wikidata P915/P625/P6375/P577
Q109135,迷幻列車,film,1996-01-01,Q501003,滑铁卢桥,51.508611111,-0.116944444,,,,tt0117951,627,,https://www.wikidata.org/wiki/Q109135,https://www.wikidata.org/wiki/Q501003,Wikidata P915/P625/P6375/P577
Q109135,迷幻列車,film,1996-01-01,Q23436,爱丁堡,55.953333333,-3.189166666,,,,tt0117951,627,,https://www.wikidata.org/wiki/Q109135,https://www.wikidata.org/wiki/Q23436,Wikidata P915/P625/P6375/P577
Q109135,迷幻列車,film,1996-01-01,Q1548664,王子街,55.951313888,-3.200877777,,,,tt0117951,627,,https://www.wikidata.org/wiki/Q109135,https://www.wikidata.org/wiki/Q1548664,Wikidata P915/P625/P6375/P577
Q109135,迷幻列車,film,1996-01-01,Q1419068,菲希尔球场,55.881556,-4.269639,,,,tt0117951,627,,https://www.wikidata.org/wiki/Q109135,https://www.wikidata.org/wiki/Q1419068,Wikidata P915/P625/P6375/P577
Q1536361,迷幻屋,film,1998-01-01,Q23436,爱丁堡,55.953333333,-3.189166666,,,,tt0122515,12229,,https://www.wikidata.org/wiki/Q1536361,https://www.wikidata.org/wiki/Q23436,Wikidata P915/P625/P6375/P577
Q1165415,迷惘十六年,film,2003-01-01,Q23436,爱丁堡,55.953333333,-3.189166666,,,,tt0331338,29656,,https://www.wikidata.org/wiki/Q1165415,https://www.wikidata.org/wiki/Q23436,Wikidata P915/P625/P6375/P577
Q213683,迷牆,film,1982-05-23,Q661896,松木制片厂,51.548611111,-0.535,,,,tt0084503,12104,,https://www.wikidata.org/wiki/Q213683,https://www.wikidata.org/wiki/Q661896,Wikidata P915/P625/P6375/P577
Q685817,追随,film,1998-04-24,Q84,伦敦,51.507222222,-0.1275,,,,tt0154506,11660,,https://www.wikidata.org/wiki/Q685817,https://www.wikidata.org/wiki/Q84,Wikidata P915/P625/P6375/P577
Q224926,逃脱者,film,1957-01-01,Q661896,松木制片厂,51.548611111,-0.535,,,,tt0050803,64735,,https://www.wikidata.org/wiki/Q224926,https://www.wikidata.org/wiki/Q661896,Wikidata P915/P625/P6375/P577
Q16978719,這個夏天的秘密,film,2014-01-01,Q22,苏格兰,57.0,-5.0,,,,tt2725962,276843,,https://www.wikidata.org/wiki/Q16978719,https://www.wikidata.org/wiki/Q22,Wikidata P915/P625/P6375/P577
Q112054756,這裡,film,2024-10-25,Q84,伦敦,51.507222222,-0.1275,,,,tt18272208,940139,,https://www.wikidata.org/wiki/Q112054756,https://www.wikidata.org/wiki/Q84,Wikidata P915/P625/P6375/P577
Q27566067,通勤营救,film,2018-01-08,Q84,伦敦,51.507222222,-0.1275,,,,tt1590193,399035,,https://www.wikidata.org/wiki/Q27566067,https://www.wikidata.org/wiki/Q84,Wikidata P915/P625/P6375/P577
Q27566067,通勤营救,film,2018-01-08,Q661896,松木制片厂,51.548611111,-0.535,,,,tt1590193,399035,,https://www.wikidata.org/wiki/Q27566067,https://www.wikidata.org/wiki/Q661896,Wikidata P915/P625/P6375/P577
Q65924974,逝者如歌,film,2019-01-01,Q84,伦敦,51.507222222,-0.1275,,,,tt1657517,617768,,https://www.wikidata.org/wiki/Q65924974,https://www.wikidata.org/wiki/Q84,Wikidata P915/P625/P6375/P577
Q5516100,速度与激情6,film,2013-05-24,Q84,伦敦,51.507222222,-0.1275,,,,tt1905041,82992,,https://www.wikidata.org/wiki/Q5516100,https://www.wikidata.org/wiki/Q84,Wikidata P915/P625/P6375/P577
Q7731009,造衣者,film,1988-01-01,Q661896,松木制片厂,51.548611111,-0.535,,,,tt0095066,123608,,https://www.wikidata.org/wiki/Q7731009,https://www.wikidata.org/wiki/Q661896,Wikidata P915/P625/P6375/P577
Q125622191,週四謀殺俱樂部,film,2025-08-28,Q812906,比肯斯菲尔特,51.600872222,-0.634680555,,,,tt12001534,744653,,https://www.wikidata.org/wiki/Q125622191,https://www.wikidata.org/wiki/Q812906,Wikidata P915/P625/P6375/P577
Q794138,週末狂歡,film,1999-01-01,Q117763314,St Mary Street,51.4776,-3.1775,,,,tt0188674,11129,,https://www.wikidata.org/wiki/Q794138,https://www.wikidata.org/wiki/Q117763314,Wikidata P915/P625/P6375/P577
Q794138,週末狂歡,film,1999-01-01,Q10690,加地夫,51.481666666,-3.179166666,,,,tt0188674,11129,,https://www.wikidata.org/wiki/Q794138,https://www.wikidata.org/wiki/Q10690,Wikidata P915/P625/P6375/P577
Q7847564,遊艇艷史,film,1957-01-01,Q661896,松木制片厂,51.548611111,-0.535,,,,tt0049886,470423,,https://www.wikidata.org/wiki/Q7847564,https://www.wikidata.org/wiki/Q661896,Wikidata P915/P625/P6375/P577
Q52559148,達利：慾望之謎,film,2022-09-17,Q24826,利物浦,53.407222222,-2.991666666,,,,tt8399658,522925,,https://www.wikidata.org/wiki/Q52559148,https://www.wikidata.org/wiki/Q24826,Wikidata P915/P625/P6375/P577
Q3423109,遗言,film,2001-09-10,Q661896,松木制片厂,51.548611111,-0.535,,,,tt0253200,14778,,https://www.wikidata.org/wiki/Q3423109,https://www.wikidata.org/wiki/Q661896,Wikidata P915/P625/P6375/P577
Q2079954,遠大前程,film,2012-09-11,Q84,伦敦,51.507222222,-0.1275,,,,tt1836808,121674,,https://www.wikidata.org/wiki/Q2079954,https://www.wikidata.org/wiki/Q84,Wikidata P915/P625/P6375/P577
Q15527055,遠離塵囂：珍愛相隨,film,2015-01-01,Q84,伦敦,51.507222222,-0.1275,,,,tt2935476,250734,,https://www.wikidata.org/wiki/Q15527055,https://www.wikidata.org/wiki/Q84,Wikidata P915/P625/P6375/P577
Q15527055,遠離塵囂：珍愛相隨,film,2015-01-01,Q23169,牛津郡,51.75,-1.28,,,,tt2935476,250734,,https://www.wikidata.org/wiki/Q15527055,https://www.wikidata.org/wiki/Q23169,Wikidata P915/P625/P6375/P577
Q2058578,邊境音暴,film,1990-01-01,Q21,英格兰,53.0,-1.0,,,,tt0100692,112785,,https://www.wikidata.org/wiki/Q2058578,https://www.wikidata.org/wiki/Q21,Wikidata P915/P625/P6375/P577
Q125495342,重裝制裁,film,2025-03-26,Q84,伦敦,51.507222222,-0.1275,,,,tt9150192,1197306,,https://www.wikidata.org/wiki/Q125495342,https://www.wikidata.org/wiki/Q84,Wikidata P915/P625/P6375/P577
Q116971739,重返行動,film,2025-01-17,Q84,伦敦,51.507222222,-0.1275,,,,tt21191806,993710,,https://www.wikidata.org/wiki/Q116971739,https://www.wikidata.org/wiki/Q84,Wikidata P915/P625/P6375/P577
Q3285136,野人传奇,film,2005-01-01,Q23436,爱丁堡,55.953333333,-3.189166666,,,,tt0397530,10087,,https://www.wikidata.org/wiki/Q3285136,https://www.wikidata.org/wiki/Q23436,Wikidata P915/P625/P6375/P577
Q48674188,野兽,film,2017-09-09,Q785,泽西,49.19,-2.11,,,,tt5628302,470918,,https://www.wikidata.org/wiki/Q48674188,https://www.wikidata.org/wiki/Q785,Wikidata P915/P625/P6375/P577
Q2813808,野蠻比爾,film,2011-01-01,Q2220704,伦敦东部,51.55,0.1,,,,tt1795702,86593,,https://www.wikidata.org/wiki/Q2813808,https://www.wikidata.org/wiki/Q2220704,Wikidata P915/P625/P6375/P577
Q2813808,野蠻比爾,film,2011-01-01,Q9679,怀特岛郡,50.7,-1.3,,,,tt1795702,86593,,https://www.wikidata.org/wiki/Q2813808,https://www.wikidata.org/wiki/Q9679,Wikidata P915/P625/P6375/P577
Q2813808,野蠻比爾,film,2011-01-01,Q676136,斯特拉特福德,51.5423,-0.002561111,,,,tt1795702,86593,,https://www.wikidata.org/wiki/Q2813808,https://www.wikidata.org/wiki/Q676136,Wikidata P915/P625/P6375/P577
Q876851,金刚钻,film,1999-01-01,Q661896,松木制片厂,51.548611111,-0.535,,,,tt0167423,35118,,https://www.wikidata.org/wiki/Q876851,https://www.wikidata.org/wiki/Q661896,Wikidata P915/P625/P6375/P577
Q15068238,金牌特務,film,2014-01-01,Q84,伦敦,51.507222222,-0.1275,,,,tt2802144,207703,,https://www.wikidata.org/wiki/Q15068238,https://www.wikidata.org/wiki/Q84,Wikidata P915/P625/P6375/P577
Q15068238,金牌特務,film,2014-01-01,Q3410,赫特福德郡,51.9,-0.2,,,,tt2802144,207703,,https://www.wikidata.org/wiki/Q15068238,https://www.wikidata.org/wiki/Q3410,Wikidata P915/P625/P6375/P577
Q966003,金矿,film,1974-09-05,Q661896,松木制片厂,51.548611111,-0.535,,,,tt0071566,47737,,https://www.wikidata.org/wiki/Q966003,https://www.wikidata.org/wiki/Q661896,Wikidata P915/P625/P6375/P577
Q1774070,金色情挑,film,2000-05-14,Q661896,松木制片厂,51.548611111,-0.535,,,,tt0200669,29946,,https://www.wikidata.org/wiki/Q1774070,https://www.wikidata.org/wiki/Q661896,Wikidata P915/P625/P6375/P577
Q4420282,銀翼追擊,film,1992-01-01,Q84,伦敦,51.507222222,-0.1275,,,,tt0103848,46270,,https://www.wikidata.org/wiki/Q4420282,https://www.wikidata.org/wiki/Q84,Wikidata P915/P625/P6375/P577
Q388288,錯有錯著,film,1960-01-01,Q661896,松木制片厂,51.548611111,-0.535,,,,tt0053683,14116,,https://www.wikidata.org/wiki/Q388288,https://www.wikidata.org/wiki/Q661896,Wikidata P915/P625/P6375/P577
Q14833945,鎖命橫財,film,2014-01-01,Q84,伦敦,51.507222222,-0.1275,,,,tt1361318,262338,,https://www.wikidata.org/wiki/Q14833945,https://www.wikidata.org/wiki/Q84,Wikidata P915/P625/P6375/P577
Q693747,鐵勒瑪九壯士,film,1965-01-01,Q661896,松木制片厂,51.548611111,-0.535,,,,tt0059263,16850,,https://www.wikidata.org/wiki/Q693747,https://www.wikidata.org/wiki/Q661896,Wikidata P915/P625/P6375/P577
Q3230815,鐵血勤王,film,1955-01-01,Q639208,波定堡,51.00226,0.54353,,,,tt0048528,76231,,https://www.wikidata.org/wiki/Q3230815,https://www.wikidata.org/wiki/Q639208,Wikidata P915/P625/P6375/P577
Q27204,鐵金剛勇破黑魔黨,film,1973-01-01,Q661896,松木制片厂,51.548611111,-0.535,,,,tt0070328,253,,https://www.wikidata.org/wiki/Q27204,https://www.wikidata.org/wiki/Q661896,Wikidata P915/P625/P6375/P577
Q1150930,铁甲衣,film,2011-03-04,Q25,威尔士,52.35,-3.633333333,,,,tt1233301,38543,,https://www.wikidata.org/wiki/Q1150930,https://www.wikidata.org/wiki/Q25,Wikidata P915/P625/P6375/P577
Q1320416,铁血精英,film,2011-09-23,Q4667189,Aberthaw,51.391,-3.3885,,,,tt1448755,49021,,https://www.wikidata.org/wiki/Q1320416,https://www.wikidata.org/wiki/Q4667189,Wikidata P915/P625/P6375/P577
Q1320416,铁血精英,film,2011-09-23,Q10690,加地夫,51.481666666,-3.179166666,,,,tt1448755,49021,,https://www.wikidata.org/wiki/Q1320416,https://www.wikidata.org/wiki/Q10690,Wikidata P915/P625/P6375/P577
Q1320416,铁血精英,film,2011-09-23,Q904522,布雷肯比肯斯,51.883333333,-3.433333333,,,,tt1448755,49021,,https://www.wikidata.org/wiki/Q1320416,https://www.wikidata.org/wiki/Q904522,Wikidata P915/P625/P6375/P577
Q332368,铁金刚勇战大狂魔,film,1985-01-01,Q661896,松木制片厂,51.548611111,-0.535,,,,tt0090264,707,,https://www.wikidata.org/wiki/Q332368,https://www.wikidata.org/wiki/Q661896,Wikidata P915/P625/P6375/P577
Q334780,铁金刚勇破太空城,film,1979-01-01,Q661896,松木制片厂,51.548611111,-0.535,,,,tt0079574,698,,https://www.wikidata.org/wiki/Q334780,https://www.wikidata.org/wiki/Q661896,Wikidata P915/P625/P6375/P577
Q320423,铁金刚勇破海底城,film,1977-01-01,Q661896,松木制片厂,51.548611111,-0.535,,,,tt0076752,691,,https://www.wikidata.org/wiki/Q320423,https://www.wikidata.org/wiki/Q661896,Wikidata P915/P625/P6375/P577
Q332330,铁金刚勇破海龙帮,film,1981-01-01,Q84,伦敦,51.507222222,-0.1275,,,,tt0082398,699,,https://www.wikidata.org/wiki/Q332330,https://www.wikidata.org/wiki/Q84,Wikidata P915/P625/P6375/P577
Q332330,铁金刚勇破海龙帮,film,1981-01-01,Q661896,松木制片厂,51.548611111,-0.535,,,,tt0082398,699,,https://www.wikidata.org/wiki/Q332330,https://www.wikidata.org/wiki/Q661896,Wikidata P915/P625/P6375/P577
Q107761,铁金刚勇破火箭岭,film,1967-01-01,Q661896,松木制片厂,51.548611111,-0.535,,,,tt0062512,667,,https://www.wikidata.org/wiki/Q107761,https://www.wikidata.org/wiki/Q661896,Wikidata P915/P625/P6375/P577
Q107761,铁金刚勇破火箭岭,film,1967-01-01,Q1410,直布罗陀,36.14,-5.35,,,,tt0062512,667,,https://www.wikidata.org/wiki/Q107761,https://www.wikidata.org/wiki/Q1410,Wikidata P915/P625/P6375/P577
Q204398,铁金刚勇破爆炸党,film,1983-01-01,Q84,伦敦,51.507222222,-0.1275,,,,tt0086034,700,,https://www.wikidata.org/wiki/Q204398,https://www.wikidata.org/wiki/Q84,Wikidata P915/P625/P6375/P577
Q204398,铁金刚勇破爆炸党,film,1983-01-01,Q661896,松木制片厂,51.548611111,-0.535,,,,tt0086034,700,,https://www.wikidata.org/wiki/Q204398,https://www.wikidata.org/wiki/Q661896,Wikidata P915/P625/P6375/P577
Q107914,铁金刚勇破钻石党,film,1971-01-01,Q84,伦敦,51.507222222,-0.1275,,,,tt0066995,681,,https://www.wikidata.org/wiki/Q107914,https://www.wikidata.org/wiki/Q84,Wikidata P915/P625/P6375/P577
Q107914,铁金刚勇破钻石党,film,1971-01-01,Q661896,松木制片厂,51.548611111,-0.535,,,,tt0066995,681,,https://www.wikidata.org/wiki/Q107914,https://www.wikidata.org/wiki/Q661896,Wikidata P915/P625/P6375/P577
Q107894,铁金刚勇破雪山堡,film,1969-01-01,Q661896,松木制片厂,51.548611111,-0.535,,,,tt0064757,668,,https://www.wikidata.org/wiki/Q107894,https://www.wikidata.org/wiki/Q661896,Wikidata P915/P625/P6375/P577
Q107724,铁金刚勇破魔鬼党,film,1965-01-01,Q661896,松木制片厂,51.548611111,-0.535,,,,tt0059800,660,,https://www.wikidata.org/wiki/Q107724,https://www.wikidata.org/wiki/Q661896,Wikidata P915/P625/P6375/P577
Q272064,铁金刚大战特务飞龙,film,1987-01-01,Q661896,松木制片厂,51.548611111,-0.535,,,,tt0093428,708,,https://www.wikidata.org/wiki/Q272064,https://www.wikidata.org/wiki/Q661896,Wikidata P915/P625/P6375/P577
Q272064,铁金刚大战特务飞龙,film,1987-01-01,Q1410,直布罗陀,36.14,-5.35,,,,tt0093428,708,,https://www.wikidata.org/wiki/Q272064,https://www.wikidata.org/wiki/Q1410,Wikidata P915/P625/P6375/P577
Q106440,铁金刚大战金手指,film,1964-09-17,Q84,伦敦,51.507222222,-0.1275,,,,tt0058150,658,,https://www.wikidata.org/wiki/Q106440,https://www.wikidata.org/wiki/Q84,Wikidata P915/P625/P6375/P577
Q106440,铁金刚大战金手指,film,1964-09-17,Q661896,松木制片厂,51.548611111,-0.535,,,,tt0058150,658,,https://www.wikidata.org/wiki/Q106440,https://www.wikidata.org/wiki/Q661896,Wikidata P915/P625/P6375/P577
Q309289,铁金刚大战金枪客,film,1974-01-01,Q661896,松木制片厂,51.548611111,-0.535,,,,tt0071807,682,,https://www.wikidata.org/wiki/Q309289,https://www.wikidata.org/wiki/Q661896,Wikidata P915/P625/P6375/P577
Q646389,铁钩船长,film,1991-12-11,Q84,伦敦,51.507222222,-0.1275,,,,tt0102057,879,,https://www.wikidata.org/wiki/Q646389,https://www.wikidata.org/wiki/Q84,Wikidata P915/P625/P6375/P577
Q5887360,银河护卫队,film,2014-07-31,Q84,伦敦,51.507222222,-0.1275,,,,tt2015381,118340,,https://www.wikidata.org/wiki/Q5887360,https://www.wikidata.org/wiki/Q84,Wikidata P915/P625/P6375/P577
Q5887360,银河护卫队,film,2014-07-31,Q1814818,劳埃德大厦,51.513055555,-0.0825,,,,tt2015381,118340,,https://www.wikidata.org/wiki/Q5887360,https://www.wikidata.org/wiki/Q1814818,Wikidata P915/P625/P6375/P577
Q5887360,银河护卫队,film,2014-07-31,Q44057,千禧橋,51.510173,-0.098438,,,,tt2015381,118340,,https://www.wikidata.org/wiki/Q5887360,https://www.wikidata.org/wiki/Q44057,Wikidata P915/P625/P6375/P577
Q5887360,银河护卫队,film,2014-07-31,Q6673670,朗克羅斯製片廠,51.3817,-0.592833,,,,tt2015381,118340,,https://www.wikidata.org/wiki/Q5887360,https://www.wikidata.org/wiki/Q6673670,Wikidata P915/P625/P6375/P577
Q681962,锅匠 裁缝 士兵 间谍,film,2011-09-05,Q19874551,Inglis Barracks,51.613,-0.21267,,,,tt1340800,49517,,https://www.wikidata.org/wiki/Q681962,https://www.wikidata.org/wiki/Q19874551,Wikidata P915/P625/P6375/P577
Q681962,锅匠 裁缝 士兵 间谍,film,2011-09-05,Q84,伦敦,51.507222222,-0.1275,,,,tt1340800,49517,,https://www.wikidata.org/wiki/Q681962,https://www.wikidata.org/wiki/Q84,Wikidata P915/P625/P6375/P577
Q681962,锅匠 裁缝 士兵 间谍,film,2011-09-05,Q124129,克拉肯韦尔区,51.526,-0.103475,,,,tt1340800,49517,,https://www.wikidata.org/wiki/Q681962,https://www.wikidata.org/wiki/Q124129,Wikidata P915/P625/P6375/P577
Q681962,锅匠 裁缝 士兵 间谍,film,2011-09-05,Q4930882,布萊思之家,51.4964,-0.2135,,,,tt1340800,49517,,https://www.wikidata.org/wiki/Q681962,https://www.wikidata.org/wiki/Q4930882,Wikidata P915/P625/P6375/P577
Q681962,锅匠 裁缝 士兵 间谍,film,2011-09-05,Q213322,维多利亚和阿尔伯特博物馆,51.49685,-0.17162,Cromwell Gardens,,,tt1340800,49517,,https://www.wikidata.org/wiki/Q681962,https://www.wikidata.org/wiki/Q213322,Wikidata P915/P625/P6375/P577
Q1580616,間諜嬉春,film,1964-01-01,Q661896,松木制片厂,51.548611111,-0.535,,,,tt0057920,32109,,https://www.wikidata.org/wiki/Q1580616,https://www.wikidata.org/wiki/Q661896,Wikidata P915/P625/P6375/P577
Q826494,闪亮的风采,film,1996-01-21,Q84,伦敦,51.507222222,-0.1275,,,,tt0117631,7863,,https://www.wikidata.org/wiki/Q826494,https://www.wikidata.org/wiki/Q84,Wikidata P915/P625/P6375/P577
Q186341,闪灵,film,1980-01-01,Q661896,松木制片厂,51.548611111,-0.535,,,,tt0081505,694,,https://www.wikidata.org/wiki/Q186341,https://www.wikidata.org/wiki/Q661896,Wikidata P915/P625/P6375/P577
Q186341,闪灵,film,1980-01-01,Q3410,赫特福德郡,51.9,-0.2,,,,tt0081505,694,,https://www.wikidata.org/wiki/Q186341,https://www.wikidata.org/wiki/Q3410,Wikidata P915/P625/P6375/P577
Q1049139,间谍游戏,film,2001-11-19,Q1814818,劳埃德大厦,51.513055555,-0.0825,,,,tt0266987,1535,,https://www.wikidata.org/wiki/Q1049139,https://www.wikidata.org/wiki/Q1814818,Wikidata P915/P625/P6375/P577
Q1049139,间谍游戏,film,2001-11-19,Q739341,摄政公园,51.532222222,-0.156666666,,,,tt0266987,1535,,https://www.wikidata.org/wiki/Q1049139,https://www.wikidata.org/wiki/Q739341,Wikidata P915/P625/P6375/P577
Q1049139,间谍游戏,film,2001-11-19,Q2600886,牛津城堡,51.7518,-1.26248,,,,tt0266987,1535,,https://www.wikidata.org/wiki/Q1049139,https://www.wikidata.org/wiki/Q2600886,Wikidata P915/P625/P6375/P577
Q402645,阿尔菲,film,1966-03-29,Q84,伦敦,51.507222222,-0.1275,,,,tt0060086,15598,,https://www.wikidata.org/wiki/Q402645,https://www.wikidata.org/wiki/Q84,Wikidata P915/P625/P6375/P577
Q1356395,阿尔菲,film,2004-01-01,Q661896,松木制片厂,51.548611111,-0.535,,,,tt0375173,8849,,https://www.wikidata.org/wiki/Q1356395,https://www.wikidata.org/wiki/Q661896,Wikidata P915/P625/P6375/P577
Q27188178,阿拉丁,film,2019-05-22,Q2753711,Arborfield,51.401,-0.916,,,,tt6139732,420817,,https://www.wikidata.org/wiki/Q27188178,https://www.wikidata.org/wiki/Q2753711,Wikidata P915/P625/P6375/P577
Q27188178,阿拉丁,film,2019-05-22,Q6673670,朗克羅斯製片廠,51.3817,-0.592833,,,,tt6139732,420817,,https://www.wikidata.org/wiki/Q27188178,https://www.wikidata.org/wiki/Q6673670,Wikidata P915/P625/P6375/P577
Q228186,阿拉伯的劳伦斯,film,1962-01-01,Q84,伦敦,51.507222222,-0.1275,,,,tt0056172,947,,https://www.wikidata.org/wiki/Q228186,https://www.wikidata.org/wiki/Q84,Wikidata P915/P625/P6375/P577
Q112865900,陰間大法師 BEETLEJUICE,film,2024-08-28,Q1616487,Preston,51.909014,-0.285301,,,,tt2049403,917496,,https://www.wikidata.org/wiki/Q112865900,https://www.wikidata.org/wiki/Q1616487,Wikidata P915/P625/P6375/P577
Q112865900,陰間大法師 BEETLEJUICE,film,2024-08-28,Q84,伦敦,51.507222222,-0.1275,,,,tt2049403,917496,,https://www.wikidata.org/wiki/Q112865900,https://www.wikidata.org/wiki/Q84,Wikidata P915/P625/P6375/P577
Q3509730,隱密的房間,film,1949-01-01,Q661896,松木制片厂,51.548611111,-0.535,,,,tt0041460,35852,,https://www.wikidata.org/wiki/Q3509730,https://www.wikidata.org/wiki/Q661896,Wikidata P915/P625/P6375/P577
Q936037,雌雄莫辩,film,1982-03-16,Q661896,松木制片厂,51.548611111,-0.535,,,,tt0084865,12614,,https://www.wikidata.org/wiki/Q936037,https://www.wikidata.org/wiki/Q661896,Wikidata P915/P625/P6375/P577
Q470624,雙面情人,film,1998-01-01,Q84,伦敦,51.507222222,-0.1275,,,,tt0120148,10215,,https://www.wikidata.org/wiki/Q470624,https://www.wikidata.org/wiki/Q84,Wikidata P915/P625/P6375/P577
Q470624,雙面情人,film,1998-01-01,Q661896,松木制片厂,51.548611111,-0.535,,,,tt0120148,10215,,https://www.wikidata.org/wiki/Q470624,https://www.wikidata.org/wiki/Q661896,Wikidata P915/P625/P6375/P577
Q7775526,雜技團血淚史,film,1955-01-01,Q661896,松木制片厂,51.548611111,-0.535,,,,tt0048810,395360,,https://www.wikidata.org/wiki/Q7775526,https://www.wikidata.org/wiki/Q661896,Wikidata P915/P625/P6375/P577
Q28465803,離經叛愛,film,2017-09-10,Q149787,亨頓,51.5837,-0.2252,,,,tt6108178,419743,,https://www.wikidata.org/wiki/Q28465803,https://www.wikidata.org/wiki/Q149787,Wikidata P915/P625/P6375/P577
Q206576,雨果,film,2011-10-10,Q84,伦敦,51.507222222,-0.1275,,,,tt0970179,44826,,https://www.wikidata.org/wiki/Q206576,https://www.wikidata.org/wiki/Q84,Wikidata P915/P625/P6375/P577
Q1524596,雪場女孩,film,2011-01-01,Q84,伦敦,51.507222222,-0.1275,,,,tt1487118,58232,,https://www.wikidata.org/wiki/Q1524596,https://www.wikidata.org/wiki/Q84,Wikidata P915/P625/P6375/P577
Q2137376,雪海冰上人,film,1960-01-01,Q661896,松木制片厂,51.548611111,-0.535,,,,tt0053244,94393,,https://www.wikidata.org/wiki/Q2137376,https://www.wikidata.org/wiki/Q661896,Wikidata P915/P625/P6375/P577
Q19573620,零号病人,film,2018-08-14,Q84,伦敦,51.507222222,-0.1275,,,,tt3458254,295011,,https://www.wikidata.org/wiki/Q19573620,https://www.wikidata.org/wiki/Q84,Wikidata P915/P625/P6375/P577
Q204514,雷公彈,film,1974-09-25,Q661896,松木制片厂,51.548611111,-0.535,,,,tt0071706,29805,,https://www.wikidata.org/wiki/Q204514,https://www.wikidata.org/wiki/Q661896,Wikidata P915/P625/P6375/P577
Q1201853,雷神2,film,2013-10-31,Q84,伦敦,51.507222222,-0.1275,,,,tt1981115,76338,,https://www.wikidata.org/wiki/Q1201853,https://www.wikidata.org/wiki/Q84,Wikidata P915/P625/P6375/P577
Q1201853,雷神2,film,2013-10-31,Q23276,萨里郡,51.25,-0.45,,,,tt1981115,76338,,https://www.wikidata.org/wiki/Q1201853,https://www.wikidata.org/wiki/Q23276,Wikidata P915/P625/P6375/P577
Q1506377,雷鳥神機隊,film,2004-07-14,Q84,伦敦,51.507222222,-0.1275,,,,tt0167456,14623,,https://www.wikidata.org/wiki/Q1506377,https://www.wikidata.org/wiki/Q84,Wikidata P915/P625/P6375/P577
Q1506377,雷鳥神機隊,film,2004-07-14,Q661896,松木制片厂,51.548611111,-0.535,,,,tt0167456,14623,,https://www.wikidata.org/wiki/Q1506377,https://www.wikidata.org/wiki/Q661896,Wikidata P915/P625/P6375/P577
Q195710,電光飛鏢俠 (1983年電影),film,1983-01-01,Q661896,松木制片厂,51.548611111,-0.535,,,,tt0085811,849,,https://www.wikidata.org/wiki/Q195710,https://www.wikidata.org/wiki/Q661896,Wikidata P915/P625/P6375/P577
Q1628298,電擊療法,film,1981-08-20,Q84,伦敦,51.507222222,-0.1275,,,,tt0083067,27997,,https://www.wikidata.org/wiki/Q1628298,https://www.wikidata.org/wiki/Q84,Wikidata P915/P625/P6375/P577
Q645752,雾都孤儿,film,1948-01-01,Q661896,松木制片厂,51.548611111,-0.535,,,,tt0040662,10949,,https://www.wikidata.org/wiki/Q645752,https://www.wikidata.org/wiki/Q661896,Wikidata P915/P625/P6375/P577
Q3504975,霓虹燈下的聖教士,film,1982-01-01,Q1508450,海克利爾城堡,51.3267,-1.36139,Newbury RG20 9RN,,,tt0083449,52083,,https://www.wikidata.org/wiki/Q3504975,https://www.wikidata.org/wiki/Q1508450,Wikidata P915/P625/P6375/P577
Q7797519,霧都狂想曲,film,1965-01-01,Q661896,松木制片厂,51.548611111,-0.535,,,,tt0195341,225118,,https://www.wikidata.org/wiki/Q7797519,https://www.wikidata.org/wiki/Q661896,Wikidata P915/P625/P6375/P577
Q2474154,靈動檔案,film,2011-01-01,Q84,伦敦,51.507222222,-0.1275,,,,tt1687901,77949,,https://www.wikidata.org/wiki/Q2474154,https://www.wikidata.org/wiki/Q84,Wikidata P915/P625/P6375/P577
Q2474154,靈動檔案,film,2011-01-01,Q23436,爱丁堡,55.953333333,-3.189166666,,,,tt1687901,77949,,https://www.wikidata.org/wiki/Q2474154,https://www.wikidata.org/wiki/Q23436,Wikidata P915/P625/P6375/P577
Q1567731,靈犬萊西,film,2005-01-01,Q22,苏格兰,57.0,-5.0,,,,tt0431213,14597,,https://www.wikidata.org/wiki/Q1567731,https://www.wikidata.org/wiki/Q22,Wikidata P915/P625/P6375/P577
Q3416446,青春之戀,film,1954-01-01,Q661896,松木制片厂,51.548611111,-0.535,,,,tt0046846,110338,,https://www.wikidata.org/wiki/Q3416446,https://www.wikidata.org/wiki/Q661896,Wikidata P915/P625/P6375/P577
Q1259440,青春我做主,film,2006-09-08,Q23436,爱丁堡,55.953333333,-3.189166666,,,,tt0446687,11404,,https://www.wikidata.org/wiki/Q1259440,https://www.wikidata.org/wiki/Q23436,Wikidata P915/P625/P6375/P577
Q17018891,青春誓言,film,2014-01-01,Q518724,Keighley railway station,53.8679,-1.9011,,,,tt1441953,284689,,https://www.wikidata.org/wiki/Q17018891,https://www.wikidata.org/wiki/Q518724,Wikidata P915/P625/P6375/P577
Q17018891,青春誓言,film,2014-01-01,Q6820731,Merton Street,51.7514,-1.2518,,,,tt1441953,284689,,https://www.wikidata.org/wiki/Q17018891,https://www.wikidata.org/wiki/Q6820731,Wikidata P915/P625/P6375/P577
Q17018891,青春誓言,film,2014-01-01,Q84,伦敦,51.507222222,-0.1275,,,,tt1441953,284689,,https://www.wikidata.org/wiki/Q17018891,https://www.wikidata.org/wiki/Q84,Wikidata P915/P625/P6375/P577
Q17018891,青春誓言,film,2014-01-01,Q1734523,北約克郡濕地鐵路,54.251,-0.7773,"Pickering Station, Pickering YO18 7AJ",,,tt1441953,284689,,https://www.wikidata.org/wiki/Q17018891,https://www.wikidata.org/wiki/Q1734523,Wikidata P915/P625/P6375/P577
Q17018891,青春誓言,film,2014-01-01,Q1753590,旧皇家海军学院,51.483666666,-0.005944444,,,,tt1441953,284689,,https://www.wikidata.org/wiki/Q17018891,https://www.wikidata.org/wiki/Q1753590,Wikidata P915/P625/P6375/P577
Q17018891,青春誓言,film,2014-01-01,Q2281091,沃克索普,53.309722222,-1.122777777,,,,tt1441953,284689,,https://www.wikidata.org/wiki/Q17018891,https://www.wikidata.org/wiki/Q2281091,Wikidata P915/P625/P6375/P577
Q17018891,青春誓言,film,2014-01-01,Q2338601,达利都乐镇,53.166,-1.596,,,,tt1441953,284689,,https://www.wikidata.org/wiki/Q17018891,https://www.wikidata.org/wiki/Q2338601,Wikidata P915/P625/P6375/P577
Q17018891,青春誓言,film,2014-01-01,Q1533460,高斯蘭,54.400219444,-0.71995,,,,tt1441953,284689,,https://www.wikidata.org/wiki/Q17018891,https://www.wikidata.org/wiki/Q1533460,Wikidata P915/P625/P6375/P577
Q17018891,青春誓言,film,2014-01-01,Q82513,默頓學院,51.750833333,-1.251944444,,,,tt1441953,284689,,https://www.wikidata.org/wiki/Q17018891,https://www.wikidata.org/wiki/Q82513,Wikidata P915/P625/P6375/P577
Q1508611,青樓情孽,film,1952-12-23,Q84,伦敦,51.507222222,-0.1275,,,,tt0044926,10910,,https://www.wikidata.org/wiki/Q1508611,https://www.wikidata.org/wiki/Q84,Wikidata P915/P625/P6375/P577
Q2667715,靓佬揾靴著,film,2005-01-01,Q661896,松木制片厂,51.548611111,-0.535,,,,tt0434124,16367,,https://www.wikidata.org/wiki/Q2667715,https://www.wikidata.org/wiki/Q661896,Wikidata P915/P625/P6375/P577
Q7050038,非洲花月痕,film,1958-01-01,Q661896,松木制片厂,51.548611111,-0.535,,,,tt0052773,375304,,https://www.wikidata.org/wiki/Q7050038,https://www.wikidata.org/wiki/Q661896,Wikidata P915/P625/P6375/P577
Q111907282,音乐大师,film,2023-09-02,Q579004,伊利座堂,52.398611111,0.263888888,,,,tt5535276,523607,,https://www.wikidata.org/wiki/Q111907282,https://www.wikidata.org/wiki/Q579004,Wikidata P915/P625/P6375/P577
Q465607,顫慄時空,film,2005-01-01,Q23436,爱丁堡,55.953333333,-3.189166666,,,,tt0366627,9667,,https://www.wikidata.org/wiki/Q465607,https://www.wikidata.org/wiki/Q23436,Wikidata P915/P625/P6375/P577
Q1352613,顺其自然,film,1970-05-13,Q17550035,"3, Savile Row W1",51.5104,-0.139643,"3 Savile Row, London W1S 3PB, UK",,,tt0065976,20556,,https://www.wikidata.org/wiki/Q1352613,https://www.wikidata.org/wiki/Q17550035,Wikidata P915/P625/P6375/P577
Q952325,顽皮警察,film,1993-01-01,Q661896,松木制片厂,51.548611111,-0.535,,,,tt0108187,46828,,https://www.wikidata.org/wiki/Q952325,https://www.wikidata.org/wiki/Q661896,Wikidata P915/P625/P6375/P577
Q568162,風流二世祖,film,1970-01-01,Q84,伦敦,51.507222222,-0.1275,,,,tt0065974,77333,,https://www.wikidata.org/wiki/Q568162,https://www.wikidata.org/wiki/Q84,Wikidata P915/P625/P6375/P577
Q1171635,風流大國手,film,1969-12-02,Q661896,松木制片厂,51.548611111,-0.535,,,,tt0064132,19293,,https://www.wikidata.org/wiki/Q1171635,https://www.wikidata.org/wiki/Q661896,Wikidata P915/P625/P6375/P577
Q7366338,風流女房東,film,1958-01-01,Q661896,松木制片厂,51.548611111,-0.535,,,,tt0052147,233559,,https://www.wikidata.org/wiki/Q7366338,https://www.wikidata.org/wiki/Q661896,Wikidata P915/P625/P6375/P577
Q7966841,風流將軍,film,1962-04-12,Q661896,松木制片厂,51.548611111,-0.535,,,,tt0056673,43016,,https://www.wikidata.org/wiki/Q7966841,https://www.wikidata.org/wiki/Q661896,Wikidata P915/P625/P6375/P577
Q6483655,風流武士,film,1963-01-01,Q661896,松木制片厂,51.548611111,-0.535,,,,tt0057547,42810,,https://www.wikidata.org/wiki/Q6483655,https://www.wikidata.org/wiki/Q661896,Wikidata P915/P625/P6375/P577
Q972963,風流醫生俏護士,film,1963-01-01,Q661896,松木制片厂,51.548611111,-0.535,,,,tt0057004,68337,,https://www.wikidata.org/wiki/Q972963,https://www.wikidata.org/wiki/Q661896,Wikidata P915/P625/P6375/P577
Q883500,風流鐵金剛,film,1975-08-07,Q661896,松木制片厂,51.548611111,-0.535,,,,tt0073797,418305,,https://www.wikidata.org/wiki/Q883500,https://www.wikidata.org/wiki/Q661896,Wikidata P915/P625/P6375/P577
Q169996,风暴克星,film,2006-07-21,Q84,伦敦,51.507222222,-0.1275,,,,tt0457495,9978,,https://www.wikidata.org/wiki/Q169996,https://www.wikidata.org/wiki/Q84,Wikidata P915/P625/P6375/P577
Q169996,风暴克星,film,2006-07-21,Q661896,松木制片厂,51.548611111,-0.535,,,,tt0457495,9978,,https://www.wikidata.org/wiki/Q169996,https://www.wikidata.org/wiki/Q661896,Wikidata P915/P625/P6375/P577
Q1427252,飛俠哥頓,film,1980-12-05,Q3410,赫特福德郡,51.9,-0.2,,,,tt0080745,3604,,https://www.wikidata.org/wiki/Q1427252,https://www.wikidata.org/wiki/Q3410,Wikidata P915/P625/P6375/P577
Q2250601,飛簷走壁勇神偷,film,1968-01-01,Q661896,松木制片厂,51.548611111,-0.535,,,,tt0062868,69065,,https://www.wikidata.org/wiki/Q2250601,https://www.wikidata.org/wiki/Q661896,Wikidata P915/P625/P6375/P577
Q19571557,飛躍奇蹟,film,2016-01-26,Q661896,松木制片厂,51.548611111,-0.535,,,,tt1083452,319888,,https://www.wikidata.org/wiki/Q19571557,https://www.wikidata.org/wiki/Q661896,Wikidata P915/P625/P6375/P577
Q826565,飛車艷史,film,1953-01-01,Q661896,松木制片厂,51.548611111,-0.535,,,,tt0045808,43346,,https://www.wikidata.org/wiki/Q826565,https://www.wikidata.org/wiki/Q661896,Wikidata P915/P625/P6375/P577
Q1637791,飞天万能车,film,1968-01-01,Q661896,松木制片厂,51.548611111,-0.535,,,,tt0062803,11708,,https://www.wikidata.org/wiki/Q1637791,https://www.wikidata.org/wiki/Q661896,Wikidata P915/P625/P6375/P577
Q500304,飞行英杰,film,1965-01-01,Q661896,松木制片厂,51.548611111,-0.535,,,,tt0059797,10338,,https://www.wikidata.org/wiki/Q500304,https://www.wikidata.org/wiki/Q661896,Wikidata P915/P625/P6375/P577
Q162458,飞跃情海,film,2004-01-01,Q661896,松木制片厂,51.548611111,-0.535,,,,tt0363473,6478,,https://www.wikidata.org/wiki/Q162458,https://www.wikidata.org/wiki/Q661896,Wikidata P915/P625/P6375/P577
Q1162728,養鬼吃人,film,1987-09-10,Q661896,松木制片厂,51.548611111,-0.535,,,,tt0093177,9003,,https://www.wikidata.org/wiki/Q1162728,https://www.wikidata.org/wiki/Q661896,Wikidata P915/P625/P6375/P577
Q1755324,養鬼吃人2,film,1988-09-09,Q661896,松木制片厂,51.548611111,-0.535,,,,tt0095294,9064,,https://www.wikidata.org/wiki/Q1755324,https://www.wikidata.org/wiki/Q661896,Wikidata P915/P625/P6375/P577
Q400101,香港女伯爵,film,1967-01-01,Q661896,松木制片厂,51.548611111,-0.535,,,,tt0061523,2984,,https://www.wikidata.org/wiki/Q400101,https://www.wikidata.org/wiki/Q661896,Wikidata P915/P625/P6375/P577
Q12059508,香車美人,film,1951-01-01,Q23436,爱丁堡,55.953333333,-3.189166666,,,,tt0043618,127602,,https://www.wikidata.org/wiki/Q12059508,https://www.wikidata.org/wiki/Q23436,Wikidata P915/P625/P6375/P577
Q12127508,香閨艷史,film,1955-01-01,Q661896,松木制片厂,51.548611111,-0.535,,,,tt0048621,153327,,https://www.wikidata.org/wiki/Q12127508,https://www.wikidata.org/wiki/Q661896,Wikidata P915/P625/P6375/P577
Q2832686,馬來喋血戰,film,1957-01-01,Q661896,松木制片厂,51.548611111,-0.535,,,,tt0052398,268554,,https://www.wikidata.org/wiki/Q2832686,https://www.wikidata.org/wiki/Q661896,Wikidata P915/P625/P6375/P577
Q18964,驚婚計,film,2001-09-06,Q8709,伦敦斯坦斯特德机场,51.885,0.235,,,,tt0188453,2084,,https://www.wikidata.org/wiki/Q18964,https://www.wikidata.org/wiki/Q8709,Wikidata P915/P625/P6375/P577
Q18964,驚婚計,film,2001-09-06,Q6226,圣奥尔本斯,51.755,-0.336,,,,tt0188453,2084,,https://www.wikidata.org/wiki/Q18964,https://www.wikidata.org/wiki/Q6226,Wikidata P915/P625/P6375/P577
Q18964,驚婚計,film,2001-09-06,Q661896,松木制片厂,51.548611111,-0.535,,,,tt0188453,2084,,https://www.wikidata.org/wiki/Q18964,https://www.wikidata.org/wiki/Q661896,Wikidata P915/P625/P6375/P577
Q18964,驚婚計,film,2001-09-06,Q3532,赫默尔亨普斯特德,51.753333,-0.448611,,,,tt0188453,2084,,https://www.wikidata.org/wiki/Q18964,https://www.wikidata.org/wiki/Q3532,Wikidata P915/P625/P6375/P577
Q18964,驚婚計,film,2001-09-06,Q726273,阿什里奇,51.7996,-0.5594,,,,tt0188453,2084,,https://www.wikidata.org/wiki/Q18964,https://www.wikidata.org/wiki/Q726273,Wikidata P915/P625/P6375/P577
Q594307,高尔基公园,film,1983-01-01,Q4093,格拉斯哥,55.861111111,-4.25,,,,tt0085615,8289,,https://www.wikidata.org/wiki/Q594307,https://www.wikidata.org/wiki/Q4093,Wikidata P915/P625/P6375/P577
Q14950399,高樓驚魂,film,2012-01-01,Q84,伦敦,51.507222222,-0.1275,,,,tt1992258,128876,,https://www.wikidata.org/wiki/Q14950399,https://www.wikidata.org/wiki/Q84,Wikidata P915/P625/P6375/P577
Q816156,鬼潛艇,film,2002-01-01,Q661896,松木制片厂,51.548611111,-0.535,,,,tt0276816,12590,,https://www.wikidata.org/wiki/Q816156,https://www.wikidata.org/wiki/Q661896,Wikidata P915/P625/P6375/P577
Q938727,魔力,film,1978-01-01,Q661896,松木制片厂,51.548611111,-0.535,,,,tt0077921,11623,,https://www.wikidata.org/wiki/Q938727,https://www.wikidata.org/wiki/Q661896,Wikidata P915/P625/P6375/P577
Q666422,魔幻奇緣,film,2007-01-01,Q23436,爱丁堡,55.953333333,-3.189166666,,,,tt0472071,13910,,https://www.wikidata.org/wiki/Q666422,https://www.wikidata.org/wiki/Q23436,Wikidata P915/P625/P6375/P577
Q55405369,魔比斯,film,2022-03-30,Q84,伦敦,51.507222222,-0.1275,,,,tt5108870,526896,,https://www.wikidata.org/wiki/Q55405369,https://www.wikidata.org/wiki/Q84,Wikidata P915/P625/P6375/P577
Q55405369,魔比斯,film,2022-03-30,Q18125,曼彻斯特,53.466666666,-2.233333333,,,,tt5108870,526896,,https://www.wikidata.org/wiki/Q55405369,https://www.wikidata.org/wiki/Q18125,Wikidata P915/P625/P6375/P577
Q523249,魔法保姆麦克菲,film,2005-01-01,Q661896,松木制片厂,51.548611111,-0.535,,,,tt0396752,11283,,https://www.wikidata.org/wiki/Q523249,https://www.wikidata.org/wiki/Q661896,Wikidata P915/P625/P6375/P577
Q24797403,魔法壞女巫,film,2024-11-20,Q3501089,埃尔斯特里影城,51.6587,-0.2758,,,,tt1262426,402431,,https://www.wikidata.org/wiki/Q24797403,https://www.wikidata.org/wiki/Q3501089,Wikidata P915/P625/P6375/P577
Q24797403,魔法壞女巫,film,2024-11-20,Q671595,艾文活尔,51.836383333,-0.626119444,,,,tt1262426,402431,,https://www.wikidata.org/wiki/Q24797403,https://www.wikidata.org/wiki/Q671595,Wikidata P915/P625/P6375/P577
Q114817050,魔法壞女巫：第二部,film,2025-11-04,Q3501089,埃尔斯特里影城,51.6587,-0.2758,,,,tt19847976,967941,,https://www.wikidata.org/wiki/Q114817050,https://www.wikidata.org/wiki/Q3501089,Wikidata P915/P625/P6375/P577
Q14847067,魔法黑森林,film,2014-12-25,Q84,伦敦,51.507222222,-0.1275,,,,tt2180411,224141,,https://www.wikidata.org/wiki/Q14847067,https://www.wikidata.org/wiki/Q84,Wikidata P915/P625/P6375/P577
Q3425459,魔爪,film,1971-04-14,Q661896,松木制片厂,51.548611111,-0.535,,,,tt0066849,26774,,https://www.wikidata.org/wiki/Q3425459,https://www.wikidata.org/wiki/Q661896,Wikidata P915/P625/P6375/P577
Q506032,魔鬼一族,film,1994-05-17,Q4093,格拉斯哥,55.861111111,-4.25,,,,tt0111149,9905,,https://www.wikidata.org/wiki/Q506032,https://www.wikidata.org/wiki/Q4093,Wikidata P915/P625/P6375/P577
Q506032,魔鬼一族,film,1994-05-17,Q23436,爱丁堡,55.953333333,-3.189166666,,,,tt0111149,9905,,https://www.wikidata.org/wiki/Q506032,https://www.wikidata.org/wiki/Q23436,Wikidata P915/P625/P6375/P577
Q2276270,魔鬼生化人2,film,1992-01-01,Q661896,松木制片厂,51.548611111,-0.535,,,,tt0105178,92371,,https://www.wikidata.org/wiki/Q2276270,https://www.wikidata.org/wiki/Q661896,Wikidata P915/P625/P6375/P577
Q3514609,魔鬼的寡婦,film,1970-01-01,Q661896,松木制片厂,51.548611111,-0.535,,,,tt0067822,126927,,https://www.wikidata.org/wiki/Q3514609,https://www.wikidata.org/wiki/Q661896,Wikidata P915/P625/P6375/P577
Q1571462,魔鬼門徒,film,1959-01-01,Q22001022,埃尔斯特里制片厂,51.6587,-0.2758,,,,tt0052735,78078,,https://www.wikidata.org/wiki/Q1571462,https://www.wikidata.org/wiki/Q22001022,Wikidata P915/P625/P6375/P577
Q1571462,魔鬼門徒,film,1959-01-01,Q10999,特灵,51.79397,-0.66058,,,,tt0052735,78078,,https://www.wikidata.org/wiki/Q1571462,https://www.wikidata.org/wiki/Q10999,Wikidata P915/P625/P6375/P577
Q557596,鱼缸 (电影),film,2009-05-14,Q84,伦敦,51.507222222,-0.1275,,,,tt1232776,24469,,https://www.wikidata.org/wiki/Q557596,https://www.wikidata.org/wiki/Q84,Wikidata P915/P625/P6375/P577
Q1167202,鹰之眼,film,1997-03-21,Q22,苏格兰,57.0,-5.0,,,,tt0120565,76323,,https://www.wikidata.org/wiki/Q1167202,https://www.wikidata.org/wiki/Q22,Wikidata P915/P625/P6375/P577
Q1254464,鹹濕女鬼,film,1971-10-03,Q661896,松木制片厂,51.548611111,-0.535,,,,tt0069427,28801,,https://www.wikidata.org/wiki/Q1254464,https://www.wikidata.org/wiki/Q661896,Wikidata P915/P625/P6375/P577
Q449222,鹹濕皇帝,film,1971-01-01,Q661896,松木制片厂,51.548611111,-0.535,,,,tt0066894,24569,,https://www.wikidata.org/wiki/Q449222,https://www.wikidata.org/wiki/Q661896,Wikidata P915/P625/P6375/P577
Q15934383,麦克白,film,2015-01-01,Q7540453,Sligachan,57.2893,-6.17555,,,,tt2884018,225728,,https://www.wikidata.org/wiki/Q15934383,https://www.wikidata.org/wiki/Q7540453,Wikidata P915/P625/P6375/P577
Q15934383,麦克白,film,2015-01-01,Q579004,伊利座堂,52.398611111,0.263888888,,,,tt2884018,225728,,https://www.wikidata.org/wiki/Q15934383,https://www.wikidata.org/wiki/Q579004,Wikidata P915/P625/P6375/P577
Q15934383,麦克白,film,2015-01-01,Q107393,斯凯岛,57.333333333,-6.266666666,,,,tt2884018,225728,,https://www.wikidata.org/wiki/Q15934383,https://www.wikidata.org/wiki/Q107393,Wikidata P915/P625/P6375/P577
Q15934383,麦克白,film,2015-01-01,Q5648547,格伦科高地,51.1646,-0.7357,,,,tt2884018,225728,,https://www.wikidata.org/wiki/Q15934383,https://www.wikidata.org/wiki/Q5648547,Wikidata P915/P625/P6375/P577
Q15934383,麦克白,film,2015-01-01,Q2026185,班伯城堡,55.609361111,-1.711002777,"Bamburgh Castle, Bamburgh NE69 7DF",,,tt2884018,225728,,https://www.wikidata.org/wiki/Q15934383,https://www.wikidata.org/wiki/Q2026185,Wikidata P915/P625/P6375/P577
Q15934383,麦克白,film,2015-01-01,Q23276,萨里郡,51.25,-0.45,,,,tt2884018,225728,,https://www.wikidata.org/wiki/Q15934383,https://www.wikidata.org/wiki/Q23276,Wikidata P915/P625/P6375/P577
Q5156662,黑吃黑,film,2000-07-05,Q23436,爱丁堡,55.953333333,-3.189166666,,,,tt0188518,23751,,https://www.wikidata.org/wiki/Q5156662,https://www.wikidata.org/wiki/Q23436,Wikidata P915/P625/P6375/P577
Q23894626,黑寡婦,film,2021-07-07,Q84,伦敦,51.507222222,-0.1275,,,,tt3480822,497698,,https://www.wikidata.org/wiki/Q23894626,https://www.wikidata.org/wiki/Q84,Wikidata P915/P625/P6375/P577
Q23894626,黑寡婦,film,2021-07-07,Q661896,松木制片厂,51.548611111,-0.535,,,,tt3480822,497698,,https://www.wikidata.org/wiki/Q23894626,https://www.wikidata.org/wiki/Q661896,Wikidata P915/P625/P6375/P577
Q23894626,黑寡婦,film,2021-07-07,Q5648547,格伦科高地,51.1646,-0.7357,,,,tt3480822,497698,,https://www.wikidata.org/wiki/Q23894626,https://www.wikidata.org/wiki/Q5648547,Wikidata P915/P625/P6375/P577
Q212145,黑日危机,film,1999-01-01,Q20816698,Eilean Donan Castle,57.273893959,-5.516050624,,,,tt0143145,36643,,https://www.wikidata.org/wiki/Q212145,https://www.wikidata.org/wiki/Q20816698,Wikidata P915/P625/P6375/P577
Q212145,黑日危机,film,1999-01-01,Q1927639,Elstead,51.184,-0.698,,,,tt0143145,36643,,https://www.wikidata.org/wiki/Q212145,https://www.wikidata.org/wiki/Q1927639,Wikidata P915/P625/P6375/P577
Q212145,黑日危机,film,1999-01-01,Q84,伦敦,51.507222222,-0.1275,,,,tt0143145,36643,,https://www.wikidata.org/wiki/Q212145,https://www.wikidata.org/wiki/Q84,Wikidata P915/P625/P6375/P577
Q212145,黑日危机,film,1999-01-01,Q29014,千禧巨蛋,51.502816666,0.003116666,"Peninsula Square, London, SE10 0AX, England",,,tt0143145,36643,,https://www.wikidata.org/wiki/Q212145,https://www.wikidata.org/wiki/Q29014,Wikidata P915/P625/P6375/P577
Q212145,黑日危机,film,1999-01-01,Q200942,威尔特郡,51.558333333,-1.781111111,,,,tt0143145,36643,,https://www.wikidata.org/wiki/Q212145,https://www.wikidata.org/wiki/Q200942,Wikidata P915/P625/P6375/P577
Q212145,黑日危机,film,1999-01-01,Q217142,斯诺登山,53.068863888,-4.075588888,,,,tt0143145,36643,,https://www.wikidata.org/wiki/Q212145,https://www.wikidata.org/wiki/Q217142,Wikidata P915/P625/P6375/P577
Q212145,黑日危机,film,1999-01-01,Q729006,查塔姆,51.381944444,0.523333333,,,,tt0143145,36643,,https://www.wikidata.org/wiki/Q212145,https://www.wikidata.org/wiki/Q729006,Wikidata P915/P625/P6375/P577
Q212145,黑日危机,film,1999-01-01,Q939913,洛哈尔什教区凯尔,57.281666666,-5.713333333,,,,tt0143145,36643,,https://www.wikidata.org/wiki/Q212145,https://www.wikidata.org/wiki/Q939913,Wikidata P915/P625/P6375/P577
Q212145,黑日危机,film,1999-01-01,Q4545538,艾伯特·布洛克里的007舞台,51.55,-0.535,,,,tt0143145,36643,,https://www.wikidata.org/wiki/Q212145,https://www.wikidata.org/wiki/Q4545538,Wikidata P915/P625/P6375/P577
Q212145,黑日危机,film,1999-01-01,Q106119,诺索尔特皇家空军基地,51.553055555,-0.418333333,"West End Road, Ruislip, London, Middlesex, HA4 6NG, United Kingdom",,,tt0143145,36643,,https://www.wikidata.org/wiki/Q212145,https://www.wikidata.org/wiki/Q106119,Wikidata P915/P625/P6375/P577
Q252529,黑水仙,film,1947-01-01,Q661896,松木制片厂,51.548611111,-0.535,,,,tt0039192,16391,,https://www.wikidata.org/wiki/Q252529,https://www.wikidata.org/wiki/Q661896,Wikidata P915/P625/P6375/P577
Q849162,黑洞表面,film,1997-08-15,Q661896,松木制片厂,51.548611111,-0.535,,,,tt0119081,8413,,https://www.wikidata.org/wiki/Q849162,https://www.wikidata.org/wiki/Q661896,Wikidata P915/P625/P6375/P577
Q849162,黑洞表面,film,1997-08-15,Q21,英格兰,53.0,-1.0,,,,tt0119081,8413,,https://www.wikidata.org/wiki/Q849162,https://www.wikidata.org/wiki/Q21,Wikidata P915/P625/P6375/P577
Q2411296,黑猫,film,1972-01-01,Q3410,赫特福德郡,51.9,-0.2,,,,tt0068577,39925,,https://www.wikidata.org/wiki/Q2411296,https://www.wikidata.org/wiki/Q3410,Wikidata P915/P625/P6375/P577
Q85626417,黑白世界,film,2020-01-01,Q84,伦敦,51.507222222,-0.1275,,,,tt10661848,656113,,https://www.wikidata.org/wiki/Q85626417,https://www.wikidata.org/wiki/Q84,Wikidata P915/P625/P6375/P577
Q85626417,黑白世界,film,2020-01-01,Q23298,肯特郡,51.19,0.73,,,,tt10661848,656113,,https://www.wikidata.org/wiki/Q85626417,https://www.wikidata.org/wiki/Q23298,Wikidata P915/P625/P6375/P577
Q85626417,黑白世界,film,2020-01-01,Q1000115,菲佛舍姆,51.3177,0.8928,,,,tt10661848,656113,,https://www.wikidata.org/wiki/Q85626417,https://www.wikidata.org/wiki/Q1000115,Wikidata P915/P625/P6375/P577
Q163549,黑色名册,film,2006-09-01,Q84,伦敦,51.507222222,-0.1275,,,,tt0389557,9075,,https://www.wikidata.org/wiki/Q163549,https://www.wikidata.org/wiki/Q84,Wikidata P915/P625/P6375/P577
Q124373035,黑袋行動,film,2025-03-12,Q84,伦敦,51.507222222,-0.1275,,,,tt30988739,1233575,,https://www.wikidata.org/wiki/Q124373035,https://www.wikidata.org/wiki/Q84,Wikidata P915/P625/P6375/P577
Q880141,黑貓,film,1991-01-01,Q1054923,英属香港,22.280068253,114.160327229,,,,tt0101463,45437,,https://www.wikidata.org/wiki/Q880141,https://www.wikidata.org/wiki/Q1054923,Wikidata P915/P625/P6375/P577
Q509913,黑魔王,film,1985-01-01,Q661896,松木制片厂,51.548611111,-0.535,,,,tt0089469,11976,,https://www.wikidata.org/wiki/Q509913,https://www.wikidata.org/wiki/Q661896,Wikidata P915/P625/P6375/P577
Q383814,鼠輩遊月殿,film,1963-01-01,Q661896,松木制片厂,51.548611111,-0.535,,,,tt0057328,49876,,https://www.wikidata.org/wiki/Q383814,https://www.wikidata.org/wiki/Q661896,Wikidata P915/P625/P6375/P577
Q191418,齐柏林飞艇,film,1971-01-01,Q661896,松木制片厂,51.548611111,-0.535,,,,tt0068014,49719,,https://www.wikidata.org/wiki/Q191418,https://www.wikidata.org/wiki/Q661896,Wikidata P915/P625/P6375/P577
Q105554572,龍與地下城：盜賊榮耀,film,2022-05-27,Q10686,贝尔法斯特,54.596666666,-5.93,,,,tt2906216,493529,,https://www.wikidata.org/wiki/Q105554572,https://www.wikidata.org/wiki/Q10686,Wikidata P915/P625/P6375/P577
Q851611,龙蛇小霸王,film,1976-01-01,Q661896,松木制片厂,51.548611111,-0.535,,,,tt0074256,8446,,https://www.wikidata.org/wiki/Q851611,https://www.wikidata.org/wiki/Q661896,Wikidata P915/P625/P6375/P577
Q239296,龙骑士,film,2006-12-14,Q661896,松木制片厂,51.548611111,-0.535,,,,tt0449010,2486,,https://www.wikidata.org/wiki/Q239296,https://www.wikidata.org/wiki/Q661896,Wikidata P915/P625/P6375/P577
Q5216963,Daniel Deronda,miniseries,2002-01-01,Q23436,爱丁堡,55.953333333,-3.189166666,,,,tt0321897,,34539,https://www.wikidata.org/wiki/Q5216963,https://www.wikidata.org/wiki/Q23436,Wikidata P915/P625/P6375/P577
Q1421958,Jason and the Argonauts,miniseries,2000-01-01,Q84,伦敦,51.507222222,-0.1275,,,,tt0217579,,25406,https://www.wikidata.org/wiki/Q1421958,https://www.wikidata.org/wiki/Q84,Wikidata P915/P625/P6375/P577
Q1421958,Jason and the Argonauts,miniseries,2000-01-01,Q1545679,谢珀顿,51.395833333,-0.448888888,,,,tt0217579,,25406,https://www.wikidata.org/wiki/Q1421958,https://www.wikidata.org/wiki/Q1545679,Wikidata P915/P625/P6375/P577
Q85806317,The Accident,miniseries,,Q3406145,Blaengarw,51.624147222,-3.587377777,,,,tt9145372,,94755,https://www.wikidata.org/wiki/Q85806317,https://www.wikidata.org/wiki/Q3406145,Wikidata P915/P625/P6375/P577
Q85806317,The Accident,miniseries,,Q4957336,Brangwyn音乐厅,51.613741666,-3.960180555,,,,tt9145372,,94755,https://www.wikidata.org/wiki/Q85806317,https://www.wikidata.org/wiki/Q4957336,Wikidata P915/P625/P6375/P577
Q85806317,The Accident,miniseries,,Q42377659,Cardiff Central police station,51.4852,-3.1808,,,,tt9145372,,94755,https://www.wikidata.org/wiki/Q85806317,https://www.wikidata.org/wiki/Q42377659,Wikidata P915/P625/P6375/P577
Q85806317,The Accident,miniseries,,Q5057250,Cefn Coed Hospital,51.628056,-3.988889,,,,tt9145372,,94755,https://www.wikidata.org/wiki/Q85806317,https://www.wikidata.org/wiki/Q5057250,Wikidata P915/P625/P6375/P577
Q85806317,The Accident,miniseries,,Q6089564,Isycoed,53.0457,-2.8924,,,,tt9145372,,94755,https://www.wikidata.org/wiki/Q85806317,https://www.wikidata.org/wiki/Q6089564,Wikidata P915/P625/P6375/P577
Q85806317,The Accident,miniseries,,Q2051921,Maerdy,51.6727,-3.48331,,,,tt9145372,,94755,https://www.wikidata.org/wiki/Q85806317,https://www.wikidata.org/wiki/Q2051921,Wikidata P915/P625/P6375/P577
Q85806317,The Accident,miniseries,,Q24638205,Rhondda Valley,51.61667,-3.41667,,,,tt9145372,,94755,https://www.wikidata.org/wiki/Q85806317,https://www.wikidata.org/wiki/Q24638205,Wikidata P915/P625/P6375/P577
Q85806317,The Accident,miniseries,,Q722585,卡尔迪科特,51.590833333,-2.749166666,,,,tt9145372,,94755,https://www.wikidata.org/wiki/Q85806317,https://www.wikidata.org/wiki/Q722585,Wikidata P915/P625/P6375/P577
Q85806317,The Accident,miniseries,,Q3404200,坡尔斯,51.6138,-3.4095,,,,tt9145372,,94755,https://www.wikidata.org/wiki/Q85806317,https://www.wikidata.org/wiki/Q3404200,Wikidata P915/P625/P6375/P577
Q85806317,The Accident,miniseries,,Q23051,斯旺西,51.616666666,-3.95,,,,tt9145372,,94755,https://www.wikidata.org/wiki/Q85806317,https://www.wikidata.org/wiki/Q23051,Wikidata P915/P625/P6375/P577
Q85806317,The Accident,miniseries,,Q3401144,芬代爾 (朗達卡嫩塔夫),51.6577,-3.44588,,,,tt9145372,,94755,https://www.wikidata.org/wiki/Q85806317,https://www.wikidata.org/wiki/Q3401144,Wikidata P915/P625/P6375/P577
Q27748904,The Channel Islands at War,miniseries,2010-06-28,Q25230,根西,49.45,-2.583333333,,,,tt1943508,,196187,https://www.wikidata.org/wiki/Q27748904,https://www.wikidata.org/wiki/Q25230,Wikidata P915/P625/P6375/P577
Q27748904,The Channel Islands at War,miniseries,2010-06-28,Q785,泽西,49.19,-2.11,,,,tt1943508,,196187,https://www.wikidata.org/wiki/Q27748904,https://www.wikidata.org/wiki/Q785,Wikidata P915/P625/P6375/P577
Q7763757,The Shell Seekers,miniseries,2006-01-01,Q84,伦敦,51.507222222,-0.1275,,,,tt0758720,8680,,https://www.wikidata.org/wiki/Q7763757,https://www.wikidata.org/wiki/Q84,Wikidata P915/P625/P6375/P577
Q111941813,"The Thief, His Wife and the Canoe",miniseries,,Q7442007,Seaton Carew,54.6628,-1.18882,,,,tt14183410,,196412,https://www.wikidata.org/wiki/Q111941813,https://www.wikidata.org/wiki/Q7442007,Wikidata P915/P625/P6375/P577
Q111941813,"The Thief, His Wife and the Canoe",miniseries,,Q215752,哈特尔浦,54.683333333,-1.216666666,,,,tt14183410,,196412,https://www.wikidata.org/wiki/Q111941813,https://www.wikidata.org/wiki/Q215752,Wikidata P915/P625/P6375/P577
Q111941813,"The Thief, His Wife and the Canoe",miniseries,,Q171866,米德尔斯伯勒,54.573888888,-1.233333333,,,,tt14183410,,196412,https://www.wikidata.org/wiki/Q111941813,https://www.wikidata.org/wiki/Q171866,Wikidata P915/P625/P6375/P577
Q116780924,Transformation Street,miniseries,,Q21272241,Essex,51.75,0.583333333,,,,tt7859318,,83338,https://www.wikidata.org/wiki/Q116780924,https://www.wikidata.org/wiki/Q21272241,Wikidata P915/P625/P6375/P577
Q116780924,Transformation Street,miniseries,,Q26560681,The Boathouse Inn,52.708805,-2.763997,"Victoria Road, Shipley, Bradford BD18 3LA",,,tt7859318,,83338,https://www.wikidata.org/wiki/Q116780924,https://www.wikidata.org/wiki/Q26560681,Wikidata P915/P625/P6375/P577
Q116780924,Transformation Street,miniseries,,Q116842632,The London Transgender Clinic,51.519438,-0.149086,"54 Wimpole St, London W1G 8YJ",,,tt7859318,,83338,https://www.wikidata.org/wiki/Q116780924,https://www.wikidata.org/wiki/Q116842632,Wikidata P915/P625/P6375/P577
Q116780924,Transformation Street,miniseries,,Q20714162,Weymouth Street Hospital,51.5202,-0.1506,,,,tt7859318,,83338,https://www.wikidata.org/wiki/Q116780924,https://www.wikidata.org/wiki/Q20714162,Wikidata P915/P625/P6375/P577
Q116780924,Transformation Street,miniseries,,Q21694746,威尔特郡,51.316388888,-2.21,,,,tt7859318,,83338,https://www.wikidata.org/wiki/Q116780924,https://www.wikidata.org/wiki/Q21694746,Wikidata P915/P625/P6375/P577
Q116780924,Transformation Street,miniseries,,Q179351,威斯敏斯特,51.4975,-0.137222222,,,,tt7859318,,83338,https://www.wikidata.org/wiki/Q116780924,https://www.wikidata.org/wiki/Q179351,Wikidata P915/P625/P6375/P577
Q116780924,Transformation Street,miniseries,,Q3569249,温坡街,51.5196,-0.14895,,,,tt7859318,,83338,https://www.wikidata.org/wiki/Q116780924,https://www.wikidata.org/wiki/Q3569249,Wikidata P915/P625/P6375/P577
Q100921885,Us,miniseries,,Q84,伦敦,51.507222222,-0.1275,,,,tt10669608,,110232,https://www.wikidata.org/wiki/Q100921885,https://www.wikidata.org/wiki/Q84,Wikidata P915/P625/P6375/P577
Q100921885,Us,miniseries,,Q23229,白金汉郡,51.766666666,-0.8,,,,tt10669608,,110232,https://www.wikidata.org/wiki/Q100921885,https://www.wikidata.org/wiki/Q23229,Wikidata P915/P625/P6375/P577
Q21062051,与敌为伴,miniseries,,Q84,伦敦,51.507222222,-0.1275,,,,tt4696944,,64685,https://www.wikidata.org/wiki/Q21062051,https://www.wikidata.org/wiki/Q84,Wikidata P915/P625/P6375/P577
Q21062051,与敌为伴,miniseries,,Q24826,利物浦,53.407222222,-2.991666666,,,,tt4696944,,64685,https://www.wikidata.org/wiki/Q21062051,https://www.wikidata.org/wiki/Q24826,Wikidata P915/P625/P6375/P577
Q208048,兄弟连,miniseries,,Q3410,赫特福德郡,51.9,-0.2,,,,tt0185906,,4613,https://www.wikidata.org/wiki/Q208048,https://www.wikidata.org/wiki/Q3410,Wikidata P915/P625/P6375/P577
Q208048,兄弟连,miniseries,,Q2351129,阿什当森林,51.0725,0.0430556,,,,tt0185906,,4613,https://www.wikidata.org/wiki/Q208048,https://www.wikidata.org/wiki/Q2351129,Wikidata P915/P625/P6375/P577
Q16997079,冬日斜陽,miniseries,,Q23436,爱丁堡,55.953333333,-3.189166666,,,,tt0788121,213658,,https://www.wikidata.org/wiki/Q16997079,https://www.wikidata.org/wiki/Q23436,Wikidata P915/P625/P6375/P577
Q1973919,南方和北方,miniseries,2004-01-01,Q23436,爱丁堡,55.953333333,-3.189166666,,,,tt0417349,,13643,https://www.wikidata.org/wiki/Q1973919,https://www.wikidata.org/wiki/Q23436,Wikidata P915/P625/P6375/P577
Q60774416,告密者,miniseries,2019-01-11,Q84,伦敦,51.507222222,-0.1275,,,,tt7161312,,83059,https://www.wikidata.org/wiki/Q60774416,https://www.wikidata.org/wiki/Q84,Wikidata P915/P625/P6375/P577
Q111360692,夏洛特王后：柏捷頓家族前傳,miniseries,2023-05-04,Q84,伦敦,51.507222222,-0.1275,,,,tt14661396,,196454,https://www.wikidata.org/wiki/Q111360692,https://www.wikidata.org/wiki/Q84,Wikidata P915/P625/P6375/P577
Q111360692,夏洛特王后：柏捷頓家族前傳,miniseries,2023-05-04,Q23183,威尔特郡,51.3,-1.9,,,,tt14661396,,196454,https://www.wikidata.org/wiki/Q111360692,https://www.wikidata.org/wiki/Q23183,Wikidata P915/P625/P6375/P577
Q111360692,夏洛特王后：柏捷頓家族前傳,miniseries,2023-05-04,Q22889,巴斯,51.381388888,-2.359722222,,,,tt14661396,,196454,https://www.wikidata.org/wiki/Q111360692,https://www.wikidata.org/wiki/Q22889,Wikidata P915/P625/P6375/P577
Q126092795,幻视任务,miniseries,,Q21,英格兰,53.0,-1.0,,,,tt23112594,,213375,https://www.wikidata.org/wiki/Q126092795,https://www.wikidata.org/wiki/Q21,Wikidata P915/P625/P6375/P577
Q15974768,彭伯利谋杀案,miniseries,,Q163,约克郡,53.958333333,-1.083333333,,,,tt2951788,,56484,https://www.wikidata.org/wiki/Q15974768,https://www.wikidata.org/wiki/Q163,Wikidata P915/P625/P6375/P577
Q245929,戰爭與回憶,miniseries,,Q661896,松木制片厂,51.548611111,-0.535,,,,tt0096725,,32675,https://www.wikidata.org/wiki/Q245929,https://www.wikidata.org/wiki/Q661896,Wikidata P915/P625/P6375/P577
Q60776367,未来岁月,miniseries,,Q18125,曼彻斯特,53.466666666,-2.233333333,,,,tt8694364,,87104,https://www.wikidata.org/wiki/Q60776367,https://www.wikidata.org/wiki/Q18125,Wikidata P915/P625/P6375/P577
Q586199,杰克与仙豆,miniseries,2001-12-02,Q661896,松木制片厂,51.548611111,-0.535,,,,tt0264262,,16433,https://www.wikidata.org/wiki/Q586199,https://www.wikidata.org/wiki/Q661896,Wikidata P915/P625/P6375/P577
Q932874,殺人狂傑克,miniseries,1988-01-01,Q661896,松木制片厂,51.548611111,-0.535,,,,tt0095388,,47510,https://www.wikidata.org/wiki/Q932874,https://www.wikidata.org/wiki/Q661896,Wikidata P915/P625/P6375/P577
Q16257677,牙買加客棧,miniseries,,Q23148,康沃尔郡,50.3,-4.9,,,,tt3098842,,61245,https://www.wikidata.org/wiki/Q16257677,https://www.wikidata.org/wiki/Q23148,Wikidata P915/P625/P6375/P577
Q1660599,環遊世界80天,miniseries,1989-01-01,Q21,英格兰,53.0,-1.0,,,,tt0096535,,20580,https://www.wikidata.org/wiki/Q1660599,https://www.wikidata.org/wiki/Q21,Wikidata P915/P625/P6375/P577
Q85815367,白屋農場,miniseries,,Q21272241,Essex,51.75,0.583333333,,,,tt11110622,,96954,https://www.wikidata.org/wiki/Q85815367,https://www.wikidata.org/wiki/Q21272241,Wikidata P915/P625/P6375/P577
Q85815367,白屋農場,miniseries,,Q2144821,Goldhanger,51.7455,0.7581,,,,tt11110622,,96954,https://www.wikidata.org/wiki/Q85815367,https://www.wikidata.org/wiki/Q2144821,Wikidata P915/P625/P6375/P577
Q85815367,白屋農場,miniseries,,Q1947476,Roxwell,51.75,0.383333,,,,tt11110622,,96954,https://www.wikidata.org/wiki/Q85815367,https://www.wikidata.org/wiki/Q1947476,Wikidata P915/P625/P6375/P577
Q85815367,白屋農場,miniseries,,Q26529083,The Chequers Inn,51.751097,0.383471,"The Street, Roxwell, Chelmsford, CM1 4PD",,,tt11110622,,96954,https://www.wikidata.org/wiki/Q85815367,https://www.wikidata.org/wiki/Q26529083,Wikidata P915/P625/P6375/P577
Q85815367,白屋農場,miniseries,,Q450510,北威尔德站,51.7117,0.1617,,,,tt11110622,,96954,https://www.wikidata.org/wiki/Q85815367,https://www.wikidata.org/wiki/Q450510,Wikidata P915/P625/P6375/P577
Q192837,神探夏洛克,miniseries,,Q84,伦敦,51.507222222,-0.1275,,,,tt1475582,,19885,https://www.wikidata.org/wiki/Q192837,https://www.wikidata.org/wiki/Q84,Wikidata P915/P625/P6375/P577
Q72638293,空戰群英,miniseries,,Q17098103,Dalton Barracks,51.69083333,-1.31666667,,,,tt2640044,,46518,https://www.wikidata.org/wiki/Q72638293,https://www.wikidata.org/wiki/Q17098103,Wikidata P915/P625/P6375/P577
Q72638293,空戰群英,miniseries,,Q3532,赫默尔亨普斯特德,51.753333,-0.448611,,,,tt2640044,,46518,https://www.wikidata.org/wiki/Q72638293,https://www.wikidata.org/wiki/Q3532,Wikidata P915/P625/P6375/P577
Q6098106,艾凡赫,miniseries,,Q23436,爱丁堡,55.953333333,-3.189166666,,,,tt0118354,,32992,https://www.wikidata.org/wiki/Q6098106,https://www.wikidata.org/wiki/Q23436,Wikidata P915/P625/P6375/P577
Q16473347,荣耀之女,miniseries,,Q84,伦敦,51.507222222,-0.1275,,,,tt3021686,,61123,https://www.wikidata.org/wiki/Q16473347,https://www.wikidata.org/wiki/Q84,Wikidata P915/P625/P6375/P577
Q16473347,荣耀之女,miniseries,,Q1506093,羅姆尼濕地,51.023,0.915,,,,tt3021686,,61123,https://www.wikidata.org/wiki/Q16473347,https://www.wikidata.org/wiki/Q1506093,Wikidata P915/P625/P6375/P577
Q17018158,追捕,miniseries,,Q18125,曼彻斯特,53.466666666,-2.233333333,,,,tt3315020,,61472,https://www.wikidata.org/wiki/Q17018158,https://www.wikidata.org/wiki/Q18125,Wikidata P915/P625/P6375/P577
Q7720493,郊區佛陀,miniseries,1993-01-01,Q84,伦敦,51.507222222,-0.1275,,,,tt0105963,,8894,https://www.wikidata.org/wiki/Q7720493,https://www.wikidata.org/wiki/Q84,Wikidata P915/P625/P6375/P577
Q1230632,锅匠、裁缝、士兵、间谍,miniseries,,Q84,伦敦,51.507222222,-0.1275,,,,tt0080297,,35430,https://www.wikidata.org/wiki/Q1230632,https://www.wikidata.org/wiki/Q84,Wikidata P915/P625/P6375/P577
Q558112,黑镜,miniseries,,Q84,伦敦,51.507222222,-0.1275,,,,tt2085059,,42009,https://www.wikidata.org/wiki/Q558112,https://www.wikidata.org/wiki/Q84,Wikidata P915/P625/P6375/P577
Q113656869,A Ceremony Marking the Armistice Day in the British Cemetery,short film,1957-01-01,Q145,英国,54.6,-2.0,,,,,,,https://www.wikidata.org/wiki/Q113656869,https://www.wikidata.org/wiki/Q145,Wikidata P915/P625/P6375/P577
Q113638047,A New British Plane is Purchased by El Al,short film,1955-01-01,Q145,英国,54.6,-2.0,,,,,,,https://www.wikidata.org/wiki/Q113638047,https://www.wikidata.org/wiki/Q145,Wikidata P915/P625/P6375/P577
Q113672192,American Preacher Billy Graham Speaks at Nazareths Scottish Hospital,short film,1960-01-01,Q6655572,EMMS Nazareth Hospital,32.7017,35.2917,"וואדי אל ג'ואני, רח' 5050 ת.ד. 11, נצרת 16100",,,,,,https://www.wikidata.org/wiki/Q113672192,https://www.wikidata.org/wiki/Q6655572,Wikidata P915/P625/P6375/P577
Q113665118,An Israeli Fashion Show Influenced by London Trends,short film,1970-01-01,Q84,伦敦,51.507222222,-0.1275,,,,,,,https://www.wikidata.org/wiki/Q113665118,https://www.wikidata.org/wiki/Q84,Wikidata P915/P625/P6375/P577
Q112869196,Appellation,short film,2016-10-23,Q213465,吉尔福德,51.2354,-0.5746,,,,tt6278078,445890,,https://www.wikidata.org/wiki/Q112869196,https://www.wikidata.org/wiki/Q213465,Wikidata P915/P625/P6375/P577
Q113656329,Armistice Day,short film,1953-01-01,Q145,英国,54.6,-2.0,,,,,,,https://www.wikidata.org/wiki/Q113656329,https://www.wikidata.org/wiki/Q145,Wikidata P915/P625/P6375/P577
Q113669850,Babies House Inaugurated by the WIZO Movement in Jerusalem,short film,1955-01-01,Q145,英国,54.6,-2.0,,,,,,,https://www.wikidata.org/wiki/Q113669850,https://www.wikidata.org/wiki/Q145,Wikidata P915/P625/P6375/P577
Q113658052,"Britains New Prime Minister, 1957",short film,1957-01-01,Q84,伦敦,51.507222222,-0.1275,,,,,,,https://www.wikidata.org/wiki/Q113658052,https://www.wikidata.org/wiki/Q84,Wikidata P915/P625/P6375/P577
Q113658052,"Britains New Prime Minister, 1957",short film,1957-01-01,Q169101,唐宁街10号,51.503333333,-0.127777777,,,,,,,https://www.wikidata.org/wiki/Q113658052,https://www.wikidata.org/wiki/Q169101,Wikidata P915/P625/P6375/P577
Q113658052,"Britains New Prime Minister, 1957",short film,1957-01-01,Q42182,白金汉宫,51.501,-0.142,London SW1A 1AA,,,,,,https://www.wikidata.org/wiki/Q113658052,https://www.wikidata.org/wiki/Q42182,Wikidata P915/P625/P6375/P577
Q113667365,British Labor Party Deputy George Brown Arrives in Israel,short film,1970-01-01,Q145,英国,54.6,-2.0,,,,,,,https://www.wikidata.org/wiki/Q113667365,https://www.wikidata.org/wiki/Q145,Wikidata P915/P625/P6375/P577
Q113667586,Children Reenact Olympic games,short film,1952-01-01,Q22,苏格兰,57.0,-5.0,,,,,,,https://www.wikidata.org/wiki/Q113667586,https://www.wikidata.org/wiki/Q22,Wikidata P915/P625/P6375/P577
Q106504945,Closure,short film,2019-06-01,Q835835,卡马森,51.856944444,-4.316388888,,,,tt12665070,,,https://www.wikidata.org/wiki/Q106504945,https://www.wikidata.org/wiki/Q835835,Wikidata P915/P625/P6375/P577
Q113673926,Commander of the British Navy in the Middle East Retires and Bids Farewell to IDF Personnel,short film,1961-01-01,Q145,英国,54.6,-2.0,,,,,,,https://www.wikidata.org/wiki/Q113673926,https://www.wikidata.org/wiki/Q145,Wikidata P915/P625/P6375/P577
Q113672194,David Ben Gurion on Official Visit to the United States,short film,1960-01-01,Q145,英国,54.6,-2.0,,,,,,,https://www.wikidata.org/wiki/Q113672194,https://www.wikidata.org/wiki/Q145,Wikidata P915/P625/P6375/P577
Q109766868,Dealing With It,short film,2021-06-01,Q10690,加地夫,51.481666666,-3.179166666,,,,tt15161520,,,https://www.wikidata.org/wiki/Q109766868,https://www.wikidata.org/wiki/Q10690,Wikidata P915/P625/P6375/P577
Q113637945,Disabled Athletes Train for an International Sports Competition,short film,1955-01-01,Q145,英国,54.6,-2.0,,,,,,,https://www.wikidata.org/wiki/Q113637945,https://www.wikidata.org/wiki/Q145,Wikidata P915/P625/P6375/P577
Q113656861,El Al's New Aircrafts,short film,1957-01-01,Q84,伦敦,51.507222222,-0.1275,,,,,,,https://www.wikidata.org/wiki/Q113656861,https://www.wikidata.org/wiki/Q84,Wikidata P915/P625/P6375/P577
Q113656861,El Al's New Aircrafts,short film,1957-01-01,Q145,英国,54.6,-2.0,,,,,,,https://www.wikidata.org/wiki/Q113656861,https://www.wikidata.org/wiki/Q145,Wikidata P915/P625/P6375/P577
Q19007222,Faith in London,short film,2010-01-01,Q84,伦敦,51.507222222,-0.1275,,,,,,,https://www.wikidata.org/wiki/Q19007222,https://www.wikidata.org/wiki/Q84,Wikidata P915/P625/P6375/P577
Q113664268,Farma Sharp Company Inaugurates a New Razor Blade Factory,short film,1964-01-01,Q22,苏格兰,57.0,-5.0,,,,,,,https://www.wikidata.org/wiki/Q113664268,https://www.wikidata.org/wiki/Q22,Wikidata P915/P625/P6375/P577
Q116257009,Fibro and the New Me,short film,2018-10-18,Q18125,曼彻斯特,53.466666666,-2.233333333,,,,tt8097206,545312,,https://www.wikidata.org/wiki/Q116257009,https://www.wikidata.org/wiki/Q18125,Wikidata P915/P625/P6375/P577
Q113665857,Foreign Minister of the Britains Shadow Cabinet Visits Israel,short film,1966-01-01,Q145,英国,54.6,-2.0,,,,,,,https://www.wikidata.org/wiki/Q113665857,https://www.wikidata.org/wiki/Q145,Wikidata P915/P625/P6375/P577
Q113638034,Foreign Representatives Visit Israel,short film,1955-01-01,Q145,英国,54.6,-2.0,,,,,,,https://www.wikidata.org/wiki/Q113638034,https://www.wikidata.org/wiki/Q145,Wikidata P915/P625/P6375/P577
Q113665143,Golda Meir Returns from an Official Visit to England,short film,1969-01-01,Q145,英国,54.6,-2.0,,,,,,,https://www.wikidata.org/wiki/Q113665143,https://www.wikidata.org/wiki/Q145,Wikidata P915/P625/P6375/P577
Q113665124,Golda Meir Speaks in the Knesset about the Four-Power Talks  and the Jarring Talks,short film,1970-01-01,Q145,英国,54.6,-2.0,,,,,,,https://www.wikidata.org/wiki/Q113665124,https://www.wikidata.org/wiki/Q145,Wikidata P915/P625/P6375/P577
Q113642168,Haifa Celebrates the Coronation of King George VI,short film,1937-01-01,Q145,英国,54.6,-2.0,,,,,,,https://www.wikidata.org/wiki/Q113642168,https://www.wikidata.org/wiki/Q145,Wikidata P915/P625/P6375/P577
Q21950723,Happy and Glorious,short film,2012-01-01,Q84,伦敦,51.507222222,-0.1275,,,,,188454,,https://www.wikidata.org/wiki/Q21950723,https://www.wikidata.org/wiki/Q84,Wikidata P915/P625/P6375/P577
Q130455548,Hyde Park Bicycling Scene,short film,1896-01-01,Q123738,海德公园,51.508611111,-0.163611111,,,,tt1318026,181376,,https://www.wikidata.org/wiki/Q130455548,https://www.wikidata.org/wiki/Q123738,Wikidata P915/P625/P6375/P577
Q20501379,Hyde Park Corner,short film,1889-01-01,Q123738,海德公园,51.508611111,-0.163611111,,,,tt2116898,355764,,https://www.wikidata.org/wiki/Q20501379,https://www.wikidata.org/wiki/Q123738,Wikidata P915/P625/P6375/P577
Q113658210,Hydrogen Bombs Nuclear Test Conducted by Britain During Operation Grapple,short film,1957-01-01,Q145,英国,54.6,-2.0,,,,,,,https://www.wikidata.org/wiki/Q113658210,https://www.wikidata.org/wiki/Q145,Wikidata P915/P625/P6375/P577
Q113655885,Inauguration of Childrens Home in Givatayim,short film,1952-01-01,Q145,英国,54.6,-2.0,,,,,,,https://www.wikidata.org/wiki/Q113655885,https://www.wikidata.org/wiki/Q145,Wikidata P915/P625/P6375/P577
Q113665798,Incoming Ambassadors to Israel Submit Their Letter of Credence to the President,short film,1965-01-01,Q145,英国,54.6,-2.0,,,,,,,https://www.wikidata.org/wiki/Q113665798,https://www.wikidata.org/wiki/Q145,Wikidata P915/P625/P6375/P577
Q113666200,Israel Deflates its Currency Following Britain,short film,1967-01-01,Q145,英国,54.6,-2.0,,,,,,,https://www.wikidata.org/wiki/Q113666200,https://www.wikidata.org/wiki/Q145,Wikidata P915/P625/P6375/P577
Q109766920,Jangle,short film,,Q10690,加地夫,51.481666666,-3.179166666,,,,tt16248660,919736,,https://www.wikidata.org/wiki/Q109766920,https://www.wikidata.org/wiki/Q10690,Wikidata P915/P625/P6375/P577
Q113642165,Jerusalem Celebrates the Coronation of King George VI,short film,1937-01-01,Q145,英国,54.6,-2.0,,,,,,,https://www.wikidata.org/wiki/Q113642165,https://www.wikidata.org/wiki/Q145,Wikidata P915/P625/P6375/P577
Q113664661,"Kibbutz Exhibition at Selfridges Department Store, London",short film,1967-01-01,Q84,伦敦,51.507222222,-0.1275,,,,,,,https://www.wikidata.org/wiki/Q113664661,https://www.wikidata.org/wiki/Q84,Wikidata P915/P625/P6375/P577
Q1989298,"Leisurely Pedestrians, Open Topped Buses and Hansom Cabs with Trotting Horses",short film,1889-01-01,Q123738,海德公园,51.508611111,-0.163611111,,,,tt0466876,32406 | 355764,,https://www.wikidata.org/wiki/Q1989298,https://www.wikidata.org/wiki/Q123738,Wikidata P915/P625/P6375/P577
Q113663700,"Lord Bancroft, Director of Global London Tourism Company, Visits Israel",short film,1964-01-01,Q84,伦敦,51.507222222,-0.1275,,,,,,,https://www.wikidata.org/wiki/Q113663700,https://www.wikidata.org/wiki/Q84,Wikidata P915/P625/P6375/P577
Q106505017,Man For The Job,short film,2021-03-01,Q10690,加地夫,51.481666666,-3.179166666,,,,tt14432508,,,https://www.wikidata.org/wiki/Q106505017,https://www.wikidata.org/wiki/Q10690,Wikidata P915/P625/P6375/P577
Q112136105,Mara: The Seal Wife,short film,,Q80967,埃利安锡尔,57.76,-7.02,,,,tt8910870,1019486,,https://www.wikidata.org/wiki/Q112136105,https://www.wikidata.org/wiki/Q80967,Wikidata P915/P625/P6375/P577
Q113663674,Monokini Swimwear Sold in Israel,short film,1964-01-01,Q145,英国,54.6,-2.0,,,,,,,https://www.wikidata.org/wiki/Q113663674,https://www.wikidata.org/wiki/Q145,Wikidata P915/P625/P6375/P577
Q124713861,Negro Street Dancers,short film,1896-03-10,Q84,伦敦,51.507222222,-0.1275,,,,tt0928159,190564,,https://www.wikidata.org/wiki/Q124713861,https://www.wikidata.org/wiki/Q84,Wikidata P915/P625/P6375/P577
Q113642166,Netanya Celebrates the Coronation of King George VI,short film,1937-01-01,Q145,英国,54.6,-2.0,,,,,,,https://www.wikidata.org/wiki/Q113642166,https://www.wikidata.org/wiki/Q145,Wikidata P915/P625/P6375/P577
Q15039704,New Year's Eve,short film,2002-01-01,Q84,伦敦,51.507222222,-0.1275,,,,tt0378437,490358,,https://www.wikidata.org/wiki/Q15039704,https://www.wikidata.org/wiki/Q84,Wikidata P915/P625/P6375/P577
Q113656714,"News Flashes from Around the World: Italy, UK, USA",short film,1954-01-01,Q84,伦敦,51.507222222,-0.1275,,,,,,,https://www.wikidata.org/wiki/Q113656714,https://www.wikidata.org/wiki/Q84,Wikidata P915/P625/P6375/P577
Q113637711,News From Around the World,short film,1954-01-01,Q84,伦敦,51.507222222,-0.1275,,,,,,,https://www.wikidata.org/wiki/Q113637711,https://www.wikidata.org/wiki/Q84,Wikidata P915/P625/P6375/P577
Q113666681,"News From the United Kingdom, July 1968",short film,1968-01-01,Q145,英国,54.6,-2.0,,,,,,,https://www.wikidata.org/wiki/Q113666681,https://www.wikidata.org/wiki/Q145,Wikidata P915/P625/P6375/P577
Q113668771,"News From the United Kingdom, June 1953",short film,1953-01-01,Q5933,威斯敏斯特教堂,51.4994,-0.127367,,,,,,,https://www.wikidata.org/wiki/Q113668771,https://www.wikidata.org/wiki/Q5933,Wikidata P915/P625/P6375/P577
Q113668771,"News From the United Kingdom, June 1953",short film,1953-01-01,Q42182,白金汉宫,51.501,-0.142,London SW1A 1AA,,,,,,https://www.wikidata.org/wiki/Q113668771,https://www.wikidata.org/wiki/Q42182,Wikidata P915/P625/P6375/P577
Q113664946,"News From the United Kingdom, November 1964",short film,1964-01-01,Q84,伦敦,51.507222222,-0.1275,,,,,,,https://www.wikidata.org/wiki/Q113664946,https://www.wikidata.org/wiki/Q84,Wikidata P915/P625/P6375/P577
Q113637828,"News from Around the World: UK, USA, Soviet Union (Georgia)",short film,1955-01-01,Q84,伦敦,51.507222222,-0.1275,,,,,,,https://www.wikidata.org/wiki/Q113637828,https://www.wikidata.org/wiki/Q84,Wikidata P915/P625/P6375/P577
Q113664315,"News from the World, April 1964",short film,1964-01-01,Q145,英国,54.6,-2.0,,,,,,,https://www.wikidata.org/wiki/Q113664315,https://www.wikidata.org/wiki/Q145,Wikidata P915/P625/P6375/P577
Q113664041,"News from the World, August 1964",short film,1964-01-01,Q145,英国,54.6,-2.0,,,,,,,https://www.wikidata.org/wiki/Q113664041,https://www.wikidata.org/wiki/Q145,Wikidata P915/P625/P6375/P577
Q113674395,"News from the World, January 1962",short film,1962-01-01,Q145,英国,54.6,-2.0,,,,,,,https://www.wikidata.org/wiki/Q113674395,https://www.wikidata.org/wiki/Q145,Wikidata P915/P625/P6375/P577
Q113665735,"News from the World, Novemebr 1965",short film,1965-01-01,Q84,伦敦,51.507222222,-0.1275,,,,,,,https://www.wikidata.org/wiki/Q113665735,https://www.wikidata.org/wiki/Q84,Wikidata P915/P625/P6375/P577
Q113663696,"News from the world, July 1964",short film,1964-01-01,Q145,英国,54.6,-2.0,,,,,,,https://www.wikidata.org/wiki/Q113663696,https://www.wikidata.org/wiki/Q145,Wikidata P915/P625/P6375/P577
Q3382446,Nice Time,short film,1957-01-01,Q84,伦敦,51.507222222,-0.1275,,,,tt0201798,117477,,https://www.wikidata.org/wiki/Q3382446,https://www.wikidata.org/wiki/Q84,Wikidata P915/P625/P6375/P577
Q19363710,"Not Ok Here, Not Ok Anywhere",short film,2012-01-01,Q84,伦敦,51.507222222,-0.1275,,,,tt2202500,,,https://www.wikidata.org/wiki/Q19363710,https://www.wikidata.org/wiki/Q84,Wikidata P915/P625/P6375/P577
Q113666439,Prime Minister Levi Eshkol Makes an Official Visit to London,short film,1968-01-01,Q84,伦敦,51.507222222,-0.1275,,,,,,,https://www.wikidata.org/wiki/Q113666439,https://www.wikidata.org/wiki/Q84,Wikidata P915/P625/P6375/P577
Q113665417,Prime Minister Levi Eshkol on an Official Visit to London,short film,1965-01-01,Q84,伦敦,51.507222222,-0.1275,,,,,,,https://www.wikidata.org/wiki/Q113665417,https://www.wikidata.org/wiki/Q84,Wikidata P915/P625/P6375/P577
Q136544194,Riot Club,short film,2019-01-01,Q84,伦敦,51.507222222,-0.1275,,,,,,,https://www.wikidata.org/wiki/Q136544194,https://www.wikidata.org/wiki/Q84,Wikidata P915/P625/P6375/P577
Q113665234,Sir Winston Churchill is Buried,short film,1965-01-01,Q84,伦敦,51.507222222,-0.1275,,,,,,,https://www.wikidata.org/wiki/Q113665234,https://www.wikidata.org/wiki/Q84,Wikidata P915/P625/P6375/P577
Q113657131,Special Newsreel Dedicated to the Years Event Summary in Israel,short film,1958-01-01,Q25,威尔士,52.35,-3.633333333,,,,,,,https://www.wikidata.org/wiki/Q113657131,https://www.wikidata.org/wiki/Q25,Wikidata P915/P625/P6375/P577
Q113664714,Submarine INS Leviathan Launched in England,short film,1967-01-01,Q145,英国,54.6,-2.0,,,,,,,https://www.wikidata.org/wiki/Q113664714,https://www.wikidata.org/wiki/Q145,Wikidata P915/P625/P6375/P577
Q113642163,Tel Aviv Celebrates the Coronation of King George VI,short film,1937-01-01,Q145,英国,54.6,-2.0,,,,,,,https://www.wikidata.org/wiki/Q113642163,https://www.wikidata.org/wiki/Q145,Wikidata P915/P625/P6375/P577
Q106504977,Terror Beach,short film,2019-12-24,Q835835,卡马森,51.856944444,-4.316388888,,,,tt12185054,,,https://www.wikidata.org/wiki/Q106504977,https://www.wikidata.org/wiki/Q835835,Wikidata P915/P625/P6375/P577
Q113670906,Test Flight for Britannia Airplane Lands at Lod Airport,short film,1955-01-01,Q145,英国,54.6,-2.0,,,,,,,https://www.wikidata.org/wiki/Q113670906,https://www.wikidata.org/wiki/Q145,Wikidata P915/P625/P6375/P577
Q111756717,The Bike Ride,short film,1973-01-01,Q12058752,Gold Hill,51.005055555,-2.197191666,,,,tt11588548,,,https://www.wikidata.org/wiki/Q111756717,https://www.wikidata.org/wiki/Q12058752,Wikidata P915/P625/P6375/P577
Q7719592,The Boxer,short film,2012-01-01,Q84,伦敦,51.507222222,-0.1275,,,,tt2387738,,,https://www.wikidata.org/wiki/Q7719592,https://www.wikidata.org/wiki/Q84,Wikidata P915/P625/P6375/P577
Q113657229,The British Ambassador Visits Tel Aviv Mayor Chaim Levanon,short film,1954-01-01,Q145,英国,54.6,-2.0,,,,,,,https://www.wikidata.org/wiki/Q113657229,https://www.wikidata.org/wiki/Q145,Wikidata P915/P625/P6375/P577
Q113655728,The British Delegate Presents His Credentials,short film,1951-01-01,Q145,英国,54.6,-2.0,,,,,,,https://www.wikidata.org/wiki/Q113655728,https://www.wikidata.org/wiki/Q145,Wikidata P915/P625/P6375/P577
Q113657907,"The Epsom Derby, 1958",short film,1958-01-01,Q145,英国,54.6,-2.0,,,,,,,https://www.wikidata.org/wiki/Q113657907,https://www.wikidata.org/wiki/Q145,Wikidata P915/P625/P6375/P577
Q113657907,"The Epsom Derby, 1958",short film,1958-01-01,Q5383997,葉森馬場,51.3097,-0.255556,,,,,,,https://www.wikidata.org/wiki/Q113657907,https://www.wikidata.org/wiki/Q5383997,Wikidata P915/P625/P6375/P577
Q113654121,The High Commissioner Visits Hebrew University and Hadassah University Hospital,short film,,Q145,英国,54.6,-2.0,,,,,,,https://www.wikidata.org/wiki/Q113654121,https://www.wikidata.org/wiki/Q145,Wikidata P915/P625/P6375/P577
Q913078,Traffic Crossing Leeds Bridge,short film,1888-01-01,Q39121,利兹,53.7975,-1.543611111,,,,tt0343112,16464,,https://www.wikidata.org/wiki/Q913078,https://www.wikidata.org/wiki/Q39121,Wikidata P915/P625/P6375/P577
Q18465764,"Traffic in King's Road, Chelsea",short film,1890-01-01,Q373302,國王路,51.48737,-0.168874,,,,tt2116968,355846,,https://www.wikidata.org/wiki/Q18465764,https://www.wikidata.org/wiki/Q373302,Wikidata P915/P625/P6375/P577
Q113640757,"World News, 1955 Highlights",short film,1956-01-01,Q145,英国,54.6,-2.0,,,,,,,https://www.wikidata.org/wiki/Q113640757,https://www.wikidata.org/wiki/Q145,Wikidata P915/P625/P6375/P577
Q113662518,"World News, April 1963",short film,1963-01-01,Q145,英国,54.6,-2.0,,,,,,,https://www.wikidata.org/wiki/Q113662518,https://www.wikidata.org/wiki/Q145,Wikidata P915/P625/P6375/P577
Q113665615,"World News, August 1965, American Journalist Robert Manry Crosses the Atlantic in a Small Boat",short film,1965-01-01,Q84,伦敦,51.507222222,-0.1275,,,,,,,https://www.wikidata.org/wiki/Q113665615,https://www.wikidata.org/wiki/Q84,Wikidata P915/P625/P6375/P577
Q113666479,"World News, February 1968, Pajama Fashion in London",short film,1968-01-01,Q84,伦敦,51.507222222,-0.1275,,,,,,,https://www.wikidata.org/wiki/Q113666479,https://www.wikidata.org/wiki/Q84,Wikidata P915/P625/P6375/P577
Q113674374,"World News, January 1962, Bonnets Fashion Show in London",short film,1962-01-01,Q84,伦敦,51.507222222,-0.1275,,,,,,,https://www.wikidata.org/wiki/Q113674374,https://www.wikidata.org/wiki/Q84,Wikidata P915/P625/P6375/P577
Q112613618,"World News, July 1958",short film,1958-01-01,Q145,英国,54.6,-2.0,,,,,,,https://www.wikidata.org/wiki/Q112613618,https://www.wikidata.org/wiki/Q145,Wikidata P915/P625/P6375/P577
Q113665564,"World News, July 1965, British Airforce Plane Crashes After Takeoff",short film,1965-01-01,Q145,英国,54.6,-2.0,,,,,,,https://www.wikidata.org/wiki/Q113665564,https://www.wikidata.org/wiki/Q145,Wikidata P915/P625/P6375/P577
Q112613320,"World News, June 1958",short film,1958-01-01,Q145,英国,54.6,-2.0,,,,,,,https://www.wikidata.org/wiki/Q112613320,https://www.wikidata.org/wiki/Q145,Wikidata P915/P625/P6375/P577
Q113662569,"World News, May 1963",short film,1963-01-01,Q5933,威斯敏斯特教堂,51.4994,-0.127367,,,,,,,https://www.wikidata.org/wiki/Q113662569,https://www.wikidata.org/wiki/Q5933,Wikidata P915/P625/P6375/P577
Q113665487,"World News, May 1965, in Britain a Monument Is Inaugurated in Memory of Late President Kennedy",short film,1965-01-01,Q145,英国,54.6,-2.0,,,,,,,https://www.wikidata.org/wiki/Q113665487,https://www.wikidata.org/wiki/Q145,Wikidata P915/P625/P6375/P577
Q113666545,"World News, May 1968",short film,1968-01-01,Q145,英国,54.6,-2.0,,,,,,,https://www.wikidata.org/wiki/Q113666545,https://www.wikidata.org/wiki/Q145,Wikidata P915/P625/P6375/P577
Q113664839,"World News, October 1964",short film,1964-01-01,Q84,伦敦,51.507222222,-0.1275,,,,,,,https://www.wikidata.org/wiki/Q113664839,https://www.wikidata.org/wiki/Q84,Wikidata P915/P625/P6375/P577
Q113665702,"World News, October 1965",short film,1965-01-01,Q145,英国,54.6,-2.0,,,,,,,https://www.wikidata.org/wiki/Q113665702,https://www.wikidata.org/wiki/Q145,Wikidata P915/P625/P6375/P577
Q113671619,"World News, September 1956",short film,1956-01-01,Q84,伦敦,51.507222222,-0.1275,,,,,,,https://www.wikidata.org/wiki/Q113671619,https://www.wikidata.org/wiki/Q84,Wikidata P915/P625/P6375/P577
Q113671145,"World News, September 1959",short film,1959-01-01,Q22,苏格兰,57.0,-5.0,,,,,,,https://www.wikidata.org/wiki/Q113671145,https://www.wikidata.org/wiki/Q22,Wikidata P915/P625/P6375/P577
Q113656702,World news,short film,1954-01-01,Q84,伦敦,51.507222222,-0.1275,,,,,,,https://www.wikidata.org/wiki/Q113656702,https://www.wikidata.org/wiki/Q84,Wikidata P915/P625/P6375/P577
Q110519496,亨利·休格的神奇故事,short film,2023-09-27,Q84,伦敦,51.507222222,-0.1275,,,,tt16968450,923939,,https://www.wikidata.org/wiki/Q110519496,https://www.wikidata.org/wiki/Q84,Wikidata P915/P625/P6375/P577
Q2913387,伦敦特拉法加广场,short film,1890-01-01,Q129143,特拉法加广场,51.508055555,-0.128055555,,,,tt1202028,33316,,https://www.wikidata.org/wiki/Q2913387,https://www.wikidata.org/wiki/Q129143,Wikidata P915/P625/P6375/P577
Q123151594,死亡回放,short film,2023-10-20,Q84,伦敦,51.507222222,-0.1275,,,,tt29291436,1191885,,https://www.wikidata.org/wiki/Q123151594,https://www.wikidata.org/wiki/Q84,Wikidata P915/P625/P6375/P577
Q4920265,黑天使,short film,1980-05-21,Q79182,艾琳多南,57.274166666,-5.516111111,,,,tt0130508,273879,,https://www.wikidata.org/wiki/Q4920265,https://www.wikidata.org/wiki/Q79182,Wikidata P915/P625/P6375/P577
Q4920265,黑天使,short film,1980-05-21,Q22,苏格兰,57.0,-5.0,,,,tt0130508,273879,,https://www.wikidata.org/wiki/Q4920265,https://www.wikidata.org/wiki/Q22,Wikidata P915/P625/P6375/P577
Q267176,郎德海花园场景,silent short film,1888-10-14,Q3305358,朗德海公园,53.8417,-1.4925,,,,tt0392728,16463,,https://www.wikidata.org/wiki/Q267176,https://www.wikidata.org/wiki/Q3305358,Wikidata P915/P625/P6375/P577
Q1436102,Mrs McGinty’s Dead,television episode,2008-01-01,Q15225335,Horsted Keynes railway station,51.0461,-0.0446,,,,tt0772597,,,https://www.wikidata.org/wiki/Q1436102,https://www.wikidata.org/wiki/Q15225335,Wikidata P915/P625/P6375/P577
Q1436102,Mrs McGinty’s Dead,television episode,2008-01-01,Q7331011,Richmond Theatre,51.4621,-0.30381,"The Green, Richmond upon Thames, TW9 1QJ, England",,,tt0772597,,,https://www.wikidata.org/wiki/Q1436102,https://www.wikidata.org/wiki/Q7331011,Wikidata P915/P625/P6375/P577
Q1436102,Mrs McGinty’s Dead,television episode,2008-01-01,Q1850580,汉布尔登,51.571877777,-0.867897222,,,,tt0772597,,,https://www.wikidata.org/wiki/Q1436102,https://www.wikidata.org/wiki/Q1850580,Wikidata P915/P625/P6375/P577
Q1197563,Taken at the Flood,television episode,2006-01-01,Q16957681,Chilworth Manor,51.2206,-0.531,,,,tt0478227,1633382,,https://www.wikidata.org/wiki/Q1197563,https://www.wikidata.org/wiki/Q16957681,Wikidata P915/P625/P6375/P577
Q1197563,Taken at the Flood,television episode,2006-01-01,Q5297593,Dorchester Abbey,51.6437,-1.1644,,,,tt0478227,1633382,,https://www.wikidata.org/wiki/Q1197563,https://www.wikidata.org/wiki/Q5297593,Wikidata P915/P625/P6375/P577
Q1197563,Taken at the Flood,television episode,2006-01-01,Q17549614,The George Hotel,51.6439,-1.16575,"High Street, Dorchester-On-Thames, Wallingford, OX10 7HH",,,tt0478227,1633382,,https://www.wikidata.org/wiki/Q1197563,https://www.wikidata.org/wiki/Q17549614,Wikidata P915/P625/P6375/P577
Q1197563,Taken at the Flood,television episode,2006-01-01,Q16974828,恩格爾菲爾德府,51.4431,-1.10603,,,,tt0478227,1633382,,https://www.wikidata.org/wiki/Q1197563,https://www.wikidata.org/wiki/Q16974828,Wikidata P915/P625/P6375/P577
Q1197563,Taken at the Flood,television episode,2006-01-01,Q1243780,泰晤士河畔多切斯特,51.644,-1.166,,,,tt0478227,1633382,,https://www.wikidata.org/wiki/Q1197563,https://www.wikidata.org/wiki/Q1243780,Wikidata P915/P625/P6375/P577
Q2421373,Third Girl,television episode,2008-01-01,Q7498342,Shirburn Castle,51.65826,-0.99436,,,,tt0981210,,,https://www.wikidata.org/wiki/Q2421373,https://www.wikidata.org/wiki/Q7498342,Wikidata P915/P625/P6375/P577
Q2421373,Third Girl,television episode,2008-01-01,Q8038699,羅瑟姆公園,51.6773,-0.196574,,,,tt0981210,,,https://www.wikidata.org/wiki/Q2421373,https://www.wikidata.org/wiki/Q8038699,Wikidata P915/P625/P6375/P577
Q4004124,A Man for All Seasons,television film,1988-01-01,Q661896,松木制片厂,51.548611111,-0.535,,,,tt0095578,118091,,https://www.wikidata.org/wiki/Q4004124,https://www.wikidata.org/wiki/Q661896,Wikidata P915/P625/P6375/P577
Q1197868,After the Funeral,television film,2005-01-01,Q16255974,Byfleet Manor,51.3315,-0.463878,,,,tt0479977,,,https://www.wikidata.org/wiki/Q1197868,https://www.wikidata.org/wiki/Q16255974,Wikidata P915/P625/P6375/P577
Q1197868,After the Funeral,television film,2005-01-01,Q15225335,Horsted Keynes railway station,51.0461,-0.0446,,,,tt0479977,,,https://www.wikidata.org/wiki/Q1197868,https://www.wikidata.org/wiki/Q15225335,Wikidata P915/P625/P6375/P577
Q1197868,After the Funeral,television film,2005-01-01,Q15979199,Normansfield Theatre,51.4185,-0.31512,"Normansfield, 2a Langdon Park, Teddington, London, Richmond, Middlesex, TW11 9PS, England",,,tt0479977,,,https://www.wikidata.org/wiki/Q1197868,https://www.wikidata.org/wiki/Q15979199,Wikidata P915/P625/P6375/P577
Q1197868,After the Funeral,television film,2005-01-01,Q65658837,Portugal Street,51.514818,-0.116486,,,,tt0479977,,,https://www.wikidata.org/wiki/Q1197868,https://www.wikidata.org/wiki/Q65658837,Wikidata P915/P625/P6375/P577
Q1197868,After the Funeral,television film,2005-01-01,Q16899452,Rotherfield Park,51.0858,-1.0094,,,,tt0479977,,,https://www.wikidata.org/wiki/Q1197868,https://www.wikidata.org/wiki/Q16899452,Wikidata P915/P625/P6375/P577
Q1197868,After the Funeral,television film,2005-01-01,Q17548819,Vann,51.1288,-0.59702,,,,tt0479977,,,https://www.wikidata.org/wiki/Q1197868,https://www.wikidata.org/wiki/Q17548819,Wikidata P915/P625/P6375/P577
Q17426152,An Impossible Job,television film,1994-01-01,Q84,伦敦,51.507222222,-0.1275,,,,tt3823528,,,https://www.wikidata.org/wiki/Q17426152,https://www.wikidata.org/wiki/Q84,Wikidata P915/P625/P6375/P577
Q4750251,An Ungentlemanly Act,television film,1992-06-13,Q72081,伊灵制作公司,51.509166666,-0.3075,,,,tt0134178,45562,,https://www.wikidata.org/wiki/Q4750251,https://www.wikidata.org/wiki/Q72081,Wikidata P915/P625/P6375/P577
Q4750251,An Ungentlemanly Act,television film,1992-06-13,Q9648,福克兰群岛,-51.73,-59.22,,,,tt0134178,45562,,https://www.wikidata.org/wiki/Q4750251,https://www.wikidata.org/wiki/Q9648,Wikidata P915/P625/P6375/P577
Q4841332,Baffled!,television film,1972-12-17,Q661896,松木制片厂,51.548611111,-0.535,,,,tt0068248,171308,,https://www.wikidata.org/wiki/Q4841332,https://www.wikidata.org/wiki/Q661896,Wikidata P915/P625/P6375/P577
Q16826704,Banglatown Banquet,television film,2006-01-01,Q84,伦敦,51.507222222,-0.1275,,,,tt0776762,436529,,https://www.wikidata.org/wiki/Q16826704,https://www.wikidata.org/wiki/Q84,Wikidata P915/P625/P6375/P577
Q4967016,Brief Encounter,television film,1974-01-01,Q661896,松木制片厂,51.548611111,-0.535,,,,tt0071247,115497,,https://www.wikidata.org/wiki/Q4967016,https://www.wikidata.org/wiki/Q661896,Wikidata P915/P625/P6375/P577
Q5054216,Catwalk Dogs,television film,2007-10-21,Q2281721,特丁顿,51.4242,-0.3321,,,,tt1062242,285699,,https://www.wikidata.org/wiki/Q5054216,https://www.wikidata.org/wiki/Q2281721,Wikidata P915/P625/P6375/P577
Q1218101,D'Artagnan and the Three Musketeers,television film,2005-01-22,Q1015079,伯利莊園,52.6425,-0.453056,"Burghley House, Stamford PE9 3JY",,,tt0425945,119900,91010,https://www.wikidata.org/wiki/Q1218101,https://www.wikidata.org/wiki/Q1015079,Wikidata P915/P625/P6375/P577
Q23824552,England in General and Particular,television film,,Q21,英格兰,53.0,-1.0,,,,tt4553876,,128333,https://www.wikidata.org/wiki/Q23824552,https://www.wikidata.org/wiki/Q21,Wikidata P915/P625/P6375/P577
Q5468251,Foreign Exchange,television film,1970-01-01,Q661896,松木制片厂,51.548611111,-0.535,,,,tt0064340,252709,,https://www.wikidata.org/wiki/Q5468251,https://www.wikidata.org/wiki/Q661896,Wikidata P915/P625/P6375/P577
Q1198889,Good King Wenceslas,television film,1994-01-01,Q21,英格兰,53.0,-1.0,,,,tt0109919,332325,,https://www.wikidata.org/wiki/Q1198889,https://www.wikidata.org/wiki/Q21,Wikidata P915/P625/P6375/P577
Q3776130,Great Expectations,television film,1999-01-01,Q661896,松木制片厂,51.548611111,-0.535,,,,tt0167187,16075,286423,https://www.wikidata.org/wiki/Q3776130,https://www.wikidata.org/wiki/Q661896,Wikidata P915/P625/P6375/P577
Q3776130,Great Expectations,television film,1999-01-01,Q23436,爱丁堡,55.953333333,-3.189166666,,,,tt0167187,16075,286423,https://www.wikidata.org/wiki/Q3776130,https://www.wikidata.org/wiki/Q23436,Wikidata P915/P625/P6375/P577
Q1421958,Jason and the Argonauts,television film,2000-01-01,Q84,伦敦,51.507222222,-0.1275,,,,tt0217579,,25406,https://www.wikidata.org/wiki/Q1421958,https://www.wikidata.org/wiki/Q84,Wikidata P915/P625/P6375/P577
Q1421958,Jason and the Argonauts,television film,2000-01-01,Q1545679,谢珀顿,51.395833333,-0.448888888,,,,tt0217579,,25406,https://www.wikidata.org/wiki/Q1421958,https://www.wikidata.org/wiki/Q1545679,Wikidata P915/P625/P6375/P577
Q6739035,Make Me a Tory,television film,2007-01-01,Q84,伦敦,51.507222222,-0.1275,,,,tt0993771,,,https://www.wikidata.org/wiki/Q6739035,https://www.wikidata.org/wiki/Q84,Wikidata P915/P625/P6375/P577
Q1436102,Mrs McGinty’s Dead,television film,2008-01-01,Q15225335,Horsted Keynes railway station,51.0461,-0.0446,,,,tt0772597,,,https://www.wikidata.org/wiki/Q1436102,https://www.wikidata.org/wiki/Q15225335,Wikidata P915/P625/P6375/P577
Q1436102,Mrs McGinty’s Dead,television film,2008-01-01,Q7331011,Richmond Theatre,51.4621,-0.30381,"The Green, Richmond upon Thames, TW9 1QJ, England",,,tt0772597,,,https://www.wikidata.org/wiki/Q1436102,https://www.wikidata.org/wiki/Q7331011,Wikidata P915/P625/P6375/P577
Q1436102,Mrs McGinty’s Dead,television film,2008-01-01,Q1850580,汉布尔登,51.571877777,-0.867897222,,,,tt0772597,,,https://www.wikidata.org/wiki/Q1436102,https://www.wikidata.org/wiki/Q1850580,Wikidata P915/P625/P6375/P577
Q3307591,Murder in Mesopotamia,television film,2001-01-01,Q26411009,Bray Film Studios,51.49296,-0.676232,,,,tt0278634,1529613,,https://www.wikidata.org/wiki/Q3307591,https://www.wikidata.org/wiki/Q26411009,Wikidata P915/P625/P6375/P577
Q3430569,Prisoner of Honor,television film,1991-01-01,Q661896,松木制片厂,51.548611111,-0.535,,,,tt0102715,233156,,https://www.wikidata.org/wiki/Q3430569,https://www.wikidata.org/wiki/Q661896,Wikidata P915/P625/P6375/P577
Q107985684,Q107985684,television film,2016-12-11,Q84,伦敦,51.507222222,-0.1275,,,,,,,https://www.wikidata.org/wiki/Q107985684,https://www.wikidata.org/wiki/Q84,Wikidata P915/P625/P6375/P577
Q107985684,Q107985684,television film,2016-12-11,Q189288,埃文河畔斯特拉特福,52.192777777,-1.706388888,,,,,,,https://www.wikidata.org/wiki/Q107985684,https://www.wikidata.org/wiki/Q189288,Wikidata P915/P625/P6375/P577
Q7309897,Reichenbach Falls,television film,2007-01-01,Q23436,爱丁堡,55.953333333,-3.189166666,,,,tt0862641,54802,,https://www.wikidata.org/wiki/Q7309897,https://www.wikidata.org/wiki/Q23436,Wikidata P915/P625/P6375/P577
Q7379541,Run a Crooked Mile,television film,1969-01-01,Q661896,松木制片厂,51.548611111,-0.535,,,,tt0064910,325666,,https://www.wikidata.org/wiki/Q7379541,https://www.wikidata.org/wiki/Q661896,Wikidata P915/P625/P6375/P577
Q14954099,Second Generation,television film,2003-01-01,Q84,伦敦,51.507222222,-0.1275,,,,tt0380693,,29749,https://www.wikidata.org/wiki/Q14954099,https://www.wikidata.org/wiki/Q84,Wikidata P915/P625/P6375/P577
Q7602575,Starting Over,television film,2007-01-01,Q23436,爱丁堡,55.953333333,-3.189166666,,,,tt1152390,197878,,https://www.wikidata.org/wiki/Q7602575,https://www.wikidata.org/wiki/Q23436,Wikidata P915/P625/P6375/P577
Q7620117,Storm Damage,television film,2000-01-23,Q84,伦敦,51.507222222,-0.1275,,,,tt0174245,392945,,https://www.wikidata.org/wiki/Q7620117,https://www.wikidata.org/wiki/Q84,Wikidata P915/P625/P6375/P577
Q7637440,Summer Solstice,television film,2005-01-01,Q23436,爱丁堡,55.953333333,-3.189166666,,,,tt0785054,281709,42121,https://www.wikidata.org/wiki/Q7637440,https://www.wikidata.org/wiki/Q23436,Wikidata P915/P625/P6375/P577
Q1197563,Taken at the Flood,television film,2006-01-01,Q16957681,Chilworth Manor,51.2206,-0.531,,,,tt0478227,1633382,,https://www.wikidata.org/wiki/Q1197563,https://www.wikidata.org/wiki/Q16957681,Wikidata P915/P625/P6375/P577
Q1197563,Taken at the Flood,television film,2006-01-01,Q5297593,Dorchester Abbey,51.6437,-1.1644,,,,tt0478227,1633382,,https://www.wikidata.org/wiki/Q1197563,https://www.wikidata.org/wiki/Q5297593,Wikidata P915/P625/P6375/P577
Q1197563,Taken at the Flood,television film,2006-01-01,Q17549614,The George Hotel,51.6439,-1.16575,"High Street, Dorchester-On-Thames, Wallingford, OX10 7HH",,,tt0478227,1633382,,https://www.wikidata.org/wiki/Q1197563,https://www.wikidata.org/wiki/Q17549614,Wikidata P915/P625/P6375/P577
Q1197563,Taken at the Flood,television film,2006-01-01,Q16974828,恩格爾菲爾德府,51.4431,-1.10603,,,,tt0478227,1633382,,https://www.wikidata.org/wiki/Q1197563,https://www.wikidata.org/wiki/Q16974828,Wikidata P915/P625/P6375/P577
Q1197563,Taken at the Flood,television film,2006-01-01,Q1243780,泰晤士河畔多切斯特,51.644,-1.166,,,,tt0478227,1633382,,https://www.wikidata.org/wiki/Q1197563,https://www.wikidata.org/wiki/Q1243780,Wikidata P915/P625/P6375/P577
Q2371601,The Lady and the Highwayman,television film,1989-01-01,Q661896,松木制片厂,51.548611111,-0.535,,,,tt0097707,59171,,https://www.wikidata.org/wiki/Q2371601,https://www.wikidata.org/wiki/Q661896,Wikidata P915/P625/P6375/P577
Q3523112,The Turn of the Screw,television film,1974-01-01,Q84,伦敦,51.507222222,-0.1275,,,,tt0072328,126689,,https://www.wikidata.org/wiki/Q3523112,https://www.wikidata.org/wiki/Q84,Wikidata P915/P625/P6375/P577
Q2421373,Third Girl,television film,2008-01-01,Q7498342,Shirburn Castle,51.65826,-0.99436,,,,tt0981210,,,https://www.wikidata.org/wiki/Q2421373,https://www.wikidata.org/wiki/Q7498342,Wikidata P915/P625/P6375/P577
Q2421373,Third Girl,television film,2008-01-01,Q8038699,羅瑟姆公園,51.6773,-0.196574,,,,tt0981210,,,https://www.wikidata.org/wiki/Q2421373,https://www.wikidata.org/wiki/Q8038699,Wikidata P915/P625/P6375/P577
Q127254988,Under High Pressure: Investigation Into the Ryanair System,television film,2024-05-15,Q84,伦敦,51.507222222,-0.1275,,,,tt32474521,1296485,,https://www.wikidata.org/wiki/Q127254988,https://www.wikidata.org/wiki/Q84,Wikidata P915/P625/P6375/P577
Q127254988,Under High Pressure: Investigation Into the Ryanair System,television film,2024-05-15,Q8709,伦敦斯坦斯特德机场,51.885,0.235,,,,tt32474521,1296485,,https://www.wikidata.org/wiki/Q127254988,https://www.wikidata.org/wiki/Q8709,Wikidata P915/P625/P6375/P577
Q27728970,Under the Greenwood Tree,television film,2006-04-23,Q726273,阿什里奇,51.7996,-0.5594,,,,tt0465653,18091,,https://www.wikidata.org/wiki/Q27728970,https://www.wikidata.org/wiki/Q726273,Wikidata P915/P625/P6375/P577
Q39649619,When Louis Met... Jimmy,television film,2000-04-13,Q39121,利兹,53.7975,-1.543611111,,,,tt0304938,,,https://www.wikidata.org/wiki/Q39649619,https://www.wikidata.org/wiki/Q39121,Wikidata P915/P625/P6375/P577
Q39649619,When Louis Met... Jimmy,television film,2000-04-13,Q848909,威廉堡,56.816944444,-5.109722222,,,,tt0304938,,,https://www.wikidata.org/wiki/Q39649619,https://www.wikidata.org/wiki/Q848909,Wikidata P915/P625/P6375/P577
Q39649619,When Louis Met... Jimmy,television film,2000-04-13,Q956688,格伦科,56.6828,-5.10598,,,,tt0304938,,,https://www.wikidata.org/wiki/Q39649619,https://www.wikidata.org/wiki/Q956688,Wikidata P915/P625/P6375/P577
Q15581476,三人征兆,television film,2014-01-05,Q2916209,倫敦郡會堂,51.501944444,-0.118888888,"1 Belvedere Road, London",,,tt2781042,,,https://www.wikidata.org/wiki/Q15581476,https://www.wikidata.org/wiki/Q2916209,Wikidata P915/P625/P6375/P577
Q15581476,三人征兆,television film,2014-01-05,Q5580261,哥德尼舍堂,51.4523,-2.6154,,,,tt2781042,,,https://www.wikidata.org/wiki/Q15581476,https://www.wikidata.org/wiki/Q5580261,Wikidata P915/P625/P6375/P577
Q15581476,三人征兆,television film,2014-01-05,Q7547691,斯尼德公園,51.4766,-2.6421,,,,tt2781042,,,https://www.wikidata.org/wiki/Q15581476,https://www.wikidata.org/wiki/Q7547691,Wikidata P915/P625/P6375/P577
Q15581476,三人征兆,television film,2014-01-05,Q7927014,維多利亞堂,51.45843,-2.60969,,,,tt2781042,,,https://www.wikidata.org/wiki/Q15581476,https://www.wikidata.org/wiki/Q7927014,Wikidata P915/P625/P6375/P577
Q1168407,古堡守護靈,television film,1996-01-01,Q661896,松木制片厂,51.548611111,-0.535,,,,tt0115820,48358,,https://www.wikidata.org/wiki/Q1168407,https://www.wikidata.org/wiki/Q661896,Wikidata P915/P625/P6375/P577
Q7811121,吾爱吾师2,television film,1996-01-01,Q84,伦敦,51.507222222,-0.1275,,,,tt0117927,86040,,https://www.wikidata.org/wiki/Q7811121,https://www.wikidata.org/wiki/Q84,Wikidata P915/P625/P6375/P577
Q110207138,哈利·波特20周年：重返霍格沃兹,television film,2022-01-01,Q27924395,伦敦华纳兄弟工作室之旅─哈利·波特的制作,51.690447,-0.418095,,,,tt16116174,899082,,https://www.wikidata.org/wiki/Q110207138,https://www.wikidata.org/wiki/Q27924395,Wikidata P915/P625/P6375/P577
Q3795151,地板下的小矮人,television film,1992-01-01,Q661896,松木制片厂,51.548611111,-0.535,,,,tt0105957,,40306,https://www.wikidata.org/wiki/Q3795151,https://www.wikidata.org/wiki/Q661896,Wikidata P915/P625/P6375/P577
Q613952,废墟中的爱情,television film,1975-03-06,Q661896,松木制片厂,51.548611111,-0.535,,,,tt0073310,115507,,https://www.wikidata.org/wiki/Q613952,https://www.wikidata.org/wiki/Q661896,Wikidata P915/P625/P6375/P577
Q17426162,开放日,television film,2012-01-01,Q23436,爱丁堡,55.953333333,-3.189166666,,,,tt2371315,153021,,https://www.wikidata.org/wiki/Q17426162,https://www.wikidata.org/wiki/Q23436,Wikidata P915/P625/P6375/P577
Q400205,心靈病房,television film,2001-01-01,Q661896,松木制片厂,51.548611111,-0.535,,,,tt0243664,26976,,https://www.wikidata.org/wiki/Q400205,https://www.wikidata.org/wiki/Q661896,Wikidata P915/P625/P6375/P577
Q2539256,心靈的冒險,television film,1987-01-01,Q661896,松木制片厂,51.548611111,-0.535,,,,tt0093159,48406,,https://www.wikidata.org/wiki/Q2539256,https://www.wikidata.org/wiki/Q661896,Wikidata P915/P625/P6375/P577
Q1754224,新劫後英雄傳,television film,1982-02-23,Q661896,松木制片厂,51.548611111,-0.535,,,,tt0084157,39382,,https://www.wikidata.org/wiki/Q1754224,https://www.wikidata.org/wiki/Q661896,Wikidata P915/P625/P6375/P577
Q586199,杰克与仙豆,television film,2001-12-02,Q661896,松木制片厂,51.548611111,-0.535,,,,tt0264262,,16433,https://www.wikidata.org/wiki/Q586199,https://www.wikidata.org/wiki/Q661896,Wikidata P915/P625/P6375/P577
Q30606729,查尔斯三世,television film,2017-05-10,Q1585312,哈伍德宮,53.8969,-1.5273,Harewood,,,tt6253522,456187,,https://www.wikidata.org/wiki/Q30606729,https://www.wikidata.org/wiki/Q1585312,Wikidata P915/P625/P6375/P577
Q30606729,查尔斯三世,television film,2017-05-10,Q22905,布拉德福德,53.794,-1.751,,,,tt6253522,456187,,https://www.wikidata.org/wiki/Q30606729,https://www.wikidata.org/wiki/Q22905,Wikidata P915/P625/P6375/P577
Q30606729,查尔斯三世,television film,2017-05-10,Q7983040,文特沃思·伍德豪斯,53.4742407,-1.4047062,,,,tt6253522,456187,,https://www.wikidata.org/wiki/Q30606729,https://www.wikidata.org/wiki/Q7983040,Wikidata P915/P625/P6375/P577
Q30606729,查尔斯三世,television film,2017-05-10,Q851660,貝弗利大教堂,53.839166666,-0.424722222,,,,tt6253522,456187,,https://www.wikidata.org/wiki/Q30606729,https://www.wikidata.org/wiki/Q851660,Wikidata P915/P625/P6375/P577
Q932874,殺人狂傑克,television film,1988-01-01,Q661896,松木制片厂,51.548611111,-0.535,,,,tt0095388,,47510,https://www.wikidata.org/wiki/Q932874,https://www.wikidata.org/wiki/Q661896,Wikidata P915/P625/P6375/P577
Q12112900,海上求生記,television film,1996-01-01,Q661896,松木制片厂,51.548611111,-0.535,,,,tt0116056,213842,,https://www.wikidata.org/wiki/Q12112900,https://www.wikidata.org/wiki/Q661896,Wikidata P915/P625/P6375/P577
Q16156204,燧石街居民,television film,1999-01-01,Q10690,加地夫,51.481666666,-3.179166666,,,,tt0228306,151961,,https://www.wikidata.org/wiki/Q16156204,https://www.wikidata.org/wiki/Q10690,Wikidata P915/P625/P6375/P577
Q1660599,環遊世界80天,television film,1989-01-01,Q21,英格兰,53.0,-1.0,,,,tt0096535,,20580,https://www.wikidata.org/wiki/Q1660599,https://www.wikidata.org/wiki/Q21,Wikidata P915/P625/P6375/P577
Q17507216,當哈維遇見鮑勃,television film,2010-01-01,Q84,伦敦,51.507222222,-0.1275,,,,tt1692945,76187,,https://www.wikidata.org/wiki/Q17507216,https://www.wikidata.org/wiki/Q84,Wikidata P915/P625/P6375/P577
Q7711878,第三十九級台階,television film,2008-12-28,Q23436,爱丁堡,55.953333333,-3.189166666,,,,tt1282016,16877,,https://www.wikidata.org/wiki/Q7711878,https://www.wikidata.org/wiki/Q23436,Wikidata P915/P625/P6375/P577
Q1611248,简·爱,television film,1970-01-01,Q661896,松木制片厂,51.548611111,-0.535,,,,tt0065911,131313,,https://www.wikidata.org/wiki/Q1611248,https://www.wikidata.org/wiki/Q661896,Wikidata P915/P625/P6375/P577
Q1428718,聯航93,television film,2006-01-30,Q661896,松木制片厂,51.548611111,-0.535,,,,tt0481522,10958,,https://www.wikidata.org/wiki/Q1428718,https://www.wikidata.org/wiki/Q661896,Wikidata P915/P625/P6375/P577
Q2565731,艾瑪,television film,1996-01-01,Q661896,松木制片厂,51.548611111,-0.535,,,,tt0118308,12254,,https://www.wikidata.org/wiki/Q2565731,https://www.wikidata.org/wiki/Q661896,Wikidata P915/P625/P6375/P577
Q1068911,花豹少女隊：勇闖好萊塢,television film,2008-08-22,Q21,英格兰,53.0,-1.0,,,,tt1013542,27621,,https://www.wikidata.org/wiki/Q1068911,https://www.wikidata.org/wiki/Q21,Wikidata P915/P625/P6375/P577
Q3830195,裸體列儂,television film,2010-01-01,Q84,伦敦,51.507222222,-0.1275,,,,tt1560164,42484,,https://www.wikidata.org/wiki/Q3830195,https://www.wikidata.org/wiki/Q84,Wikidata P915/P625/P6375/P577
Q378748,鐘樓怪人,television film,1982-01-01,Q661896,松木制片厂,51.548611111,-0.535,,,,tt0084100,80385,,https://www.wikidata.org/wiki/Q378748,https://www.wikidata.org/wiki/Q661896,Wikidata P915/P625/P6375/P577
Q1167445,阳光下的罪恶,television film,2001-04-20,Q1014993,Burgh Island,50.279722222,-3.900277777,,,,tt0276115,,,https://www.wikidata.org/wiki/Q1167445,https://www.wikidata.org/wiki/Q1014993,Wikidata P915/P625/P6375/P577
Q1167445,阳光下的罪恶,television film,2001-04-20,Q4998624,Burgh Island Hotel,50.27974,-3.89804,,,,tt0276115,,,https://www.wikidata.org/wiki/Q1167445,https://www.wikidata.org/wiki/Q4998624,Wikidata P915/P625/P6375/P577
Q473899,魔鬼潛艦,television film,1997-01-01,Q661896,松木制片厂,51.548611111,-0.535,,,,tt0119320,2131,,https://www.wikidata.org/wiki/Q473899,https://www.wikidata.org/wiki/Q661896,Wikidata P915/P625/P6375/P577
Q121775325,35 Diwrnod,television program,2014-03-23,Q6729370,玛塞克马,51.633,-3.233,,,,tt3919200,,61925,https://www.wikidata.org/wiki/Q121775325,https://www.wikidata.org/wiki/Q6729370,Wikidata P915/P625/P6375/P577
Q96371323,A Question of Europe,television program,,Q26263406,Oxford Union Society Debating Hall,51.75307307,-1.259787627,,,,tt5805286,,,https://www.wikidata.org/wiki/Q96371323,https://www.wikidata.org/wiki/Q26263406,Wikidata P915/P625/P6375/P577
Q4707487,Alan Partridge: Welcome to the Places of My Life,television program,2012-06-25,Q23109,诺福克郡,52.6725,0.95,,,,tt2227372,455644,,https://www.wikidata.org/wiki/Q4707487,https://www.wikidata.org/wiki/Q23109,Wikidata P915/P625/P6375/P577
Q111584737,Colouring Light: Brian Clarke - An Artist Apart,television program,2011-10-17,Q102328757,"St Lawrence's Church, Longridge",53.8253,-2.601,,,,tt5701150,1406217,,https://www.wikidata.org/wiki/Q111584737,https://www.wikidata.org/wiki/Q102328757,Wikidata P915/P625/P6375/P577
Q111584737,Colouring Light: Brian Clarke - An Artist Apart,television program,2011-10-17,Q84,伦敦,51.507222222,-0.1275,,,,tt5701150,1406217,,https://www.wikidata.org/wiki/Q111584737,https://www.wikidata.org/wiki/Q84,Wikidata P915/P625/P6375/P577
Q111584737,Colouring Light: Brian Clarke - An Artist Apart,television program,2011-10-17,Q202628,奥尔德姆,53.544722222,-2.118333333,,,,tt5701150,1406217,,https://www.wikidata.org/wiki/Q111584737,https://www.wikidata.org/wiki/Q202628,Wikidata P915/P625/P6375/P577
Q138762717,Crookhaven: The School for Thieves,television program,2026-03-22,Q5125757,Clandeboye Estate,54.642,-5.717,,,,,,,https://www.wikidata.org/wiki/Q138762717,https://www.wikidata.org/wiki/Q5125757,Wikidata P915/P625/P6375/P577
Q126617755,Joelle Without Filter,television program,,Q84,伦敦,51.507222222,-0.1275,,,,,,,https://www.wikidata.org/wiki/Q126617755,https://www.wikidata.org/wiki/Q84,Wikidata P915/P625/P6375/P577
Q126617755,Joelle Without Filter,television program,,Q145,英国,54.6,-2.0,,,,,,,https://www.wikidata.org/wiki/Q126617755,https://www.wikidata.org/wiki/Q145,Wikidata P915/P625/P6375/P577
Q126617755,Joelle Without Filter,television program,,Q21,英格兰,53.0,-1.0,,,,,,,https://www.wikidata.org/wiki/Q126617755,https://www.wikidata.org/wiki/Q21,Wikidata P915/P625/P6375/P577
Q65091388,RuPaul's Drag Race UK,television program,,Q17508272,3 Mills Studios,51.52722222,-0.00583333,"London Legacy Development Corporation, Level 10,  1 Stratford Place, Montfichet Road, London E20 1EJ",,,tt9780442,,92611,https://www.wikidata.org/wiki/Q65091388,https://www.wikidata.org/wiki/Q17508272,Wikidata P915/P625/P6375/P577
Q65091388,RuPaul's Drag Race UK,television program,,Q661896,松木制片厂,51.548611111,-0.535,,,,tt9780442,,92611,https://www.wikidata.org/wiki/Q65091388,https://www.wikidata.org/wiki/Q661896,Wikidata P915/P625/P6375/P577
Q65091388,RuPaul's Drag Race UK,television program,,Q5594105,格拉納達電視中心,53.4789,-2.25581,,,,tt9780442,,92611,https://www.wikidata.org/wiki/Q65091388,https://www.wikidata.org/wiki/Q5594105,Wikidata P915/P625/P6375/P577
Q3025482,Win My Wage,television program,,Q7746609,利茲影城,53.803366,-1.570106,,,,tt1071195,,,https://www.wikidata.org/wiki/Q3025482,https://www.wikidata.org/wiki/Q7746609,Wikidata P915/P625/P6375/P577
Q4795614,圍繞披頭四,television program,1964-05-06,Q7734970,喷泉制作室,51.5612,-0.2818,,,,tt0179651,146294,,https://www.wikidata.org/wiki/Q4795614,https://www.wikidata.org/wiki/Q7734970,Wikidata P915/P625/P6375/P577
Q5262960,布朗啟示錄,television program,,Q145,英国,54.6,-2.0,,,,tt2513228,,58270,https://www.wikidata.org/wiki/Q5262960,https://www.wikidata.org/wiki/Q145,Wikidata P915/P625/P6375/P577
Q56277103,政治直播室,television program,,Q124233,米尔班克,51.4995,-0.1333,,,,tt8925028,,85728,https://www.wikidata.org/wiki/Q56277103,https://www.wikidata.org/wiki/Q124233,Wikidata P915/P625/P6375/P577
Q55075013,越線的傢伙們,television program,,Q1410,直布罗陀,36.14,-5.35,,,,,,78665,https://www.wikidata.org/wiki/Q55075013,https://www.wikidata.org/wiki/Q1410,Wikidata P915/P625/P6375/P577
Q55074958,那裡是哪兒？？,television program,,Q22,苏格兰,57.0,-5.0,,,,,,79960,https://www.wikidata.org/wiki/Q55074958,https://www.wikidata.org/wiki/Q22,Wikidata P915/P625/P6375/P577
Q16552671,"Broadchurch, season 1",television season,,Q104176878,road to nowhere,51.532282,-2.433879,,,,,,,https://www.wikidata.org/wiki/Q16552671,https://www.wikidata.org/wiki/Q104176878,Wikidata P915/P625/P6375/P577
Q84302586,"Dancing on Ice, series 12",television season,,Q7275193,皇家空軍基地,51.7269,-0.543333,,,,,,,https://www.wikidata.org/wiki/Q84302586,https://www.wikidata.org/wiki/Q7275193,Wikidata P915/P625/P6375/P577
Q58238452,"Outlander, season 4",television season,,Q22,苏格兰,57.0,-5.0,,,,,,,https://www.wikidata.org/wiki/Q58238452,https://www.wikidata.org/wiki/Q22,Wikidata P915/P625/P6375/P577
Q109659920,"Queen of the Universe, season 1",television season,,Q84,伦敦,51.507222222,-0.1275,,,,,,,https://www.wikidata.org/wiki/Q109659920,https://www.wikidata.org/wiki/Q84,Wikidata P915/P625/P6375/P577
Q70650334,"RuPaul's Drag Race UK, series 1",television season,,Q17508272,3 Mills Studios,51.52722222,-0.00583333,"London Legacy Development Corporation, Level 10,  1 Stratford Place, Montfichet Road, London E20 1EJ",,,,,,https://www.wikidata.org/wiki/Q70650334,https://www.wikidata.org/wiki/Q17508272,Wikidata P915/P625/P6375/P577
Q104213051,"RuPaul's Drag Race UK, series 2",television season,,Q661896,松木制片厂,51.548611111,-0.535,,,,,,,https://www.wikidata.org/wiki/Q104213051,https://www.wikidata.org/wiki/Q661896,Wikidata P915/P625/P6375/P577
Q108132988,"RuPaul's Drag Race UK, series 3",television season,,Q5594105,格拉納達電視中心,53.4789,-2.25581,,,,,,,https://www.wikidata.org/wiki/Q108132988,https://www.wikidata.org/wiki/Q5594105,Wikidata P915/P625/P6375/P577
Q113680503,"RuPaul's Drag Race UK, series 4",television season,,Q661896,松木制片厂,51.548611111,-0.535,,,,,,,https://www.wikidata.org/wiki/Q113680503,https://www.wikidata.org/wiki/Q661896,Wikidata P915/P625/P6375/P577
Q122145817,"RuPaul's Drag Race UK, series 5",television season,,Q661896,松木制片厂,51.548611111,-0.535,,,,,,,https://www.wikidata.org/wiki/Q122145817,https://www.wikidata.org/wiki/Q661896,Wikidata P915/P625/P6375/P577
Q7623647,"Strictly Come Dancing, series 03",television season,,Q3501089,埃尔斯特里影城,51.6587,-0.2758,,,,,,,https://www.wikidata.org/wiki/Q7623647,https://www.wikidata.org/wiki/Q3501089,Wikidata P915/P625/P6375/P577
Q7623647,"Strictly Come Dancing, series 03",television season,,Q880905,布萊克浦爾塔,53.815833333,-3.055277777,,,,,,,https://www.wikidata.org/wiki/Q7623647,https://www.wikidata.org/wiki/Q880905,Wikidata P915/P625/P6375/P577
Q7623646,"Strictly Come Dancing, series 2",television season,,Q880905,布萊克浦爾塔,53.815833333,-3.055277777,,,,,,,https://www.wikidata.org/wiki/Q7623646,https://www.wikidata.org/wiki/Q880905,Wikidata P915/P625/P6375/P577
Q127797065,"Strictly Come Dancing, series 22",television season,,Q3501089,埃尔斯特里影城,51.6587,-0.2758,,,,,,,https://www.wikidata.org/wiki/Q127797065,https://www.wikidata.org/wiki/Q3501089,Wikidata P915/P625/P6375/P577
Q127797065,"Strictly Come Dancing, series 22",television season,,Q880905,布萊克浦爾塔,53.815833333,-3.055277777,,,,,,,https://www.wikidata.org/wiki/Q127797065,https://www.wikidata.org/wiki/Q880905,Wikidata P915/P625/P6375/P577
Q135447367,"Strictly Come Dancing, series 23",television season,,Q3501089,埃尔斯特里影城,51.6587,-0.2758,,,,,,,https://www.wikidata.org/wiki/Q135447367,https://www.wikidata.org/wiki/Q3501089,Wikidata P915/P625/P6375/P577
Q135447367,"Strictly Come Dancing, series 23",television season,,Q880905,布萊克浦爾塔,53.815833333,-3.055277777,,,,,,,https://www.wikidata.org/wiki/Q135447367,https://www.wikidata.org/wiki/Q880905,Wikidata P915/P625/P6375/P577
Q122766550,"Taskmaster, series 15",television season,,Q57243748,Frogmore Paper Mill,51.7385,-0.4683,,,,,,,https://www.wikidata.org/wiki/Q122766550,https://www.wikidata.org/wiki/Q57243748,Wikidata P915/P625/P6375/P577
Q122766550,"Taskmaster, series 15",television season,,Q130721669,Taskmaster House,51.474630805,-0.26651466,"Ibis Cottage, Great Chertsey Road, London, W4 3UL",,,,,,https://www.wikidata.org/wiki/Q122766550,https://www.wikidata.org/wiki/Q130721669,Wikidata P915/P625/P6375/P577
Q122766550,"Taskmaster, series 15",television season,,Q661896,松木制片厂,51.548611111,-0.535,,,,,,,https://www.wikidata.org/wiki/Q122766550,https://www.wikidata.org/wiki/Q661896,Wikidata P915/P625/P6375/P577
Q122766556,"Taskmaster, series 16",television season,,Q130721669,Taskmaster House,51.474630805,-0.26651466,"Ibis Cottage, Great Chertsey Road, London, W4 3UL",,,,,,https://www.wikidata.org/wiki/Q122766556,https://www.wikidata.org/wiki/Q130721669,Wikidata P915/P625/P6375/P577
Q122766556,"Taskmaster, series 16",television season,,Q8036889,Wormsley Park,51.6447,-0.934224,,,,,,,https://www.wikidata.org/wiki/Q122766556,https://www.wikidata.org/wiki/Q8036889,Wikidata P915/P625/P6375/P577
Q122766556,"Taskmaster, series 16",television season,,Q661896,松木制片厂,51.548611111,-0.535,,,,,,,https://www.wikidata.org/wiki/Q122766556,https://www.wikidata.org/wiki/Q661896,Wikidata P915/P625/P6375/P577
Q124820629,"Taskmaster, series 17",television season,2024-03-28,Q26483822,Kennel Farm,51.179309,-0.793336,,,,,,,https://www.wikidata.org/wiki/Q124820629,https://www.wikidata.org/wiki/Q26483822,Wikidata P915/P625/P6375/P577
Q124820629,"Taskmaster, series 17",television season,2024-03-28,Q130721669,Taskmaster House,51.474630805,-0.26651466,"Ibis Cottage, Great Chertsey Road, London, W4 3UL",,,,,,https://www.wikidata.org/wiki/Q124820629,https://www.wikidata.org/wiki/Q130721669,Wikidata P915/P625/P6375/P577
Q124820629,"Taskmaster, series 17",television season,2024-03-28,Q661896,松木制片厂,51.548611111,-0.535,,,,,,,https://www.wikidata.org/wiki/Q124820629,https://www.wikidata.org/wiki/Q661896,Wikidata P915/P625/P6375/P577
Q126198955,"Taskmaster, series 18",television season,,Q130721669,Taskmaster House,51.474630805,-0.26651466,"Ibis Cottage, Great Chertsey Road, London, W4 3UL",,,,,,https://www.wikidata.org/wiki/Q126198955,https://www.wikidata.org/wiki/Q130721669,Wikidata P915/P625/P6375/P577
Q126198955,"Taskmaster, series 18",television season,,Q661896,松木制片厂,51.548611111,-0.535,,,,,,,https://www.wikidata.org/wiki/Q126198955,https://www.wikidata.org/wiki/Q661896,Wikidata P915/P625/P6375/P577
Q126198955,"Taskmaster, series 18",television season,,Q2301819,索普主題樂園,51.404722222,-0.513055555,,,,,,,https://www.wikidata.org/wiki/Q126198955,https://www.wikidata.org/wiki/Q2301819,Wikidata P915/P625/P6375/P577
Q133818369,"Taskmaster, series 19",television season,,Q130721669,Taskmaster House,51.474630805,-0.26651466,"Ibis Cottage, Great Chertsey Road, London, W4 3UL",,,,,,https://www.wikidata.org/wiki/Q133818369,https://www.wikidata.org/wiki/Q130721669,Wikidata P915/P625/P6375/P577
Q133818369,"Taskmaster, series 19",television season,,Q661896,松木制片厂,51.548611111,-0.535,,,,,,,https://www.wikidata.org/wiki/Q133818369,https://www.wikidata.org/wiki/Q661896,Wikidata P915/P625/P6375/P577
Q133818369,"Taskmaster, series 19",television season,,Q46404,潘斯希爾,51.3289,-0.429578,,,,,,,https://www.wikidata.org/wiki/Q133818369,https://www.wikidata.org/wiki/Q46404,Wikidata P915/P625/P6375/P577
Q135209963,"Taskmaster, series 20",television season,,Q130721669,Taskmaster House,51.474630805,-0.26651466,"Ibis Cottage, Great Chertsey Road, London, W4 3UL",,,,,,https://www.wikidata.org/wiki/Q135209963,https://www.wikidata.org/wiki/Q130721669,Wikidata P915/P625/P6375/P577
Q135209963,"Taskmaster, series 20",television season,,Q661896,松木制片厂,51.548611111,-0.535,,,,,,,https://www.wikidata.org/wiki/Q135209963,https://www.wikidata.org/wiki/Q661896,Wikidata P915/P625/P6375/P577
Q135209963,"Taskmaster, series 20",television season,,Q1765667,桑當公園賽馬場,51.3758,-0.361667,,,,,,,https://www.wikidata.org/wiki/Q135209963,https://www.wikidata.org/wiki/Q1765667,Wikidata P915/P625/P6375/P577
Q138749503,"Taskmaster, series 21",television season,,Q795613,BBC電視中心,51.5099,-0.2263,,,,,,,https://www.wikidata.org/wiki/Q138749503,https://www.wikidata.org/wiki/Q795613,Wikidata P915/P625/P6375/P577
Q138749503,"Taskmaster, series 21",television season,,Q130721669,Taskmaster House,51.474630805,-0.26651466,"Ibis Cottage, Great Chertsey Road, London, W4 3UL",,,,,,https://www.wikidata.org/wiki/Q138749503,https://www.wikidata.org/wiki/Q130721669,Wikidata P915/P625/P6375/P577
Q138749503,"Taskmaster, series 21",television season,,Q205666,汉普敦宫,51.4034,-0.337499,"Hampton Court Palace, East Molesey KT8 9AU",,,,,,https://www.wikidata.org/wiki/Q138749503,https://www.wikidata.org/wiki/Q205666,Wikidata P915/P625/P6375/P577
Q139825542,"Taskmaster, series 22",television season,,Q795613,BBC電視中心,51.5099,-0.2263,,,,,,,https://www.wikidata.org/wiki/Q139825542,https://www.wikidata.org/wiki/Q795613,Wikidata P915/P625/P6375/P577
Q139825542,"Taskmaster, series 22",television season,,Q6397882,London Museum of Water and Steam,51.489,-0.2904,"Green Dragon Lane, Brentford TW8 0EN",,,,,,https://www.wikidata.org/wiki/Q139825542,https://www.wikidata.org/wiki/Q6397882,Wikidata P915/P625/P6375/P577
Q139825542,"Taskmaster, series 22",television season,,Q130721669,Taskmaster House,51.474630805,-0.26651466,"Ibis Cottage, Great Chertsey Road, London, W4 3UL",,,,,,https://www.wikidata.org/wiki/Q139825542,https://www.wikidata.org/wiki/Q130721669,Wikidata P915/P625/P6375/P577
Q20746214,"The Great British Bake Off, series 6",television season,2015-08-05,Q7980976,Welford Park,51.456,-1.41358,,,,,,,https://www.wikidata.org/wiki/Q20746214,https://www.wikidata.org/wiki/Q7980976,Wikidata P915/P625/P6375/P577
Q28443685,"The Great British Bake Off, series 7",television season,2016-08-24,Q7980976,Welford Park,51.456,-1.41358,,,,,,,https://www.wikidata.org/wiki/Q28443685,https://www.wikidata.org/wiki/Q7980976,Wikidata P915/P625/P6375/P577
Q7751929,"The Mole, season 1",television season,,Q785,泽西,49.19,-2.11,,,,,,,https://www.wikidata.org/wiki/Q7751929,https://www.wikidata.org/wiki/Q785,Wikidata P915/P625/P6375/P577
Q126737135,"The Traitors, season 3",television season,,Q17569162,Ardross Castle,57.7353,-4.33397,"Ardross Castle, Alness, Ross-shire, IV17 0YE",,,,,,https://www.wikidata.org/wiki/Q126737135,https://www.wikidata.org/wiki/Q17569162,Wikidata P915/P625/P6375/P577
Q7805126,"Time Team, series 1",television season,,Q4813330,Athelney Abbey,51.0593,-2.93458,,,,,,,https://www.wikidata.org/wiki/Q7805126,https://www.wikidata.org/wiki/Q4813330,Wikidata P915/P625/P6375/P577
Q7805126,"Time Team, series 1",television season,,Q4960578,Bremetennacum,53.8103,-2.53403,,,,,,,https://www.wikidata.org/wiki/Q7805126,https://www.wikidata.org/wiki/Q4960578,Wikidata P915/P625/P6375/P577
Q7805126,"Time Team, series 1",television season,,Q2704839,Llangorse Lake,51.930961111,-3.262755555,,,,,,,https://www.wikidata.org/wiki/Q7805126,https://www.wikidata.org/wiki/Q2704839,Wikidata P915/P625/P6375/P577
Q7805126,"Time Team, series 1",television season,,Q201114,温洛克,52.5966,-2.558,,,,,,,https://www.wikidata.org/wiki/Q7805126,https://www.wikidata.org/wiki/Q201114,Wikidata P915/P625/P6375/P577
Q7805140,"Time Team, series 2",television season,,Q5450440,Finlaggan Castle,55.8353,-6.1727,,,,,,,https://www.wikidata.org/wiki/Q7805140,https://www.wikidata.org/wiki/Q5450440,Wikidata P915/P625/P6375/P577
Q7805140,"Time Team, series 2",television season,,Q1963112,Tockenham,51.513056,-1.94611,,,,,,,https://www.wikidata.org/wiki/Q7805140,https://www.wikidata.org/wiki/Q1963112,Wikidata P915/P625/P6375/P577
Q7805140,"Time Team, series 2",television season,,Q9375269,Winterbourne Gunner,51.1153295,-1.7445275,,,,,,,https://www.wikidata.org/wiki/Q7805140,https://www.wikidata.org/wiki/Q9375269,Wikidata P915/P625/P6375/P577
Q7805140,"Time Team, series 2",television season,,Q1130266,兰柏宫,51.49556,-0.11972,,,,,,,https://www.wikidata.org/wiki/Q7805140,https://www.wikidata.org/wiki/Q1130266,Wikidata P915/P625/P6375/P577
Q7805140,"Time Team, series 2",television season,,Q635086,希爾頓城堡,54.9225,-1.44318,,,,,,,https://www.wikidata.org/wiki/Q7805140,https://www.wikidata.org/wiki/Q635086,Wikidata P915/P625/P6375/P577
Q137832009,七王國的騎士第一季,television season,,Q10686,贝尔法斯特,54.596666666,-5.93,,,,,,,https://www.wikidata.org/wiki/Q137832009,https://www.wikidata.org/wiki/Q10686,Wikidata P915/P625/P6375/P577
Q137834485,七王國的騎士第二季,television season,,Q10686,贝尔法斯特,54.596666666,-5.93,,,,,,,https://www.wikidata.org/wiki/Q137834485,https://www.wikidata.org/wiki/Q10686,Wikidata P915/P625/P6375/P577
Q4027892,+100500,television series,2011-01-01,Q84,伦敦,51.507222222,-0.1275,,,,tt4958826,,,https://www.wikidata.org/wiki/Q4027892,https://www.wikidata.org/wiki/Q84,Wikidata P915/P625/P6375/P577
Q4631870,24 Hours in A&E,television series,,Q7270030,Queen's Medical Centre,52.9436,-1.1857,,,,tt2674484,,39706,https://www.wikidata.org/wiki/Q4631870,https://www.wikidata.org/wiki/Q7270030,Wikidata P915/P625/P6375/P577
Q4631870,24 Hours in A&E,television series,,Q1742181,国王大学医院,51.468694444,-0.092222222,"King's College Hospital, Denmark Hill, London, SE5 9RS",,,tt2674484,,39706,https://www.wikidata.org/wiki/Q4631870,https://www.wikidata.org/wiki/Q1742181,Wikidata P915/P625/P6375/P577
Q4631870,24 Hours in A&E,television series,,Q3495316,聖喬治醫院,51.4267,-0.1757,,,,tt2674484,,39706,https://www.wikidata.org/wiki/Q4631870,https://www.wikidata.org/wiki/Q3495316,Wikidata P915/P625/P6375/P577
Q110652727,3 體,television series,,Q145,英国,54.6,-2.0,,,,tt13016388,,108545,https://www.wikidata.org/wiki/Q110652727,https://www.wikidata.org/wiki/Q145,Wikidata P915/P625/P6375/P577
Q117705975,A Kind of Spark,television series,,Q1470791,诺士佛,53.3025,-2.370833333,,,,tt21149774,,223116,https://www.wikidata.org/wiki/Q117705975,https://www.wikidata.org/wiki/Q1470791,Wikidata P915/P625/P6375/P577
Q117075282,After the Flood,television series,,Q383912,格洛索普,53.4435,-1.9489,,,,tt26745417,,241097,https://www.wikidata.org/wiki/Q117075282,https://www.wikidata.org/wiki/Q383912,Wikidata P915/P625/P6375/P577
Q117075282,After the Flood,television series,,Q2569086,纽米尔斯,53.367,-2.007,,,,tt26745417,,241097,https://www.wikidata.org/wiki/Q117075282,https://www.wikidata.org/wiki/Q2569086,Wikidata P915/P625/P6375/P577
Q15618496,Benefits Street,television series,,Q8025985,Winson Green,52.4944,-1.9408,,,,tt3406870,,155293,https://www.wikidata.org/wiki/Q15618496,https://www.wikidata.org/wiki/Q8025985,Wikidata P915/P625/P6375/P577
Q15618496,Benefits Street,television series,,Q989418,蒂斯河畔斯托克顿,54.57,-1.32,,,,tt3406870,,155293,https://www.wikidata.org/wiki/Q15618496,https://www.wikidata.org/wiki/Q989418,Wikidata P915/P625/P6375/P577
Q19871429,Boy Meets Girl,television series,,Q1425428,泰恩河畔纽卡斯尔,54.977777777,-1.613333333,,,,tt5000634,,63851,https://www.wikidata.org/wiki/Q19871429,https://www.wikidata.org/wiki/Q1425428,Wikidata P915/P625/P6375/P577
Q5133662,Climbing Great Buildings,television series,,Q1814818,劳埃德大厦,51.513055555,-0.0825,,,,tt1711385,,34007,https://www.wikidata.org/wiki/Q5133662,https://www.wikidata.org/wiki/Q1814818,Wikidata P915/P625/P6375/P577
Q58326265,Clodagh’s Irish Food Trails,television series,,Q22890,爱尔兰岛,53.351,-7.921,,,,,,,https://www.wikidata.org/wiki/Q58326265,https://www.wikidata.org/wiki/Q22890,Wikidata P915/P625/P6375/P577
Q100258242,Confessions of a Fashionista,television series,,Q84,伦敦,51.507222222,-0.1275,,,,tt19838606,,209425,https://www.wikidata.org/wiki/Q100258242,https://www.wikidata.org/wiki/Q84,Wikidata P915/P625/P6375/P577
Q100258242,Confessions of a Fashionista,television series,,Q145,英国,54.6,-2.0,,,,tt19838606,,209425,https://www.wikidata.org/wiki/Q100258242,https://www.wikidata.org/wiki/Q145,Wikidata P915/P625/P6375/P577
Q100258242,Confessions of a Fashionista,television series,,Q21,英格兰,53.0,-1.0,,,,tt19838606,,209425,https://www.wikidata.org/wiki/Q100258242,https://www.wikidata.org/wiki/Q21,Wikidata P915/P625/P6375/P577
Q136105997,Counsels,television series,,Q4093,格拉斯哥,55.861111111,-4.25,,,,tt38091032,,,https://www.wikidata.org/wiki/Q136105997,https://www.wikidata.org/wiki/Q4093,Wikidata P915/P625/P6375/P577
Q30636436,Culinary Genius,television series,,Q84,伦敦,51.507222222,-0.1275,,,,,,,https://www.wikidata.org/wiki/Q30636436,https://www.wikidata.org/wiki/Q84,Wikidata P915/P625/P6375/P577
Q5216214,Dani's House,television series,,Q23436,爱丁堡,55.953333333,-3.189166666,,,,tt1198825,,7970,https://www.wikidata.org/wiki/Q5216214,https://www.wikidata.org/wiki/Q23436,Wikidata P915/P625/P6375/P577
Q104842747,Dear Ladies,television series,,Q2852827,Great Budworth,53.283,-2.5,,,,tt0085004,,26267,https://www.wikidata.org/wiki/Q104842747,https://www.wikidata.org/wiki/Q2852827,Wikidata P915/P625/P6375/P577
Q104842747,Dear Ladies,television series,,Q1077003,南特维希,53.067,-2.522,,,,tt0085004,,26267,https://www.wikidata.org/wiki/Q104842747,https://www.wikidata.org/wiki/Q1077003,Wikidata P915/P625/P6375/P577
Q104842747,Dear Ladies,television series,,Q1470791,诺士佛,53.3025,-2.370833333,,,,tt0085004,,26267,https://www.wikidata.org/wiki/Q104842747,https://www.wikidata.org/wiki/Q1470791,Wikidata P915/P625/P6375/P577
Q124466034,Department Q,television series,,Q23436,爱丁堡,55.953333333,-3.189166666,,,,tt27995114,,245703,https://www.wikidata.org/wiki/Q124466034,https://www.wikidata.org/wiki/Q23436,Wikidata P915/P625/P6375/P577
Q5282710,Disraeli,television series,,Q21,英格兰,53.0,-1.0,,,,tt0078601,266337,13603,https://www.wikidata.org/wiki/Q5282710,https://www.wikidata.org/wiki/Q21,Wikidata P915/P625/P6375/P577
Q2644879,Dynamo: Magician Impossible,television series,,Q22905,布拉德福德,53.794,-1.751,,,,tt1999525,,40058,https://www.wikidata.org/wiki/Q2644879,https://www.wikidata.org/wiki/Q22905,Wikidata P915/P625/P6375/P577
Q5441332,Feel the Force,television series,,Q23436,爱丁堡,55.953333333,-3.189166666,,,,tt0768188,,2534,https://www.wikidata.org/wiki/Q5441332,https://www.wikidata.org/wiki/Q23436,Wikidata P915/P625/P6375/P577
Q55611750,Flack,television series,,Q84,伦敦,51.507222222,-0.1275,,,,tt8128344,,86632,https://www.wikidata.org/wiki/Q55611750,https://www.wikidata.org/wiki/Q84,Wikidata P915/P625/P6375/P577
Q107022144,GPs: Behind Closed Doors,television series,,Q122831984,Great Horton,53.781,-1.785,,,,tt3713810,,85867,https://www.wikidata.org/wiki/Q107022144,https://www.wikidata.org/wiki/Q122831984,Wikidata P915/P625/P6375/P577
Q107022144,GPs: Behind Closed Doors,television series,,Q6665690,Lockleaze,51.4901,-2.5608,,,,tt3713810,,85867,https://www.wikidata.org/wiki/Q107022144,https://www.wikidata.org/wiki/Q6665690,Wikidata P915/P625/P6375/P577
Q107022144,GPs: Behind Closed Doors,television series,,Q6537297,刘易舍姆,51.461455555,-0.005369444,,,,tt3713810,,85867,https://www.wikidata.org/wiki/Q107022144,https://www.wikidata.org/wiki/Q6537297,Wikidata P915/P625/P6375/P577
Q107022144,GPs: Behind Closed Doors,television series,,Q211907,斯劳,51.509722222,-0.593055555,,,,tt3713810,,85867,https://www.wikidata.org/wiki/Q107022144,https://www.wikidata.org/wiki/Q211907,Wikidata P915/P625/P6375/P577
Q107022144,GPs: Behind Closed Doors,television series,,Q5642586,霍尔格林村,52.434,-1.839,,,,tt3713810,,85867,https://www.wikidata.org/wiki/Q107022144,https://www.wikidata.org/wiki/Q5642586,Wikidata P915/P625/P6375/P577
Q4184778,Garrow的法律,television series,,Q23436,爱丁堡,55.953333333,-3.189166666,,,,tt1477131,,31325,https://www.wikidata.org/wiki/Q4184778,https://www.wikidata.org/wiki/Q23436,Wikidata P915/P625/P6375/P577
Q63438775,Ghosts,television series,,Q17527554,West Horsley Place,51.2659,-0.441929,,,,tt8594324,,17174,https://www.wikidata.org/wiki/Q63438775,https://www.wikidata.org/wiki/Q17527554,Wikidata P915/P625/P6375/P577
Q1856630,Hi-de-Hi!,television series,,Q28403219,Mill Rythe,50.8018074,-0.9646192,"Mill Rythe Coastal Village, 16 Havant Road., Hayling Island PO11 0PB",,,tt0123349,,2695,https://www.wikidata.org/wiki/Q1856630,https://www.wikidata.org/wiki/Q28403219,Wikidata P915/P625/P6375/P577
Q52161430,Hinterland,television series,2014-04-28,Q213154,阿伯里斯特威斯,52.416666666,-4.066666666,,,,,,,https://www.wikidata.org/wiki/Q52161430,https://www.wikidata.org/wiki/Q213154,Wikidata P915/P625/P6375/P577
Q110933665,Hope Street,television series,,Q2421009,多納哈迪,54.6392,-5.53544,,,,tt14354984,,139492,https://www.wikidata.org/wiki/Q110933665,https://www.wikidata.org/wiki/Q2421009,Wikidata P915/P625/P6375/P577
Q2034796,Howards' Way,television series,,Q5762161,Hill Head,50.8167,-1.23333,,,,tt0134250,,1492,https://www.wikidata.org/wiki/Q2034796,https://www.wikidata.org/wiki/Q5762161,Wikidata P915/P625/P6375/P577
Q2034796,Howards' Way,television series,,Q985587,Lee-on-the-Solent,50.802,-1.202,,,,tt0134250,,1492,https://www.wikidata.org/wiki/Q2034796,https://www.wikidata.org/wiki/Q985587,Wikidata P915/P625/P6375/P577
Q2034796,Howards' Way,television series,,Q7337483,River Hamble,50.842074,-1.312885,,,,tt0134250,,1492,https://www.wikidata.org/wiki/Q2034796,https://www.wikidata.org/wiki/Q7337483,Wikidata P915/P625/P6375/P577
Q2034796,Howards' Way,television series,,Q7653772,Swanwick,50.8813,-1.268,,,,tt0134250,,1492,https://www.wikidata.org/wiki/Q2034796,https://www.wikidata.org/wiki/Q7653772,Wikidata P915/P625/P6375/P577
Q2034796,Howards' Way,television series,,Q79848,南安普敦,50.906666666,-1.404444444,,,,tt0134250,,1492,https://www.wikidata.org/wiki/Q2034796,https://www.wikidata.org/wiki/Q79848,Wikidata P915/P625/P6375/P577
Q2034796,Howards' Way,television series,,Q1986252,布斯尔登,50.8847,-1.3117,,,,tt0134250,,1492,https://www.wikidata.org/wiki/Q2034796,https://www.wikidata.org/wiki/Q1986252,Wikidata P915/P625/P6375/P577
Q2034796,Howards' Way,television series,,Q1439543,汉布尔勒赖斯,50.85966,-1.32432,,,,tt0134250,,1492,https://www.wikidata.org/wiki/Q2034796,https://www.wikidata.org/wiki/Q1439543,Wikidata P915/P625/P6375/P577
Q2034796,Howards' Way,television series,,Q7970877,瓦萨希,50.8532,-1.30101,,,,tt0134250,,1492,https://www.wikidata.org/wiki/Q2034796,https://www.wikidata.org/wiki/Q7970877,Wikidata P915/P625/P6375/P577
Q2034796,Howards' Way,television series,,Q1017943,费勒姆,50.85,-1.18,,,,tt0134250,,1492,https://www.wikidata.org/wiki/Q2034796,https://www.wikidata.org/wiki/Q1017943,Wikidata P915/P625/P6375/P577
Q111640372,Hullraisers,television series,,Q39121,利兹,53.7975,-1.543611111,,,,tt15056674,,196845,https://www.wikidata.org/wiki/Q111640372,https://www.wikidata.org/wiki/Q39121,Wikidata P915/P625/P6375/P577
Q111640372,Hullraisers,television series,,Q128147,赫尔河畔金斯顿,53.744444444,-0.3325,,,,tt15056674,,196845,https://www.wikidata.org/wiki/Q111640372,https://www.wikidata.org/wiki/Q128147,Wikidata P915/P625/P6375/P577
Q107144063,Inside the Vets,television series,,Q2311580,Smeeth,51.1189,0.9616,,,,tt11854784,,81096,https://www.wikidata.org/wiki/Q107144063,https://www.wikidata.org/wiki/Q2311580,Wikidata P915/P625/P6375/P577
Q126617755,Joelle Without Filter,television series,,Q84,伦敦,51.507222222,-0.1275,,,,,,,https://www.wikidata.org/wiki/Q126617755,https://www.wikidata.org/wiki/Q84,Wikidata P915/P625/P6375/P577
Q126617755,Joelle Without Filter,television series,,Q145,英国,54.6,-2.0,,,,,,,https://www.wikidata.org/wiki/Q126617755,https://www.wikidata.org/wiki/Q145,Wikidata P915/P625/P6375/P577
Q126617755,Joelle Without Filter,television series,,Q21,英格兰,53.0,-1.0,,,,,,,https://www.wikidata.org/wiki/Q126617755,https://www.wikidata.org/wiki/Q21,Wikidata P915/P625/P6375/P577
Q6396897,Kevin McCloud's Man Made Home,television series,2012-09-23,Q641921,沃切特,51.1795,-3.3242,,,,tt2429484,,65788,https://www.wikidata.org/wiki/Q6396897,https://www.wikidata.org/wiki/Q641921,Wikidata P915/P625/P6375/P577
Q1587491,Lark Rise to Candleford,television series,,Q23183,威尔特郡,51.3,-1.9,,,,tt1077744,,6998,https://www.wikidata.org/wiki/Q1587491,https://www.wikidata.org/wiki/Q23183,Wikidata P915/P625/P6375/P577
Q117717007,Late Night Lycett,television series,,Q5275561,迪格貝斯,52.476388888,-1.890833333,,,,tt26687060,,222653,https://www.wikidata.org/wiki/Q117717007,https://www.wikidata.org/wiki/Q5275561,Wikidata P915/P625/P6375/P577
Q3549856,Life of Riley,television series,,Q23436,爱丁堡,55.953333333,-3.189166666,,,,tt1356374,,16419,https://www.wikidata.org/wiki/Q3549856,https://www.wikidata.org/wiki/Q23436,Wikidata P915/P625/P6375/P577
Q105104294,Lightning,television series,,Q10686,贝尔法斯特,54.596666666,-5.93,,,,tt11824466,,244886,https://www.wikidata.org/wiki/Q105104294,https://www.wikidata.org/wiki/Q10686,Wikidata P915/P625/P6375/P577
Q6675264,Looking After Jo Jo,television series,,Q23436,爱丁堡,55.953333333,-3.189166666,,,,tt0137315,,14146,https://www.wikidata.org/wiki/Q6675264,https://www.wikidata.org/wiki/Q23436,Wikidata P915/P625/P6375/P577
Q139661504,Lost and Found in the Lakes,television series,,Q211778,湖区,54.5,-3.166666666,,,,tt35306660,,279408,https://www.wikidata.org/wiki/Q139661504,https://www.wikidata.org/wiki/Q211778,Wikidata P915/P625/P6375/P577
Q131913727,Mannat – Har Khushi Paane Ki,television series,,Q84,伦敦,51.507222222,-0.1275,,,,tt35294424,,281761,https://www.wikidata.org/wiki/Q131913727,https://www.wikidata.org/wiki/Q84,Wikidata P915/P625/P6375/P577
Q6827950,Micawber,television series,,Q23436,爱丁堡,55.953333333,-3.189166666,,,,tt0303496,,13598,https://www.wikidata.org/wiki/Q6827950,https://www.wikidata.org/wiki/Q23436,Wikidata P915/P625/P6375/P577
Q132853337,Murder Before Evensong,television series,,Q5099075,Chillington Hall,52.6585,-2.203,Wolverhampton WV8 1RE,,,tt34579520,,280571,https://www.wikidata.org/wiki/Q132853337,https://www.wikidata.org/wiki/Q5099075,Wikidata P915/P625/P6375/P577
Q132853337,Murder Before Evensong,television series,,Q17539040,Dudmaston Hall,52.4965,-2.3753,"Dudmaston, Quatt, nr Bridgnorth WV15 6QN",,,tt34579520,,280571,https://www.wikidata.org/wiki/Q132853337,https://www.wikidata.org/wiki/Q17539040,Wikidata P915/P625/P6375/P577
Q132853337,Murder Before Evensong,television series,,Q60740042,Mary Stevens Park,52.44939,-2.1546,,,,tt34579520,,280571,https://www.wikidata.org/wiki/Q132853337,https://www.wikidata.org/wiki/Q60740042,Wikidata P915/P625/P6375/P577
Q132853337,Murder Before Evensong,television series,,Q48038,西米德兰兹,52.47,-2.29,,,,tt34579520,,280571,https://www.wikidata.org/wiki/Q132853337,https://www.wikidata.org/wiki/Q48038,Wikidata P915/P625/P6375/P577
Q16257990,My Transsexual Summer,television series,,Q23143,贝德福德郡,52.083333333,-0.416666666,,,,tt4042714,,,https://www.wikidata.org/wiki/Q16257990,https://www.wikidata.org/wiki/Q23143,Wikidata P915/P625/P6375/P577
Q136386899,NFL Big Game Night,television series,,Q7338619,河畔劇院,51.48830556,-0.22808333,"Crisp Road, London, W6 9RL, England",,,tt38590409,,,https://www.wikidata.org/wiki/Q136386899,https://www.wikidata.org/wiki/Q7338619,Wikidata P915/P625/P6375/P577
Q106644627,Newton's Cradle,television series,,Q84,伦敦,51.507222222,-0.1275,,,,tt11703922,,121487,https://www.wikidata.org/wiki/Q106644627,https://www.wikidata.org/wiki/Q84,Wikidata P915/P625/P6375/P577
Q106644627,Newton's Cradle,television series,,Q145,英国,54.6,-2.0,,,,tt11703922,,121487,https://www.wikidata.org/wiki/Q106644627,https://www.wikidata.org/wiki/Q145,Wikidata P915/P625/P6375/P577
Q106644627,Newton's Cradle,television series,,Q21,英格兰,53.0,-1.0,,,,tt11703922,,121487,https://www.wikidata.org/wiki/Q106644627,https://www.wikidata.org/wiki/Q21,Wikidata P915/P625/P6375/P577
Q124335254,Others,television series,,Q145,英国,54.6,-2.0,,,,tt29141868,,242779,https://www.wikidata.org/wiki/Q124335254,https://www.wikidata.org/wiki/Q145,Wikidata P915/P625/P6375/P577
Q125305426,Outlander: Blood of My Blood,television series,,Q22,苏格兰,57.0,-5.0,,,,tt18332852,,207484,https://www.wikidata.org/wiki/Q125305426,https://www.wikidata.org/wiki/Q22,Wikidata P915/P625/P6375/P577
Q60608206,Paddington Station 24/7,television series,,Q214788,伦敦帕丁顿车站,51.516666666,-0.177222222,,,,tt7487386,,73737,https://www.wikidata.org/wiki/Q60608206,https://www.wikidata.org/wiki/Q214788,Wikidata P915/P625/P6375/P577
Q590031,Paradox,television series,,Q18125,曼彻斯特,53.466666666,-2.233333333,,,,tt1460746,,18588,https://www.wikidata.org/wiki/Q590031,https://www.wikidata.org/wiki/Q18125,Wikidata P915/P625/P6375/P577
Q125627115,Patience,television series,,Q42462,约克,53.95,-1.083333333,,,,tt31495377,,279603,https://www.wikidata.org/wiki/Q125627115,https://www.wikidata.org/wiki/Q42462,Wikidata P915/P625/P6375/P577
Q7152779,Paul O'Grady: For the Love of Dogs,television series,,Q4869748,巴特西猫狗之家,51.478716,-0.14486,,,,tt2373856,,64886,https://www.wikidata.org/wiki/Q7152779,https://www.wikidata.org/wiki/Q4869748,Wikidata P915/P625/P6375/P577
Q7234664,Potamus Park,television series,,Q661896,松木制片厂,51.548611111,-0.535,,,,tt0813855,,,https://www.wikidata.org/wiki/Q7234664,https://www.wikidata.org/wiki/Q661896,Wikidata P915/P625/P6375/P577
Q4255926,Pramface,television series,,Q23436,爱丁堡,55.953333333,-3.189166666,,,,tt2239949,,44733,https://www.wikidata.org/wiki/Q4255926,https://www.wikidata.org/wiki/Q23436,Wikidata P915/P625/P6375/P577
Q124544741,Prime Target,television series,,Q350,剑桥,52.208055555,0.1225,,,,tt31186958,,246381,https://www.wikidata.org/wiki/Q124544741,https://www.wikidata.org/wiki/Q350,Wikidata P915/P625/P6375/P577
Q124544741,Prime Target,television series,,Q35794,剑桥大学,52.205355979,0.113157269,"University of Cambridge, Vice Chancellor's Office, University Offices, The Old Schools, Cambridge, CB2 1TN",,,tt31186958,,246381,https://www.wikidata.org/wiki/Q124544741,https://www.wikidata.org/wiki/Q35794,Wikidata P915/P625/P6375/P577
Q124544741,Prime Target,television series,,Q23298,肯特郡,51.19,0.73,,,,tt31186958,,246381,https://www.wikidata.org/wiki/Q124544741,https://www.wikidata.org/wiki/Q23298,Wikidata P915/P625/P6375/P577
Q136523955,Prisoner 951,television series,,Q145,英国,54.6,-2.0,,,,tt38267331,,,https://www.wikidata.org/wiki/Q136523955,https://www.wikidata.org/wiki/Q145,Wikidata P915/P625/P6375/P577
Q98744252,Professor T.,television series,,Q350,剑桥,52.208055555,0.1225,,,,tt11981644,,126660,https://www.wikidata.org/wiki/Q98744252,https://www.wikidata.org/wiki/Q350,Wikidata P915/P625/P6375/P577
Q123038243,Protection,television series,,Q746718,伯肯黑德,53.383333333,-3.016666666,,,,tt28698590,,263236,https://www.wikidata.org/wiki/Q123038243,https://www.wikidata.org/wiki/Q746718,Wikidata P915/P625/P6375/P577
Q123038243,Protection,television series,,Q24826,利物浦,53.407222222,-2.991666666,,,,tt28698590,,263236,https://www.wikidata.org/wiki/Q123038243,https://www.wikidata.org/wiki/Q24826,Wikidata P915/P625/P6375/P577
Q123038243,Protection,television series,,Q1009316,朗科恩,53.341944444,-2.733611111,,,,tt28698590,,263236,https://www.wikidata.org/wiki/Q123038243,https://www.wikidata.org/wiki/Q1009316,Wikidata P915/P625/P6375/P577
Q131612110,Q131612110,television series,,Q23436,爱丁堡,55.953333333,-3.189166666,,,,tt35329516,,283033,https://www.wikidata.org/wiki/Q131612110,https://www.wikidata.org/wiki/Q23436,Wikidata P915/P625/P6375/P577
Q134877613,Q134877613,television series,,Q23099,大曼徹斯特郡,53.5025,-2.31,,,,tt38504111,,312693,https://www.wikidata.org/wiki/Q134877613,https://www.wikidata.org/wiki/Q23099,Wikidata P915/P625/P6375/P577
Q16935557,Q16935557,television series,,Q99593291,The Botanist,51.383627231,-2.360748186,"The Botanist, 46A Milsom Place, Bath, Somerset, BA1 1BZ",,,tt2980110,,62470,https://www.wikidata.org/wiki/Q16935557,https://www.wikidata.org/wiki/Q99593291,Wikidata P915/P625/P6375/P577
Q126193106,Reunion,television series,,Q58900,唐克斯特,53.522777777,-1.1325,,,,tt29768339,,254628,https://www.wikidata.org/wiki/Q126193106,https://www.wikidata.org/wiki/Q58900,Wikidata P915/P625/P6375/P577
Q126193106,Reunion,television series,,Q42448,谢菲尔德,53.380833333,-1.470277777,,,,tt29768339,,254628,https://www.wikidata.org/wiki/Q126193106,https://www.wikidata.org/wiki/Q42448,Wikidata P915/P625/P6375/P577
Q55011701,Running Wild,television series,,Q2778511,牧人丛帝国剧场,51.50349,-0.22433,"56 Shepherd's Bush Green, London, W12 8TT, England",,,tt0046640,,36696,https://www.wikidata.org/wiki/Q55011701,https://www.wikidata.org/wiki/Q2778511,Wikidata P915/P625/P6375/P577
Q106153037,SAS: Rogue Heroes,television series,,Q84,伦敦,51.507222222,-0.1275,,,,tt10405370,,93870,https://www.wikidata.org/wiki/Q106153037,https://www.wikidata.org/wiki/Q84,Wikidata P915/P625/P6375/P577
Q106153037,SAS: Rogue Heroes,television series,,Q23165,格洛斯特郡,51.8,-2.2,,,,tt10405370,,93870,https://www.wikidata.org/wiki/Q106153037,https://www.wikidata.org/wiki/Q23165,Wikidata P915/P625/P6375/P577
Q21715203,Salvage Hunters,television series,,Q25,威尔士,52.35,-3.633333333,,,,tt2223298,,45303,https://www.wikidata.org/wiki/Q21715203,https://www.wikidata.org/wiki/Q25,Wikidata P915/P625/P6375/P577
Q118288796,Scam Interceptors,television series,,Q7122640,太平洋码头,55.8578,-4.29278,,,,tt19359688,,201292,https://www.wikidata.org/wiki/Q118288796,https://www.wikidata.org/wiki/Q7122640,Wikidata P915/P625/P6375/P577
Q23894094,Serendipity,television series,1973-09-30,Q795613,BBC電視中心,51.5099,-0.2263,,,,,,,https://www.wikidata.org/wiki/Q23894094,https://www.wikidata.org/wiki/Q795613,Wikidata P915/P625/P6375/P577
Q127609533,Seven Dials Mystery,television series,,Q117088352,Abbey Green,51.380495,-2.358877,,,,tt31974288,,250505,https://www.wikidata.org/wiki/Q127609533,https://www.wikidata.org/wiki/Q117088352,Wikidata P915/P625/P6375/P577
Q127609533,Seven Dials Mystery,television series,,Q6864157,Minehead railway station,51.206717,-3.468892,,,,tt31974288,,250505,https://www.wikidata.org/wiki/Q127609533,https://www.wikidata.org/wiki/Q6864157,Wikidata P915/P625/P6375/P577
Q127609533,Seven Dials Mystery,television series,,Q7989499,Westonbirt House,51.6053,-2.1975,,,,tt31974288,,250505,https://www.wikidata.org/wiki/Q127609533,https://www.wikidata.org/wiki/Q7989499,Wikidata P915/P625/P6375/P577
Q127609533,Seven Dials Mystery,television series,,Q2628510,伯明頓莊園,51.5455,-2.28045,,,,tt31974288,,250505,https://www.wikidata.org/wiki/Q127609533,https://www.wikidata.org/wiki/Q2628510,Wikidata P915/P625/P6375/P577
Q127609533,Seven Dials Mystery,television series,,Q10690,加地夫,51.481666666,-3.179166666,,,,tt31974288,,250505,https://www.wikidata.org/wiki/Q127609533,https://www.wikidata.org/wiki/Q10690,Wikidata P915/P625/P6375/P577
Q127609533,Seven Dials Mystery,television series,,Q22889,巴斯,51.381388888,-2.359722222,,,,tt31974288,,250505,https://www.wikidata.org/wiki/Q127609533,https://www.wikidata.org/wiki/Q22889,Wikidata P915/P625/P6375/P577
Q127609533,Seven Dials Mystery,television series,,Q23154,布里斯托尔,51.453611111,-2.5975,,,,tt31974288,,250505,https://www.wikidata.org/wiki/Q127609533,https://www.wikidata.org/wiki/Q23154,Wikidata P915/P625/P6375/P577
Q26834084,Shackleton: Death or Glory,television series,,Q1137202,南乔治亚岛,-54.316666666,-36.65,,,,tt3742938,,134960,https://www.wikidata.org/wiki/Q26834084,https://www.wikidata.org/wiki/Q1137202,Wikidata P915/P625/P6375/P577
Q7602068,Starlight,television series,,Q254650,亞歷山德拉宮,51.594166666,-0.130833333,"Alexandra Palace, Alexandra Palace Way, Wood Green, London, Haringey, N22 7AY, England",,,,,,https://www.wikidata.org/wiki/Q7602068,https://www.wikidata.org/wiki/Q254650,Wikidata P915/P625/P6375/P577
Q111845570,Starstruck,television series,,Q84,伦敦,51.507222222,-0.1275,,,,tt10801368,,93288,https://www.wikidata.org/wiki/Q111845570,https://www.wikidata.org/wiki/Q84,Wikidata P915/P625/P6375/P577
Q17022528,Suspects,television series,,Q84,伦敦,51.507222222,-0.1275,,,,tt3149010,,61448,https://www.wikidata.org/wiki/Q17022528,https://www.wikidata.org/wiki/Q84,Wikidata P915/P625/P6375/P577
Q7699920,Tenko,television series,,Q23159,多塞特郡,50.833333333,-2.333333333,,,,tt0081944,,2775,https://www.wikidata.org/wiki/Q7699920,https://www.wikidata.org/wiki/Q23159,Wikidata P915/P625/P6375/P577
Q7711079,That's Your Funeral,television series,1970-03-25,Q661896,松木制片厂,51.548611111,-0.535,,,,tt0065350,,762,https://www.wikidata.org/wiki/Q7711079,https://www.wikidata.org/wiki/Q661896,Wikidata P915/P625/P6375/P577
Q85806317,The Accident,television series,,Q3406145,Blaengarw,51.624147222,-3.587377777,,,,tt9145372,,94755,https://www.wikidata.org/wiki/Q85806317,https://www.wikidata.org/wiki/Q3406145,Wikidata P915/P625/P6375/P577
Q85806317,The Accident,television series,,Q4957336,Brangwyn音乐厅,51.613741666,-3.960180555,,,,tt9145372,,94755,https://www.wikidata.org/wiki/Q85806317,https://www.wikidata.org/wiki/Q4957336,Wikidata P915/P625/P6375/P577
Q85806317,The Accident,television series,,Q42377659,Cardiff Central police station,51.4852,-3.1808,,,,tt9145372,,94755,https://www.wikidata.org/wiki/Q85806317,https://www.wikidata.org/wiki/Q42377659,Wikidata P915/P625/P6375/P577
Q85806317,The Accident,television series,,Q5057250,Cefn Coed Hospital,51.628056,-3.988889,,,,tt9145372,,94755,https://www.wikidata.org/wiki/Q85806317,https://www.wikidata.org/wiki/Q5057250,Wikidata P915/P625/P6375/P577
Q85806317,The Accident,television series,,Q6089564,Isycoed,53.0457,-2.8924,,,,tt9145372,,94755,https://www.wikidata.org/wiki/Q85806317,https://www.wikidata.org/wiki/Q6089564,Wikidata P915/P625/P6375/P577
Q85806317,The Accident,television series,,Q2051921,Maerdy,51.6727,-3.48331,,,,tt9145372,,94755,https://www.wikidata.org/wiki/Q85806317,https://www.wikidata.org/wiki/Q2051921,Wikidata P915/P625/P6375/P577
Q85806317,The Accident,television series,,Q24638205,Rhondda Valley,51.61667,-3.41667,,,,tt9145372,,94755,https://www.wikidata.org/wiki/Q85806317,https://www.wikidata.org/wiki/Q24638205,Wikidata P915/P625/P6375/P577
Q85806317,The Accident,television series,,Q722585,卡尔迪科特,51.590833333,-2.749166666,,,,tt9145372,,94755,https://www.wikidata.org/wiki/Q85806317,https://www.wikidata.org/wiki/Q722585,Wikidata P915/P625/P6375/P577
Q85806317,The Accident,television series,,Q3404200,坡尔斯,51.6138,-3.4095,,,,tt9145372,,94755,https://www.wikidata.org/wiki/Q85806317,https://www.wikidata.org/wiki/Q3404200,Wikidata P915/P625/P6375/P577
Q85806317,The Accident,television series,,Q23051,斯旺西,51.616666666,-3.95,,,,tt9145372,,94755,https://www.wikidata.org/wiki/Q85806317,https://www.wikidata.org/wiki/Q23051,Wikidata P915/P625/P6375/P577
Q85806317,The Accident,television series,,Q3401144,芬代爾 (朗達卡嫩塔夫),51.6577,-3.44588,,,,tt9145372,,94755,https://www.wikidata.org/wiki/Q85806317,https://www.wikidata.org/wiki/Q3401144,Wikidata P915/P625/P6375/P577
Q16992630,The Game,television series,,Q84,伦敦,51.507222222,-0.1275,,,,tt3159736,,61831,https://www.wikidata.org/wiki/Q16992630,https://www.wikidata.org/wiki/Q84,Wikidata P915/P625/P6375/P577
Q16992630,The Game,television series,,Q2256,伯明翰,52.48,-1.9025,,,,tt3159736,,61831,https://www.wikidata.org/wiki/Q16992630,https://www.wikidata.org/wiki/Q2256,Wikidata P915/P625/P6375/P577
Q16992630,The Game,television series,,Q25,威尔士,52.35,-3.633333333,,,,tt3159736,,61831,https://www.wikidata.org/wiki/Q16992630,https://www.wikidata.org/wiki/Q25,Wikidata P915/P625/P6375/P577
Q7736051,The General,television series,1998-04-06,Q7569131,Southampton General Hospital,50.933,-1.434,,,,,,,https://www.wikidata.org/wiki/Q7736051,https://www.wikidata.org/wiki/Q7569131,Wikidata P915/P625/P6375/P577
Q109536378,The Long Call,television series,,Q1229094,Appledore,51.0525,-4.1945,,,,tt13610872,,136397,https://www.wikidata.org/wiki/Q109536378,https://www.wikidata.org/wiki/Q1229094,Wikidata P915/P625/P6375/P577
Q109536378,The Long Call,television series,,Q674940,北德文區,51.081,-4.058,,,,tt13610872,,136397,https://www.wikidata.org/wiki/Q109536378,https://www.wikidata.org/wiki/Q674940,Wikidata P915/P625/P6375/P577
Q109536378,The Long Call,television series,,Q23154,布里斯托尔,51.453611111,-2.5975,,,,tt13610872,,136397,https://www.wikidata.org/wiki/Q109536378,https://www.wikidata.org/wiki/Q23154,Wikidata P915/P625/P6375/P577
Q56612613,The Mighty Redcar,television series,,Q1193749,雷德卡尔,54.618561111,-1.068561111,,,,,,,https://www.wikidata.org/wiki/Q56612613,https://www.wikidata.org/wiki/Q1193749,Wikidata P915/P625/P6375/P577
Q7754983,The Omega Factor,television series,,Q23436,爱丁堡,55.953333333,-3.189166666,,,,tt0078665,,1853,https://www.wikidata.org/wiki/Q7754983,https://www.wikidata.org/wiki/Q23436,Wikidata P915/P625/P6375/P577
Q108372670,The Power,television series,,Q145,英国,54.6,-2.0,,,,tt10369484,,95558,https://www.wikidata.org/wiki/Q108372670,https://www.wikidata.org/wiki/Q145,Wikidata P915/P625/P6375/P577
Q136555225,The Ridge,television series,,Q22,苏格兰,57.0,-5.0,,,,tt30984541,,285246,https://www.wikidata.org/wiki/Q136555225,https://www.wikidata.org/wiki/Q22,Wikidata P915/P625/P6375/P577
Q3205382,The Scarecrow of Romney Marsh,television series,1964-01-01,Q661896,松木制片厂,51.548611111,-0.535,,,,tt0055929,,289922,https://www.wikidata.org/wiki/Q3205382,https://www.wikidata.org/wiki/Q661896,Wikidata P915/P625/P6375/P577
Q60793979,The Secret Life of the Zoo,television series,,Q3139243,Chester Zoo,53.226666666,-2.884166666,,,,tt8343762,,65686,https://www.wikidata.org/wiki/Q60793979,https://www.wikidata.org/wiki/Q3139243,Wikidata P915/P625/P6375/P577
Q115728642,The Traitors,television series,,Q17569162,Ardross Castle,57.7353,-4.33397,"Ardross Castle, Alness, Ross-shire, IV17 0YE",,,tt23743442,,215307,https://www.wikidata.org/wiki/Q115728642,https://www.wikidata.org/wiki/Q17569162,Wikidata P915/P625/P6375/P577
Q1106528,The World seen from the train,television series,,Q22,苏格兰,57.0,-5.0,,,,,,322071,https://www.wikidata.org/wiki/Q1106528,https://www.wikidata.org/wiki/Q22,Wikidata P915/P625/P6375/P577
Q13775204,The Wright Way,television series,,Q47952,索尔福德,53.482777777,-2.293055555,,,,tt2649480,,47587,https://www.wikidata.org/wiki/Q13775204,https://www.wikidata.org/wiki/Q47952,Wikidata P915/P625/P6375/P577
Q112406063,The Yorkshire Vet,television series,,Q163,约克郡,53.958333333,-1.083333333,,,,tt5016662,,100973,https://www.wikidata.org/wiki/Q112406063,https://www.wikidata.org/wiki/Q163,Wikidata P915/P625/P6375/P577
Q116780924,Transformation Street,television series,,Q21272241,Essex,51.75,0.583333333,,,,tt7859318,,83338,https://www.wikidata.org/wiki/Q116780924,https://www.wikidata.org/wiki/Q21272241,Wikidata P915/P625/P6375/P577
Q116780924,Transformation Street,television series,,Q26560681,The Boathouse Inn,52.708805,-2.763997,"Victoria Road, Shipley, Bradford BD18 3LA",,,tt7859318,,83338,https://www.wikidata.org/wiki/Q116780924,https://www.wikidata.org/wiki/Q26560681,Wikidata P915/P625/P6375/P577
Q116780924,Transformation Street,television series,,Q116842632,The London Transgender Clinic,51.519438,-0.149086,"54 Wimpole St, London W1G 8YJ",,,tt7859318,,83338,https://www.wikidata.org/wiki/Q116780924,https://www.wikidata.org/wiki/Q116842632,Wikidata P915/P625/P6375/P577
Q116780924,Transformation Street,television series,,Q20714162,Weymouth Street Hospital,51.5202,-0.1506,,,,tt7859318,,83338,https://www.wikidata.org/wiki/Q116780924,https://www.wikidata.org/wiki/Q20714162,Wikidata P915/P625/P6375/P577
Q116780924,Transformation Street,television series,,Q21694746,威尔特郡,51.316388888,-2.21,,,,tt7859318,,83338,https://www.wikidata.org/wiki/Q116780924,https://www.wikidata.org/wiki/Q21694746,Wikidata P915/P625/P6375/P577
Q116780924,Transformation Street,television series,,Q179351,威斯敏斯特,51.4975,-0.137222222,,,,tt7859318,,83338,https://www.wikidata.org/wiki/Q116780924,https://www.wikidata.org/wiki/Q179351,Wikidata P915/P625/P6375/P577
Q116780924,Transformation Street,television series,,Q3569249,温坡街,51.5196,-0.14895,,,,tt7859318,,83338,https://www.wikidata.org/wiki/Q116780924,https://www.wikidata.org/wiki/Q3569249,Wikidata P915/P625/P6375/P577
Q124331638,Tree on a Hill,television series,,Q2720261,阿斯特勒甘莱斯,51.781011111,-3.751069444,,,,tt29902630,,247810,https://www.wikidata.org/wiki/Q124331638,https://www.wikidata.org/wiki/Q2720261,Wikidata P915/P625/P6375/P577
Q15109327,Tudor Monastery Farm,television series,,Q2553215,Weald and Downland Living Museum,50.908,-0.758,"Singleton, Chichester PO18 0EU",,,tt4103600,,69433,https://www.wikidata.org/wiki/Q15109327,https://www.wikidata.org/wiki/Q2553215,Wikidata P915/P625/P6375/P577
Q124691463,Vanderpump Villa,television series,,Q7861523,泰林厄姆大廳,52.1139,-0.751767,,,,tt27999118,,245263,https://www.wikidata.org/wiki/Q124691463,https://www.wikidata.org/wiki/Q7861523,Wikidata P915/P625/P6375/P577
Q15732968,W1A,television series,,Q2914560,BBC廣播大樓,51.518555555,-0.143833333,,,,tt3610926,,62479,https://www.wikidata.org/wiki/Q15732968,https://www.wikidata.org/wiki/Q2914560,Wikidata P915/P625/P6375/P577
Q14920502,What Remains,television series,,Q84,伦敦,51.507222222,-0.1275,,,,tt2649588,,57857,https://www.wikidata.org/wiki/Q14920502,https://www.wikidata.org/wiki/Q84,Wikidata P915/P625/P6375/P577
Q8029058,Wogan,television series,,Q795613,BBC電視中心,51.5099,-0.2263,,,,tt0083504,,20477,https://www.wikidata.org/wiki/Q8029058,https://www.wikidata.org/wiki/Q795613,Wikidata P915/P625/P6375/P577
Q8029058,Wogan,television series,,Q2778511,牧人丛帝国剧场,51.50349,-0.22433,"56 Shepherd's Bush Green, London, W12 8TT, England",,,tt0083504,,20477,https://www.wikidata.org/wiki/Q8029058,https://www.wikidata.org/wiki/Q2778511,Wikidata P915/P625/P6375/P577
Q123740753,Wolf Hall: The Mirror and the Light,television series,,Q4891993,贝克利城堡,51.688611111,-2.456944444,"Berkeley Castle, Gloucestershire, GL13 9BQ",,,tt30088743,,,https://www.wikidata.org/wiki/Q123740753,https://www.wikidata.org/wiki/Q4891993,Wikidata P915/P625/P6375/P577
Q123740753,Wolf Hall: The Mirror and the Light,television series,,Q519614,韋爾斯大教堂,51.2104,-2.6437,,,,tt30088743,,,https://www.wikidata.org/wiki/Q123740753,https://www.wikidata.org/wiki/Q519614,Wikidata P915/P625/P6375/P577
Q126194054,Young Sherlock,television series,,Q10690,加地夫,51.481666666,-3.179166666,,,,tt8599532,,255661,https://www.wikidata.org/wiki/Q126194054,https://www.wikidata.org/wiki/Q10690,Wikidata P915/P625/P6375/P577
Q126194054,Young Sherlock,television series,,Q23154,布里斯托尔,51.453611111,-2.5975,,,,tt8599532,,255661,https://www.wikidata.org/wiki/Q126194054,https://www.wikidata.org/wiki/Q23154,Wikidata P915/P625/P6375/P577
Q10863838,一切从失踪开始,television series,,Q1054923,英属香港,22.280068253,114.160327229,,,,,,109961,https://www.wikidata.org/wiki/Q10863838,https://www.wikidata.org/wiki/Q1054923,Wikidata P915/P625/P6375/P577
Q120277524,七王国的骑士,television series,,Q10686,贝尔法斯特,54.596666666,-5.93,,,,tt27497448,,224372,https://www.wikidata.org/wiki/Q120277524,https://www.wikidata.org/wiki/Q10686,Wikidata P915/P625/P6375/P577
Q3272370,下班,television series,,Q18125,曼彻斯特,53.466666666,-2.233333333,,,,tt0243183,,12334,https://www.wikidata.org/wiki/Q3272370,https://www.wikidata.org/wiki/Q18125,Wikidata P915/P625/P6375/P577
Q65051955,世界之战,television series,,Q145,英国,54.6,-2.0,,,,tt9686194,,86374,https://www.wikidata.org/wiki/Q65051955,https://www.wikidata.org/wiki/Q145,Wikidata P915/P625/P6375/P577
Q978011,中间人,television series,,Q2734390,西伦敦,51.5318806,-0.256536,,,,tt1220617,,7317,https://www.wikidata.org/wiki/Q978011,https://www.wikidata.org/wiki/Q2734390,Wikidata P915/P625/P6375/P577
Q5240237,乌托邦,television series,,Q1290796,西兰开夏郡,53.562,-2.827,,,,tt2384811,,46511,https://www.wikidata.org/wiki/Q5240237,https://www.wikidata.org/wiki/Q1290796,Wikidata P915/P625/P6375/P577
Q5240237,乌托邦,television series,,Q23100,默西賽德郡,53.416666666,-3.0,,,,tt2384811,,46511,https://www.wikidata.org/wiki/Q5240237,https://www.wikidata.org/wiki/Q23100,Wikidata P915/P625/P6375/P577
Q124829706,乌鸦女孩,television series,,Q23154,布里斯托尔,51.453611111,-2.5975,,,,tt30063915,,248698,https://www.wikidata.org/wiki/Q124829706,https://www.wikidata.org/wiki/Q23154,Wikidata P915/P625/P6375/P577
Q14955420,亚特兰蒂斯,television series,,Q25,威尔士,52.35,-3.633333333,,,,tt2705602,,47054,https://www.wikidata.org/wiki/Q14955420,https://www.wikidata.org/wiki/Q25,Wikidata P915/P625/P6375/P577
Q55608702,亞瑟王傳說：詛咒,television series,2020-01-01,Q25,威尔士,52.35,-3.633333333,,,,tt8210856,,83125,https://www.wikidata.org/wiki/Q55608702,https://www.wikidata.org/wiki/Q25,Wikidata P915/P625/P6375/P577
Q55608702,亞瑟王傳說：詛咒,television series,2020-01-01,Q21,英格兰,53.0,-1.0,,,,tt8210856,,83125,https://www.wikidata.org/wiki/Q55608702,https://www.wikidata.org/wiki/Q21,Wikidata P915/P625/P6375/P577
Q100324103,他們的人生,television series,,Q18125,曼彻斯特,53.466666666,-2.233333333,,,,tt10122020,,110833,https://www.wikidata.org/wiki/Q100324103,https://www.wikidata.org/wiki/Q18125,Wikidata P915/P625/P6375/P577
Q28859711,代班,television series,,Q4093,格拉斯哥,55.861111111,-4.25,,,,tt6410708,,70514,https://www.wikidata.org/wiki/Q28859711,https://www.wikidata.org/wiki/Q4093,Wikidata P915/P625/P6375/P577
Q795330,仰望夜空,television series,,Q7693957,泰丁顿工作室,51.4287,-0.3217,,,,tt0262990,,9873,https://www.wikidata.org/wiki/Q795330,https://www.wikidata.org/wiki/Q7693957,Wikidata P915/P625/P6375/P577
Q795330,仰望夜空,television series,,Q3444510,莱姆园摄影棚,51.503611111,-0.227222222,,,,tt0262990,,9873,https://www.wikidata.org/wiki/Q795330,https://www.wikidata.org/wiki/Q3444510,Wikidata P915/P625/P6375/P577
Q1113852,伴我双飞,television series,,Q8709,伦敦斯坦斯特德机场,51.885,0.235,,,,tt1749004,,34604,https://www.wikidata.org/wiki/Q1113852,https://www.wikidata.org/wiki/Q8709,Wikidata P915/P625/P6375/P577
Q1113852,伴我双飞,television series,,Q8996,唐卡斯特-谢菲尔德机场,53.475277777,-1.004166666,,,,tt1749004,,34604,https://www.wikidata.org/wiki/Q1113852,https://www.wikidata.org/wiki/Q8996,Wikidata P915/P625/P6375/P577
Q104161310,侍僧 (電視劇),television series,,Q84,伦敦,51.507222222,-0.1275,,,,tt12262202,,114479,https://www.wikidata.org/wiki/Q104161310,https://www.wikidata.org/wiki/Q84,Wikidata P915/P625/P6375/P577
Q28443753,倫敦神探,television series,2017-08-27,Q84,伦敦,51.507222222,-0.1275,,,,tt4276618,,72748,https://www.wikidata.org/wiki/Q28443753,https://www.wikidata.org/wiki/Q84,Wikidata P915/P625/P6375/P577
Q27062250,傑克萊恩,television series,,Q84,伦敦,51.507222222,-0.1275,,,,tt5057054,,73375,https://www.wikidata.org/wiki/Q27062250,https://www.wikidata.org/wiki/Q84,Wikidata P915/P625/P6375/P577
Q107233698,克拉克森的农场,television series,,Q1065474,奇平诺顿,51.94,-1.55,,,,tt10541088,,117648,https://www.wikidata.org/wiki/Q107233698,https://www.wikidata.org/wiki/Q1065474,Wikidata P915/P625/P6375/P577
Q629439,克蘭福鎮,television series,,Q26672667,Laundry Cottage,51.339692,-0.95387,,,,tt0974077,,14264,https://www.wikidata.org/wiki/Q629439,https://www.wikidata.org/wiki/Q26672667,Wikidata P915/P625/P6375/P577
Q629439,克蘭福鎮,television series,,Q2121329,錫永宮,51.4767,-0.3125,"Syon Park, Brentford TW8 8JF",,,tt0974077,,14264,https://www.wikidata.org/wiki/Q629439,https://www.wikidata.org/wiki/Q2121329,Wikidata P915/P625/P6375/P577
Q96392399,兩極警探,television series,,Q22889,巴斯,51.381388888,-2.359722222,,,,tt10720914,,99962,https://www.wikidata.org/wiki/Q96392399,https://www.wikidata.org/wiki/Q22889,Wikidata P915/P625/P6375/P577
Q87192600,八十天环游地球,television series,,Q145,英国,54.6,-2.0,,,,tt9174578,,96228,https://www.wikidata.org/wiki/Q87192600,https://www.wikidata.org/wiki/Q145,Wikidata P915/P625/P6375/P577
Q114088977,冬日國王,television series,,Q25,威尔士,52.35,-3.633333333,,,,tt11716756,,99737,https://www.wikidata.org/wiki/Q114088977,https://www.wikidata.org/wiki/Q25,Wikidata P915/P625/P6375/P577
Q65074869,北海鯨夢,television series,,Q810196,贝辛斯托克,51.262826,-1.0861976,,,,tt7660970,,86941,https://www.wikidata.org/wiki/Q65074869,https://www.wikidata.org/wiki/Q810196,Wikidata P915/P625/P6375/P577
Q1341296,单身老爸,television series,,Q23436,爱丁堡,55.953333333,-3.189166666,,,,tt1605467,,34303,https://www.wikidata.org/wiki/Q1341296,https://www.wikidata.org/wiki/Q23436,Wikidata P915/P625/P6375/P577
Q15072906,古戰場傳奇,television series,,Q1252715,杜恩城堡,56.185158333,-4.050252777,,,,tt3006802,,56570,https://www.wikidata.org/wiki/Q15072906,https://www.wikidata.org/wiki/Q1252715,Wikidata P915/P625/P6375/P577
Q15072906,古戰場傳奇,television series,,Q22,苏格兰,57.0,-5.0,,,,tt3006802,,56570,https://www.wikidata.org/wiki/Q15072906,https://www.wikidata.org/wiki/Q22,Wikidata P915/P625/P6375/P577
Q15072906,古戰場傳奇,television series,,Q21,英格兰,53.0,-1.0,,,,tt3006802,,56570,https://www.wikidata.org/wiki/Q15072906,https://www.wikidata.org/wiki/Q21,Wikidata P915/P625/P6375/P577
Q1247858,只有傻瓜和馬,television series,,Q84,伦敦,51.507222222,-0.1275,,,,tt0081912,,72,https://www.wikidata.org/wiki/Q1247858,https://www.wikidata.org/wiki/Q84,Wikidata P915/P625/P6375/P577
Q1247858,只有傻瓜和馬,television series,,Q23154,布里斯托尔,51.453611111,-2.5975,,,,tt0081912,,72,https://www.wikidata.org/wiki/Q1247858,https://www.wikidata.org/wiki/Q23154,Wikidata P915/P625/P6375/P577
Q23623,同志亦凡人,television series,,Q18125,曼彻斯特,53.466666666,-2.233333333,,,,tt0185102,,2388,https://www.wikidata.org/wiki/Q23623,https://www.wikidata.org/wiki/Q18125,Wikidata P915/P625/P6375/P577
Q28949539,名姝,television series,,Q84,伦敦,51.507222222,-0.1275,,,,tt5761478,,69541,https://www.wikidata.org/wiki/Q28949539,https://www.wikidata.org/wiki/Q84,Wikidata P915/P625/P6375/P577
Q28949539,名姝,television series,,Q3410,赫特福德郡,51.9,-0.2,,,,tt5761478,,69541,https://www.wikidata.org/wiki/Q28949539,https://www.wikidata.org/wiki/Q3410,Wikidata P915/P625/P6375/P577
Q60774416,告密者,television series,2019-01-11,Q84,伦敦,51.507222222,-0.1275,,,,tt7161312,,83059,https://www.wikidata.org/wiki/Q60774416,https://www.wikidata.org/wiki/Q84,Wikidata P915/P625/P6375/P577
Q6494694,哈利法克斯最后的探戈,television series,,Q163,约克郡,53.958333333,-1.083333333,,,,tt2216156,,47801,https://www.wikidata.org/wiki/Q6494694,https://www.wikidata.org/wiki/Q163,Wikidata P915/P625/P6375/P577
Q83071,唐顿庄园,television series,,Q16255974,Byfleet Manor,51.3315,-0.463878,,,,tt1606375,,33907,https://www.wikidata.org/wiki/Q83071,https://www.wikidata.org/wiki/Q16255974,Wikidata P915/P625/P6375/P577
Q83071,唐顿庄园,television series,,Q15225335,Horsted Keynes railway station,51.0461,-0.0446,,,,tt1606375,,33907,https://www.wikidata.org/wiki/Q83071,https://www.wikidata.org/wiki/Q15225335,Wikidata P915/P625/P6375/P577
Q83071,唐顿庄园,television series,,Q7587016,The Charterhouse,52.40103,-1.49475,,,,tt1606375,,33907,https://www.wikidata.org/wiki/Q83071,https://www.wikidata.org/wiki/Q7587016,Wikidata P915/P625/P6375/P577
Q83071,唐顿庄园,television series,,Q72081,伊灵制作公司,51.509166666,-0.3075,,,,tt1606375,,33907,https://www.wikidata.org/wiki/Q83071,https://www.wikidata.org/wiki/Q72081,Wikidata P915/P625/P6375/P577
Q83071,唐顿庄园,television series,,Q1508450,海克利爾城堡,51.3267,-1.36139,Newbury RG20 9RN,,,tt1606375,,33907,https://www.wikidata.org/wiki/Q83071,https://www.wikidata.org/wiki/Q1508450,Wikidata P915/P625/P6375/P577
Q83071,唐顿庄园,television series,,Q2012293,班普顿,51.727,-1.544,,,,tt1606375,,33907,https://www.wikidata.org/wiki/Q83071,https://www.wikidata.org/wiki/Q2012293,Wikidata P915/P625/P6375/P577
Q83071,唐顿庄园,television series,,Q1320427,阿尼克城堡,55.415783,-1.706078,"Estates Office, Alnwick Castle, Alnwick NE66 1NQ",,,tt1606375,,33907,https://www.wikidata.org/wiki/Q83071,https://www.wikidata.org/wiki/Q1320427,Wikidata P915/P625/P6375/P577
Q1760664,國際警網,television series,,Q661896,松木制片厂,51.548611111,-0.535,,,,tt0052475,,12025,https://www.wikidata.org/wiki/Q1760664,https://www.wikidata.org/wiki/Q661896,Wikidata P915/P625/P6375/P577
Q56280917,地下診所,television series,,Q84,伦敦,51.507222222,-0.1275,,,,tt7736572,,93177,https://www.wikidata.org/wiki/Q56280917,https://www.wikidata.org/wiki/Q84,Wikidata P915/P625/P6375/P577
Q3795151,地板下的小矮人,television series,1992-01-01,Q661896,松木制片厂,51.548611111,-0.535,,,,tt0105957,,40306,https://www.wikidata.org/wiki/Q3795151,https://www.wikidata.org/wiki/Q661896,Wikidata P915/P625/P6375/P577
Q1532410,埃塞克斯是唯一的生活方式,television series,,Q23240,埃塞克斯郡,51.75,0.583333333,,,,tt1737565,,34284,https://www.wikidata.org/wiki/Q1532410,https://www.wikidata.org/wiki/Q23240,Wikidata P915/P625/P6375/P577
Q1532410,埃塞克斯是唯一的生活方式,television series,,Q909993,布伦特伍德,51.620277777,0.305,,,,tt1737565,,34284,https://www.wikidata.org/wiki/Q1532410,https://www.wikidata.org/wiki/Q909993,Wikidata P915/P625/P6375/P577
Q247643,基本演绎法,television series,2013-01-10,Q84,伦敦,51.507222222,-0.1275,,,,tt2191671,,1415,https://www.wikidata.org/wiki/Q247643,https://www.wikidata.org/wiki/Q84,Wikidata P915/P625/P6375/P577
Q7733188,堕落,television series,,Q10686,贝尔法斯特,54.596666666,-5.93,,,,tt2294189,,49010,https://www.wikidata.org/wiki/Q7733188,https://www.wikidata.org/wiki/Q10686,Wikidata P915/P625/P6375/P577
Q2424566,塔格特探案,television series,,Q23436,爱丁堡,55.953333333,-3.189166666,,,,tt0088621,,2428,https://www.wikidata.org/wiki/Q2424566,https://www.wikidata.org/wiki/Q23436,Wikidata P915/P625/P6375/P577
Q1215959,夏普,television series,,Q145,英国,54.6,-2.0,,,,tt12749392,,225,https://www.wikidata.org/wiki/Q1215959,https://www.wikidata.org/wiki/Q145,Wikidata P915/P625/P6375/P577
Q104880809,外放特務組,television series,,Q189960,威斯敏斯特,51.4995,-0.1333,,,,tt5875444,,95480,https://www.wikidata.org/wiki/Q104880809,https://www.wikidata.org/wiki/Q189960,Wikidata P915/P625/P6375/P577
Q19865538,夜班经理,television series,,Q84,伦敦,51.507222222,-0.1275,,,,tt1399664,,61859,https://www.wikidata.org/wiki/Q19865538,https://www.wikidata.org/wiki/Q84,Wikidata P915/P625/P6375/P577
Q115481652,夢想之地,television series,,Q618045,马盖特,51.385,1.3838,,,,tt22008216,,220154,https://www.wikidata.org/wiki/Q115481652,https://www.wikidata.org/wiki/Q618045,Wikidata P915/P625/P6375/P577
Q61782859,大帝 (迷你劇),television series,,Q145,英国,54.6,-2.0,,,,tt2235759,,93812,https://www.wikidata.org/wiki/Q61782859,https://www.wikidata.org/wiki/Q145,Wikidata P915/P625/P6375/P577
Q7756057,天堂一刻,television series,2012-01-01,Q6481592,Lambton Castle,54.867,-1.53678,,,,tt2391224,,59674,https://www.wikidata.org/wiki/Q7756057,https://www.wikidata.org/wiki/Q6481592,Wikidata P915/P625/P6375/P577
Q2065658,奇怪,television series,,Q72081,伊灵制作公司,51.509166666,-0.3075,,,,tt0312209,,3873,https://www.wikidata.org/wiki/Q2065658,https://www.wikidata.org/wiki/Q72081,Wikidata P915/P625/P6375/P577
Q43377320,好兆头,television series,,Q216914,圣詹姆士公园,51.5025,-0.135,,,,tt1869454,,71915,https://www.wikidata.org/wiki/Q43377320,https://www.wikidata.org/wiki/Q216914,Wikidata P915/P625/P6375/P577
Q43377320,好兆头,television series,,Q1850580,汉布尔登,51.571877777,-0.867897222,,,,tt1869454,,71915,https://www.wikidata.org/wiki/Q43377320,https://www.wikidata.org/wiki/Q1850580,Wikidata P915/P625/P6375/P577
Q43377320,好兆头,television series,,Q23276,萨里郡,51.25,-0.45,,,,tt1869454,,71915,https://www.wikidata.org/wiki/Q43377320,https://www.wikidata.org/wiki/Q23276,Wikidata P915/P625/P6375/P577
Q59654709,威尔森夫人,television series,2018-11-27,Q84,伦敦,51.507222222,-0.1275,,,,tt6859806,,78969,https://www.wikidata.org/wiki/Q59654709,https://www.wikidata.org/wiki/Q84,Wikidata P915/P625/P6375/P577
Q7979050,婚礼疯娘,television series,,Q23436,爱丁堡,55.953333333,-3.189166666,,,,tt0984159,80545,,https://www.wikidata.org/wiki/Q7979050,https://www.wikidata.org/wiki/Q23436,Wikidata P915/P625/P6375/P577
Q60462338,安道爾,television series,,Q17771894,Cruachan Dam,56.4065,-5.11312,,,,tt9253284,,83867,https://www.wikidata.org/wiki/Q60462338,https://www.wikidata.org/wiki/Q17771894,Wikidata P915/P625/P6375/P577
Q60462338,安道爾,television series,,Q991253,小马尔洛,51.585,-0.741,,,,tt9253284,,83867,https://www.wikidata.org/wiki/Q60462338,https://www.wikidata.org/wiki/Q991253,Wikidata P915/P625/P6375/P577
Q714753,宦海波折,television series,,Q737888,波特梅里恩,52.913055555,-4.099166666,,,,tt0061287,,894,https://www.wikidata.org/wiki/Q714753,https://www.wikidata.org/wiki/Q737888,Wikidata P915/P625/P6375/P577
Q54999822,家国危机,television series,,Q84,伦敦,51.507222222,-0.1275,,,,tt8049666,,80058,https://www.wikidata.org/wiki/Q54999822,https://www.wikidata.org/wiki/Q84,Wikidata P915/P625/P6375/P577
Q84079001,少年间谍亚历克斯,television series,,Q84,伦敦,51.507222222,-0.1275,,,,tt6964748,,99799,https://www.wikidata.org/wiki/Q84079001,https://www.wikidata.org/wiki/Q84,Wikidata P915/P625/P6375/P577
Q126092795,幻视任务,television series,,Q21,英格兰,53.0,-1.0,,,,tt23112594,,213375,https://www.wikidata.org/wiki/Q126092795,https://www.wikidata.org/wiki/Q21,Wikidata P915/P625/P6375/P577
Q26964767,幽灵冬至,television series,,Q170263,切斯特,53.2,-2.883333333,,,,tt4853930,,64012,https://www.wikidata.org/wiki/Q26964767,https://www.wikidata.org/wiki/Q170263,Wikidata P915/P625/P6375/P577
Q26964767,幽灵冬至,television series,,Q23129,赫里福德郡,52.083333333,-2.75,,,,tt4853930,,64012,https://www.wikidata.org/wiki/Q26964767,https://www.wikidata.org/wiki/Q23129,Wikidata P915/P625/P6375/P577
Q105067184,循跡,television series,,Q18125,曼彻斯特,53.466666666,-2.233333333,,,,tt9788012,,96335,https://www.wikidata.org/wiki/Q105067184,https://www.wikidata.org/wiki/Q18125,Wikidata P915/P625/P6375/P577
Q1151570,德古拉,television series,,Q84,伦敦,51.507222222,-0.1275,,,,tt2296682,,58928,https://www.wikidata.org/wiki/Q1151570,https://www.wikidata.org/wiki/Q84,Wikidata P915/P625/P6375/P577
Q62033168,德古拉,television series,,Q145,英国,54.6,-2.0,,,,tt9139220,,86850,https://www.wikidata.org/wiki/Q62033168,https://www.wikidata.org/wiki/Q145,Wikidata P915/P625/P6375/P577
Q23647063,德雷尔一家,television series,,Q72081,伊灵制作公司,51.509166666,-0.3075,,,,tt5014882,,66134,https://www.wikidata.org/wiki/Q23647063,https://www.wikidata.org/wiki/Q72081,Wikidata P915/P625/P6375/P577
Q106623586,心跳为你停,television series,,Q23220,伯克郡,51.42,-1.0,,,,tt10638036,,124834,https://www.wikidata.org/wiki/Q106623586,https://www.wikidata.org/wiki/Q23220,Wikidata P915/P625/P6375/P577
Q106623586,心跳为你停,television series,,Q5321374,伯納姆公園學院,51.5288,-0.6616,"The E-Act Burnham Park Academy, Opendale Road, Burnham, Slough, Buckinghamshire, SL1 7LZ",,,tt10638036,,124834,https://www.wikidata.org/wiki/Q106623586,https://www.wikidata.org/wiki/Q5321374,Wikidata P915/P625/P6375/P577
Q106623586,心跳为你停,television series,,Q2259685,伯纳姆,51.53,-0.66,,,,tt10638036,,124834,https://www.wikidata.org/wiki/Q106623586,https://www.wikidata.org/wiki/Q2259685,Wikidata P915/P625/P6375/P577
Q106623586,心跳为你停,television series,,Q211907,斯劳,51.509722222,-0.593055555,,,,tt10638036,,124834,https://www.wikidata.org/wiki/Q106623586,https://www.wikidata.org/wiki/Q211907,Wikidata P915/P625/P6375/P577
Q106623586,心跳为你停,television series,,Q464955,温莎,51.483333333,-0.6,,,,tt10638036,,124834,https://www.wikidata.org/wiki/Q106623586,https://www.wikidata.org/wiki/Q464955,Wikidata P915/P625/P6375/P577
Q106623586,心跳为你停,television series,,Q23229,白金汉郡,51.766666666,-0.8,,,,tt10638036,,124834,https://www.wikidata.org/wiki/Q106623586,https://www.wikidata.org/wiki/Q23229,Wikidata P915/P625/P6375/P577
Q106623586,心跳为你停,television series,,Q23298,肯特郡,51.19,0.73,,,,tt10638036,,124834,https://www.wikidata.org/wiki/Q106623586,https://www.wikidata.org/wiki/Q23298,Wikidata P915/P625/P6375/P577
Q106623586,心跳为你停,television series,,Q929286,赫恩贝,51.3706,1.127,,,,tt10638036,,124834,https://www.wikidata.org/wiki/Q106623586,https://www.wikidata.org/wiki/Q929286,Wikidata P915/P625/P6375/P577
Q2316316,急诊室,television series,,Q104176878,road to nowhere,51.532282,-2.433879,,,,tt0096555,,1021,https://www.wikidata.org/wiki/Q2316316,https://www.wikidata.org/wiki/Q104176878,Wikidata P915/P625/P6375/P577
Q2316316,急诊室,television series,,Q10690,加地夫,51.481666666,-3.179166666,,,,tt0096555,,1021,https://www.wikidata.org/wiki/Q2316316,https://www.wikidata.org/wiki/Q10690,Wikidata P915/P625/P6375/P577
Q2316316,急诊室,television series,,Q23154,布里斯托尔,51.453611111,-2.5975,,,,tt0096555,,1021,https://www.wikidata.org/wiki/Q2316316,https://www.wikidata.org/wiki/Q23154,Wikidata P915/P625/P6375/P577
Q55632932,性愛自修室,television series,2019-01-11,Q122920328,Otis' house,51.84026,-2.63743,,,,tt7767422,,81356,https://www.wikidata.org/wiki/Q55632932,https://www.wikidata.org/wiki/Q122920328,Wikidata P915/P625/P6375/P577
Q55632932,性愛自修室,television series,2019-01-11,Q25,威尔士,52.35,-3.633333333,,,,tt7767422,,81356,https://www.wikidata.org/wiki/Q55632932,https://www.wikidata.org/wiki/Q25,Wikidata P915/P625/P6375/P577
Q55632932,性愛自修室,television series,2019-01-11,Q1332478,瓦伊河谷地,51.82858,-2.660761,,,,tt7767422,,81356,https://www.wikidata.org/wiki/Q55632932,https://www.wikidata.org/wiki/Q1332478,Wikidata P915/P625/P6375/P577
Q55632932,性愛自修室,television series,2019-01-11,Q21,英格兰,53.0,-1.0,,,,tt7767422,,81356,https://www.wikidata.org/wiki/Q55632932,https://www.wikidata.org/wiki/Q21,Wikidata P915/P625/P6375/P577
Q21714983,應召女友,television series,,Q84,伦敦,51.507222222,-0.1275,,,,tt3846642,,64387,https://www.wikidata.org/wiki/Q21714983,https://www.wikidata.org/wiki/Q84,Wikidata P915/P625/P6375/P577
Q1538095,戈登·拉姆齊的廚房噩夢,television series,,Q145,英国,54.6,-2.0,,,,tt0409608,,2178,https://www.wikidata.org/wiki/Q1538095,https://www.wikidata.org/wiki/Q145,Wikidata P915/P625/P6375/P577
Q18129061,我們的世界戰爭,television series,,Q17551732,"Former Hemp House, Spinning Room and Offices",51.3924,0.526002,,,,tt3419604,,61251,https://www.wikidata.org/wiki/Q18129061,https://www.wikidata.org/wiki/Q17551732,Wikidata P915/P625/P6375/P577
Q20642711,战火家园,television series,,Q1853578,Bunbury,53.118,-2.645,,,,tt4015216,,62048,https://www.wikidata.org/wiki/Q20642711,https://www.wikidata.org/wiki/Q1853578,Wikidata P915/P625/P6375/P577
Q20642711,战火家园,television series,,Q7592677,"St Boniface's Church, Bunbury",53.1182,-2.6453,,,,tt4015216,,62048,https://www.wikidata.org/wiki/Q20642711,https://www.wikidata.org/wiki/Q7592677,Wikidata P915/P625/P6375/P577
Q245929,戰爭與回憶,television series,,Q661896,松木制片厂,51.548611111,-0.535,,,,tt0096725,,32675,https://www.wikidata.org/wiki/Q245929,https://www.wikidata.org/wiki/Q661896,Wikidata P915/P625/P6375/P577
Q88532913,披头士乐队：回归,television series,2021-11-01,Q17550035,"3, Savile Row W1",51.5104,-0.139643,"3 Savile Row, London W1S 3PB, UK",,,tt9735318,,128876,https://www.wikidata.org/wiki/Q88532913,https://www.wikidata.org/wiki/Q17550035,Wikidata P915/P625/P6375/P577
Q1768525,新聞問答,television series,,Q7748066,倫敦攝影棚,51.507330555,-0.112369444,,,,tt0098820,,797,https://www.wikidata.org/wiki/Q1768525,https://www.wikidata.org/wiki/Q7748066,Wikidata P915/P625/P6375/P577
Q1768525,新聞問答,television series,,Q22001022,埃尔斯特里制片厂,51.6587,-0.2758,,,,tt0098820,,797,https://www.wikidata.org/wiki/Q1768525,https://www.wikidata.org/wiki/Q22001022,Wikidata P915/P625/P6375/P577
Q929589,旧日火焰,television series,,Q84,伦敦,51.507222222,-0.1275,,,,tt0084987,,2072,https://www.wikidata.org/wiki/Q929589,https://www.wikidata.org/wiki/Q84,Wikidata P915/P625/P6375/P577
Q60776367,未来岁月,television series,,Q18125,曼彻斯特,53.466666666,-2.233333333,,,,tt8694364,,87104,https://www.wikidata.org/wiki/Q60776367,https://www.wikidata.org/wiki/Q18125,Wikidata P915/P625/P6375/P577
Q1247672,本尼希尔秀,television series,,Q145,英国,54.6,-2.0,,,,tt0063869,,3002,https://www.wikidata.org/wiki/Q1247672,https://www.wikidata.org/wiki/Q145,Wikidata P915/P625/P6375/P577
Q23572,权力的游戏,television series,,Q26,北爱尔兰,54.6075,-6.6925,,,,tt0944947,,1399,https://www.wikidata.org/wiki/Q23572,https://www.wikidata.org/wiki/Q26,Wikidata P915/P625/P6375/P577
Q23572,权力的游戏,television series,,Q22,苏格兰,57.0,-5.0,,,,tt0944947,,1399,https://www.wikidata.org/wiki/Q23572,https://www.wikidata.org/wiki/Q22,Wikidata P915/P625/P6375/P577
Q23572,权力的游戏,television series,,Q145,英国,54.6,-2.0,,,,tt0944947,,1399,https://www.wikidata.org/wiki/Q23572,https://www.wikidata.org/wiki/Q145,Wikidata P915/P625/P6375/P577
Q13099546,极品基老伴,television series,,Q7748066,倫敦攝影棚,51.507330555,-0.112369444,,,,tt2582590,,47039,https://www.wikidata.org/wiki/Q13099546,https://www.wikidata.org/wiki/Q7748066,Wikidata P915/P625/P6375/P577
Q85748936,柏捷頓家族：名門韻事,television series,,Q84,伦敦,51.507222222,-0.1275,,,,tt8740790,,91239,https://www.wikidata.org/wiki/Q85748936,https://www.wikidata.org/wiki/Q84,Wikidata P915/P625/P6375/P577
Q85748936,柏捷頓家族：名門韻事,television series,,Q22889,巴斯,51.381388888,-2.359722222,,,,tt8740790,,91239,https://www.wikidata.org/wiki/Q85748936,https://www.wikidata.org/wiki/Q22889,Wikidata P915/P625/P6375/P577
Q85748936,柏捷頓家族：名門韻事,television series,,Q23298,肯特郡,51.19,0.73,,,,tt8740790,,91239,https://www.wikidata.org/wiki/Q85748936,https://www.wikidata.org/wiki/Q23298,Wikidata P915/P625/P6375/P577
Q1176076,梅林传奇,television series,,Q25,威尔士,52.35,-3.633333333,,,,tt1199099,,7225,https://www.wikidata.org/wiki/Q1176076,https://www.wikidata.org/wiki/Q25,Wikidata P915/P625/P6375/P577
Q20899617,模仿大师,television series,,Q130721669,Taskmaster House,51.474630805,-0.26651466,"Ibis Cottage, Great Chertsey Road, London, W4 3UL",,,tt4934214,,63404,https://www.wikidata.org/wiki/Q20899617,https://www.wikidata.org/wiki/Q130721669,Wikidata P915/P625/P6375/P577
Q81791900,死水难收,television series,2020-01-10,Q3041358,Dunlop,55.7,-4.54,,,,tt9704568,,95442,https://www.wikidata.org/wiki/Q81791900,https://www.wikidata.org/wiki/Q3041358,Wikidata P915/P625/P6375/P577
Q81791900,死水难收,television series,2020-01-10,Q2146505,Kilbarchan,55.8362,-4.5537,,,,tt9704568,,95442,https://www.wikidata.org/wiki/Q81791900,https://www.wikidata.org/wiki/Q2146505,Wikidata P915/P625/P6375/P577
Q81791900,死水难收,television series,2020-01-10,Q899545,卡爾津城堡,55.354639,-4.789292,,,,tt9704568,,95442,https://www.wikidata.org/wiki/Q81791900,https://www.wikidata.org/wiki/Q899545,Wikidata P915/P625/P6375/P577
Q81791900,死水难收,television series,2020-01-10,Q1774629,厄尔文,55.619444444,-4.661111111,,,,tt9704568,,95442,https://www.wikidata.org/wiki/Q81791900,https://www.wikidata.org/wiki/Q1774629,Wikidata P915/P625/P6375/P577
Q81791900,死水难收,television series,2020-01-10,Q654216,艾尔,55.463888888,-4.627777777,,,,tt9704568,,95442,https://www.wikidata.org/wiki/Q81791900,https://www.wikidata.org/wiki/Q654216,Wikidata P915/P625/P6375/P577
Q932874,殺人狂傑克,television series,1988-01-01,Q661896,松木制片厂,51.548611111,-0.535,,,,tt0095388,,47510,https://www.wikidata.org/wiki/Q932874,https://www.wikidata.org/wiki/Q661896,Wikidata P915/P625/P6375/P577
Q24297601,氪星,television series,,Q10686,贝尔法斯特,54.596666666,-5.93,,,,tt4276624,,71340,https://www.wikidata.org/wiki/Q24297601,https://www.wikidata.org/wiki/Q10686,Wikidata P915/P625/P6375/P577
Q3907215,波尔达克,television series,,Q937918,Charlestown,50.3314,-4.7578,,,,tt0075560,,35091,https://www.wikidata.org/wiki/Q3907215,https://www.wikidata.org/wiki/Q937918,Wikidata P915/P625/P6375/P577
Q17017945,波達克,television series,,Q937918,Charlestown,50.3314,-4.7578,,,,tt3636060,,62084,https://www.wikidata.org/wiki/Q17017945,https://www.wikidata.org/wiki/Q937918,Wikidata P915/P625/P6375/P577
Q96407897,泰德拉索：錯棚教練趣事多,television series,,Q7330838,Richmond Green,51.461666666,-0.306944444,,,,tt10986410,,97546,https://www.wikidata.org/wiki/Q96407897,https://www.wikidata.org/wiki/Q7330838,Wikidata P915/P625/P6375/P577
Q96407897,泰德拉索：錯棚教練趣事多,television series,,Q7331011,Richmond Theatre,51.4621,-0.30381,"The Green, Richmond upon Thames, TW9 1QJ, England",,,tt10986410,,97546,https://www.wikidata.org/wiki/Q96407897,https://www.wikidata.org/wiki/Q7331011,Wikidata P915/P625/P6375/P577
Q96407897,泰德拉索：錯棚教練趣事多,television series,,Q7338971,Rivoli Ballroom,51.4554,-0.0374,"346-350 Brockley Road, London, SE4 2BY, England",,,tt10986410,,97546,https://www.wikidata.org/wiki/Q96407897,https://www.wikidata.org/wiki/Q7338971,Wikidata P915/P625/P6375/P577
Q96407897,泰德拉索：錯棚教練趣事多,television series,,Q136733708,The Princes Head,51.460412,-0.306401,,,,tt10986410,,97546,https://www.wikidata.org/wiki/Q96407897,https://www.wikidata.org/wiki/Q136733708,Wikidata P915/P625/P6375/P577
Q110124169,洛克靈異偵探社,television series,,Q84,伦敦,51.507222222,-0.1275,,,,tt13802576,,213241,https://www.wikidata.org/wiki/Q110124169,https://www.wikidata.org/wiki/Q84,Wikidata P915/P625/P6375/P577
Q64349029,洛基,television series,,Q84,伦敦,51.507222222,-0.1275,,,,tt9140554,,84958,https://www.wikidata.org/wiki/Q64349029,https://www.wikidata.org/wiki/Q84,Wikidata P915/P625/P6375/P577
Q64349029,洛基,television series,,Q661896,松木制片厂,51.548611111,-0.535,,,,tt9140554,,84958,https://www.wikidata.org/wiki/Q64349029,https://www.wikidata.org/wiki/Q661896,Wikidata P915/P625/P6375/P577
Q48862823,流星花园,television series,,Q84,伦敦,51.507222222,-0.1275,,,,tt8690890,,79818,https://www.wikidata.org/wiki/Q48862823,https://www.wikidata.org/wiki/Q84,Wikidata P915/P625/P6375/P577
Q14944179,浴血黑帮,television series,,Q84,伦敦,51.507222222,-0.1275,,,,tt2442560,,60574,https://www.wikidata.org/wiki/Q14944179,https://www.wikidata.org/wiki/Q84,Wikidata P915/P625/P6375/P577
Q14944179,浴血黑帮,television series,,Q2256,伯明翰,52.48,-1.9025,,,,tt2442560,,60574,https://www.wikidata.org/wiki/Q14944179,https://www.wikidata.org/wiki/Q2256,Wikidata P915/P625/P6375/P577
Q14944179,浴血黑帮,television series,,Q39121,利兹,53.7975,-1.543611111,,,,tt2442560,,60574,https://www.wikidata.org/wiki/Q14944179,https://www.wikidata.org/wiki/Q39121,Wikidata P915/P625/P6375/P577
Q14944179,浴血黑帮,television series,,Q24826,利物浦,53.407222222,-2.991666666,,,,tt2442560,,60574,https://www.wikidata.org/wiki/Q14944179,https://www.wikidata.org/wiki/Q24826,Wikidata P915/P625/P6375/P577
Q14944179,浴血黑帮,television series,,Q184579,博尔顿,53.578333333,-2.43,,,,tt2442560,,60574,https://www.wikidata.org/wiki/Q14944179,https://www.wikidata.org/wiki/Q184579,Wikidata P915/P625/P6375/P577
Q14944179,浴血黑帮,television series,,Q990168,基斯利,53.866666666,-1.916666666,,,,tt2442560,,60574,https://www.wikidata.org/wiki/Q14944179,https://www.wikidata.org/wiki/Q990168,Wikidata P915/P625/P6375/P577
Q14944179,浴血黑帮,television series,,Q208143,威根,53.544722222,-2.631666666,,,,tt2442560,,60574,https://www.wikidata.org/wiki/Q14944179,https://www.wikidata.org/wiki/Q208143,Wikidata P915/P625/P6375/P577
Q14944179,浴血黑帮,television series,,Q22905,布拉德福德,53.794,-1.751,,,,tt2442560,,60574,https://www.wikidata.org/wiki/Q14944179,https://www.wikidata.org/wiki/Q22905,Wikidata P915/P625/P6375/P577
Q14944179,浴血黑帮,television series,,Q18655,斯托克波特,53.408333333,-2.149444444,,,,tt2442560,,60574,https://www.wikidata.org/wiki/Q14944179,https://www.wikidata.org/wiki/Q18655,Wikidata P915/P625/P6375/P577
Q14944179,浴血黑帮,television series,,Q18125,曼彻斯特,53.466666666,-2.233333333,,,,tt2442560,,60574,https://www.wikidata.org/wiki/Q14944179,https://www.wikidata.org/wiki/Q18125,Wikidata P915/P625/P6375/P577
Q14944179,浴血黑帮,television series,,Q213832,达德利,52.516666666,-2.1,,,,tt2442560,,60574,https://www.wikidata.org/wiki/Q14944179,https://www.wikidata.org/wiki/Q213832,Wikidata P915/P625/P6375/P577
Q25184642,淘氣小女巫,television series,,Q23064,柴郡,53.166666666,-2.583333333,,,,tt5721172,,69581,https://www.wikidata.org/wiki/Q25184642,https://www.wikidata.org/wiki/Q23064,Wikidata P915/P625/P6375/P577
Q19650325,混蛋劊子手,television series,,Q28119542,Seren Stiwdios,51.50658,-3.10183,,,,tt4218618,,63349,https://www.wikidata.org/wiki/Q19650325,https://www.wikidata.org/wiki/Q28119542,Wikidata P915/P625/P6375/P577
Q19650325,混蛋劊子手,television series,,Q25,威尔士,52.35,-3.633333333,,,,tt4218618,,63349,https://www.wikidata.org/wiki/Q19650325,https://www.wikidata.org/wiki/Q25,Wikidata P915/P625/P6375/P577
Q57695644,潘尼沃斯,television series,,Q145,英国,54.6,-2.0,,,,tt8425532,,79588,https://www.wikidata.org/wiki/Q57695644,https://www.wikidata.org/wiki/Q145,Wikidata P915/P625/P6375/P577
Q21427546,潜行追踪,television series,,Q145,英国,54.6,-2.0,,,,tt5038678,,63892,https://www.wikidata.org/wiki/Q21427546,https://www.wikidata.org/wiki/Q145,Wikidata P915/P625/P6375/P577
Q16257677,牙買加客棧,television series,,Q23148,康沃尔郡,50.3,-4.9,,,,tt3098842,,61245,https://www.wikidata.org/wiki/Q16257677,https://www.wikidata.org/wiki/Q23148,Wikidata P915/P625/P6375/P577
Q17039455,狼厅,television series,,Q5087457,Chastleton House,51.95964,-1.64012,"Chastleton, Moreton in Marsh GL56 0SU",,,tt3556920,,61697,https://www.wikidata.org/wiki/Q17039455,https://www.wikidata.org/wiki/Q5087457,Wikidata P915/P625/P6375/P577
Q17039455,狼厅,television series,,Q5175351,Cothay Manor,50.9838,-3.30483,,,,tt3556920,,61697,https://www.wikidata.org/wiki/Q17039455,https://www.wikidata.org/wiki/Q5175351,Wikidata P915/P625/P6375/P577
Q17039455,狼厅,television series,,Q5598949,Great Chalfield Manor,51.368,-2.203,,,,tt3556920,,61697,https://www.wikidata.org/wiki/Q17039455,https://www.wikidata.org/wiki/Q5598949,Wikidata P915/P625/P6375/P577
Q17039455,狼厅,television series,,Q5906824,Horton Court,51.5636,-2.33861,,,,tt3556920,,61697,https://www.wikidata.org/wiki/Q17039455,https://www.wikidata.org/wiki/Q5906824,Wikidata P915/P625/P6375/P577
Q17039455,狼厅,television series,,Q1485119,圣多拿特城堡,51.402,-3.53338,,,,tt3556920,,61697,https://www.wikidata.org/wiki/Q17039455,https://www.wikidata.org/wiki/Q1485119,Wikidata P915/P625/P6375/P577
Q17039455,狼厅,television series,,Q4863658,巴宁顿苑,50.960861111,-2.858388888,,,,tt3556920,,61697,https://www.wikidata.org/wiki/Q17039455,https://www.wikidata.org/wiki/Q4863658,Wikidata P915/P625/P6375/P577
Q17039455,狼厅,television series,,Q3645409,布勞頓城堡,52.0404,-1.39187,Nr. Banbury OX15 5EB,,,tt3556920,,61697,https://www.wikidata.org/wiki/Q17039455,https://www.wikidata.org/wiki/Q3645409,Wikidata P915/P625/P6375/P577
Q17039455,狼厅,television series,,Q262500,格洛斯特大教堂,51.8673,-2.24654,,,,tt3556920,,61697,https://www.wikidata.org/wiki/Q17039455,https://www.wikidata.org/wiki/Q262500,Wikidata P915/P625/P6375/P577
Q17039455,狼厅,television series,,Q1635679,蒙塔庫特府邸,50.9516,-2.71409,"Montacute, Montacute TA15 6XP",,,tt3556920,,61697,https://www.wikidata.org/wiki/Q17039455,https://www.wikidata.org/wiki/Q1635679,Wikidata P915/P625/P6375/P577
Q17039455,狼厅,television series,,Q4891993,贝克利城堡,51.688611111,-2.456944444,"Berkeley Castle, Gloucestershire, GL13 9BQ",,,tt3556920,,61697,https://www.wikidata.org/wiki/Q17039455,https://www.wikidata.org/wiki/Q4891993,Wikidata P915/P625/P6375/P577
Q17039455,狼厅,television series,,Q1148460,雷卡克修道院,51.41475,-2.11718,"High Street, Lacock, Wiltshire, SN15 2LG",,,tt3556920,,61697,https://www.wikidata.org/wiki/Q17039455,https://www.wikidata.org/wiki/Q1148460,Wikidata P915/P625/P6375/P577
Q2083250,獵殺行動,television series,,Q23436,爱丁堡,55.953333333,-3.189166666,,,,tt2069449,,45576,https://www.wikidata.org/wiki/Q2083250,https://www.wikidata.org/wiki/Q23436,Wikidata P915/P625/P6375/P577
Q20707362,王冠,television series,,Q779211,New Slains Castle,57.415387603,-1.832300207,,,,tt4786824,,65494,https://www.wikidata.org/wiki/Q20707362,https://www.wikidata.org/wiki/Q779211,Wikidata P915/P625/P6375/P577
Q20707362,王冠,television series,,Q579004,伊利座堂,52.398611111,0.263888888,,,,tt4786824,,65494,https://www.wikidata.org/wiki/Q20707362,https://www.wikidata.org/wiki/Q579004,Wikidata P915/P625/P6375/P577
Q20707362,王冠,television series,,Q84,伦敦,51.507222222,-0.1275,,,,tt4786824,,65494,https://www.wikidata.org/wiki/Q20707362,https://www.wikidata.org/wiki/Q84,Wikidata P915/P625/P6375/P577
Q20707362,王冠,television series,,Q3501089,埃尔斯特里影城,51.6587,-0.2758,,,,tt4786824,,65494,https://www.wikidata.org/wiki/Q20707362,https://www.wikidata.org/wiki/Q3501089,Wikidata P915/P625/P6375/P577
Q20707362,王冠,television series,,Q1753590,旧皇家海军学院,51.483666666,-0.005944444,,,,tt4786824,,65494,https://www.wikidata.org/wiki/Q20707362,https://www.wikidata.org/wiki/Q1753590,Wikidata P915/P625/P6375/P577
Q20707362,王冠,television series,,Q944225,沃德斯登莊園,51.84243,-0.93727,"Waddesdon, nr. Aylesbury HP18 0JH",,,tt4786824,,65494,https://www.wikidata.org/wiki/Q20707362,https://www.wikidata.org/wiki/Q944225,Wikidata P915/P625/P6375/P577
Q20707362,王冠,television series,,Q22,苏格兰,57.0,-5.0,,,,tt4786824,,65494,https://www.wikidata.org/wiki/Q20707362,https://www.wikidata.org/wiki/Q22,Wikidata P915/P625/P6375/P577
Q20707362,王冠,television series,,Q1146311,蘭開斯特宮,51.503888888,-0.139166666,,,,tt4786824,,65494,https://www.wikidata.org/wiki/Q20707362,https://www.wikidata.org/wiki/Q1146311,Wikidata P915/P625/P6375/P577
Q18754951,王室,television series,,Q84,伦敦,51.507222222,-0.1275,,,,tt3597912,,62137,https://www.wikidata.org/wiki/Q18754951,https://www.wikidata.org/wiki/Q84,Wikidata P915/P625/P6375/P577
Q3300572,畫謎,television series,,Q23436,爱丁堡,55.953333333,-3.189166666,,,,tt0867015,,1165,https://www.wikidata.org/wiki/Q3300572,https://www.wikidata.org/wiki/Q23436,Wikidata P915/P625/P6375/P577
Q7772631,百年乡情,television series,,Q2485852,Hayfield,53.38,-1.94,,,,tt2394340,,46878,https://www.wikidata.org/wiki/Q7772631,https://www.wikidata.org/wiki/Q2485852,Wikidata P915/P625/P6375/P577
Q7772631,百年乡情,television series,,Q26380368,Independent Chapel,53.431457,-1.985572,,,,tt2394340,,46878,https://www.wikidata.org/wiki/Q7772631,https://www.wikidata.org/wiki/Q26380368,Wikidata P915/P625/P6375/P577
Q7772631,百年乡情,television series,,Q921240,Old Glossop,53.44,-1.95,,,,tt2394340,,46878,https://www.wikidata.org/wiki/Q7772631,https://www.wikidata.org/wiki/Q921240,Wikidata P915/P625/P6375/P577
Q7772631,百年乡情,television series,,Q26622831,Tagnaze Farmhouse and attached barn,53.361111,-1.850158,,,,tt2394340,,46878,https://www.wikidata.org/wiki/Q7772631,https://www.wikidata.org/wiki/Q26622831,Wikidata P915/P625/P6375/P577
Q7772631,百年乡情,television series,,Q2361780,查珀伦勒弗里斯,53.322,-1.917,,,,tt2394340,,46878,https://www.wikidata.org/wiki/Q7772631,https://www.wikidata.org/wiki/Q2361780,Wikidata P915/P625/P6375/P577
Q7772631,百年乡情,television series,,Q2569086,纽米尔斯,53.367,-2.007,,,,tt2394340,,46878,https://www.wikidata.org/wiki/Q7772631,https://www.wikidata.org/wiki/Q2569086,Wikidata P915/P625/P6375/P577
Q632653,看守者,television series,,Q661896,松木制片厂,51.548611111,-0.535,,,,tt0078657,,3469,https://www.wikidata.org/wiki/Q632653,https://www.wikidata.org/wiki/Q661896,Wikidata P915/P625/P6375/P577
Q19572149,真實的人類,television series,,Q84,伦敦,51.507222222,-0.1275,,,,tt4122068,,62822,https://www.wikidata.org/wiki/Q19572149,https://www.wikidata.org/wiki/Q84,Wikidata P915/P625/P6375/P577
Q115484851,真愛挑日子,television series,,Q84,伦敦,51.507222222,-0.1275,,,,tt16283804,,240667,https://www.wikidata.org/wiki/Q115484851,https://www.wikidata.org/wiki/Q84,Wikidata P915/P625/P6375/P577
Q115484851,真愛挑日子,television series,,Q23436,爱丁堡,55.953333333,-3.189166666,,,,tt16283804,,240667,https://www.wikidata.org/wiki/Q115484851,https://www.wikidata.org/wiki/Q23436,Wikidata P915/P625/P6375/P577
Q92590789,睡魔,television series,,Q137104896,Q137104896,51.4627537,-0.1359428,"146 Clapham High St, London SW4 7UH",,,tt1751634,,90802,https://www.wikidata.org/wiki/Q92590789,https://www.wikidata.org/wiki/Q137104896,Wikidata P915/P625/P6375/P577
Q192837,神探夏洛克,television series,,Q84,伦敦,51.507222222,-0.1275,,,,tt1475582,,19885,https://www.wikidata.org/wiki/Q192837,https://www.wikidata.org/wiki/Q84,Wikidata P915/P625/P6375/P577
Q1366945,神父特德,television series,,Q7748066,倫敦攝影棚,51.507330555,-0.112369444,,,,tt0111958,,1813,https://www.wikidata.org/wiki/Q1366945,https://www.wikidata.org/wiki/Q7748066,Wikidata P915/P625/P6375/P577
Q17021920,禁忌 (電視短劇),television series,2017-01-07,Q84,伦敦,51.507222222,-0.1275,,,,tt3647998,,65708,https://www.wikidata.org/wiki/Q17021920,https://www.wikidata.org/wiki/Q84,Wikidata P915/P625/P6375/P577
Q108441863,秘密入侵,television series,,Q21,英格兰,53.0,-1.0,,,,tt13157618,,114472,https://www.wikidata.org/wiki/Q108441863,https://www.wikidata.org/wiki/Q21,Wikidata P915/P625/P6375/P577
Q7000725,第七网络,television series,,Q6549183,Limehouse Studios,51.50361111,-0.01833333,,,,tt1223180,,9587,https://www.wikidata.org/wiki/Q7000725,https://www.wikidata.org/wiki/Q6549183,Wikidata P915/P625/P6375/P577
Q115860329,紳士追殺令,television series,,Q84,伦敦,51.507222222,-0.1275,,,,tt13210838,,236235,https://www.wikidata.org/wiki/Q115860329,https://www.wikidata.org/wiki/Q84,Wikidata P915/P625/P6375/P577
Q2296908,絕地反擊,television series,,Q84,伦敦,51.507222222,-0.1275,,,,tt1492179,,32573,https://www.wikidata.org/wiki/Q2296908,https://www.wikidata.org/wiki/Q84,Wikidata P915/P625/P6375/P577
Q7381571,罗素·霍华德的好新闻,television series,,Q7748066,倫敦攝影棚,51.507330555,-0.112369444,,,,tt1564698,,30920,https://www.wikidata.org/wiki/Q7381571,https://www.wikidata.org/wiki/Q7748066,Wikidata P915/P625/P6375/P577
Q7381571,罗素·霍华德的好新闻,television series,,Q7338619,河畔劇院,51.48830556,-0.22808333,"Crisp Road, London, W6 9RL, England",,,tt1564698,,30920,https://www.wikidata.org/wiki/Q7381571,https://www.wikidata.org/wiki/Q7338619,Wikidata P915/P625/P6375/P577
Q84224774,罪惡,television series,2019-10-24,Q2746326,Aberfoyle,56.179,-4.385,,,,tt9644058,,94853,https://www.wikidata.org/wiki/Q84224774,https://www.wikidata.org/wiki/Q2746326,Wikidata P915/P625/P6375/P577
Q84224774,罪惡,television series,2019-10-24,Q654226,东奇尔布莱德,55.76667,-4.18333,,,,tt9644058,,94853,https://www.wikidata.org/wiki/Q84224774,https://www.wikidata.org/wiki/Q654226,Wikidata P915/P625/P6375/P577
Q84224774,罪惡,television series,2019-10-24,Q1199959,卡尔顿山,55.955278,-3.182222,,,,tt9644058,,94853,https://www.wikidata.org/wiki/Q84224774,https://www.wikidata.org/wiki/Q1199959,Wikidata P915/P625/P6375/P577
Q84224774,罪惡,television series,2019-10-24,Q5086152,夏洛特广场,55.951765,-3.207686,,,,tt9644058,,94853,https://www.wikidata.org/wiki/Q84224774,https://www.wikidata.org/wiki/Q5086152,Wikidata P915/P625/P6375/P577
Q84224774,罪惡,television series,2019-10-24,Q4093,格拉斯哥,55.861111111,-4.25,,,,tt9644058,,94853,https://www.wikidata.org/wiki/Q84224774,https://www.wikidata.org/wiki/Q4093,Wikidata P915/P625/P6375/P577
Q84224774,罪惡,television series,2019-10-24,Q1353139,格拉斯哥卡利多尼安大學,55.867194444,-4.250194444,,,,tt9644058,,94853,https://www.wikidata.org/wiki/Q84224774,https://www.wikidata.org/wiki/Q1353139,Wikidata P915/P625/P6375/P577
Q13360187,职介破事儿,television series,,Q2256,伯明翰,52.48,-1.9025,,,,tt2885556,,59541,https://www.wikidata.org/wiki/Q13360187,https://www.wikidata.org/wiki/Q2256,Wikidata P915/P625/P6375/P577
Q19842935,胡迪尼与道尔,television series,,Q18125,曼彻斯特,53.466666666,-2.233333333,,,,tt4539954,,65879,https://www.wikidata.org/wiki/Q19842935,https://www.wikidata.org/wiki/Q18125,Wikidata P915/P625/P6375/P577
Q17629108,胶合,television series,,Q23220,伯克郡,51.42,-1.0,,,,tt3868832,,61380,https://www.wikidata.org/wiki/Q17629108,https://www.wikidata.org/wiki/Q23220,Wikidata P915/P625/P6375/P577
Q2225255,臨陣軟腳,television series,,Q18125,曼彻斯特,53.466666666,-2.233333333,,,,tt0168596,,749,https://www.wikidata.org/wiki/Q2225255,https://www.wikidata.org/wiki/Q18125,Wikidata P915/P625/P6375/P577
Q107316056,至陰時刻,television series,,Q84,伦敦,51.507222222,-0.1275,,,,tt14379784,,157061,https://www.wikidata.org/wiki/Q107316056,https://www.wikidata.org/wiki/Q84,Wikidata P915/P625/P6375/P577
Q107316056,至陰時刻,television series,,Q547071,法恩伯勒,51.29,-0.75,,,,tt14379784,,157061,https://www.wikidata.org/wiki/Q107316056,https://www.wikidata.org/wiki/Q547071,Wikidata P915/P625/P6375/P577
Q107571783,致命距離,television series,,Q84,伦敦,51.507222222,-0.1275,,,,tt10939214,,93463,https://www.wikidata.org/wiki/Q107571783,https://www.wikidata.org/wiki/Q84,Wikidata P915/P625/P6375/P577
Q107571783,致命距離,television series,,Q23298,肯特郡,51.19,0.73,,,,tt10939214,,93463,https://www.wikidata.org/wiki/Q107571783,https://www.wikidata.org/wiki/Q23298,Wikidata P915/P625/P6375/P577
Q6098106,艾凡赫,television series,,Q23436,爱丁堡,55.953333333,-3.189166666,,,,tt0118354,,32992,https://www.wikidata.org/wiki/Q6098106,https://www.wikidata.org/wiki/Q23436,Wikidata P915/P625/P6375/P577
Q105982644,艾塞克斯之蛇 (電視劇),television series,,Q2019810,北法布里奇,51.642,0.675,,,,tt12976224,,108171,https://www.wikidata.org/wiki/Q105982644,https://www.wikidata.org/wiki/Q2019810,Wikidata P915/P625/P6375/P577
Q105982644,艾塞克斯之蛇 (電視劇),television series,,Q2397236,奧爾斯福德,51.8492,1.0022,,,,tt12976224,,108171,https://www.wikidata.org/wiki/Q105982644,https://www.wikidata.org/wiki/Q2397236,Wikidata P915/P625/P6375/P577
Q105982644,艾塞克斯之蛇 (電視劇),television series,,Q150120,布卢姆茨伯里,51.523055555,-0.125,,,,tt12976224,,108171,https://www.wikidata.org/wiki/Q105982644,https://www.wikidata.org/wiki/Q150120,Wikidata P915/P625/P6375/P577
Q105982644,艾塞克斯之蛇 (電視劇),television series,,Q915751,布赖特灵西,51.81,1.03,,,,tt12976224,,108171,https://www.wikidata.org/wiki/Q105982644,https://www.wikidata.org/wiki/Q915751,Wikidata P915/P625/P6375/P577
Q105982644,艾塞克斯之蛇 (電視劇),television series,,Q5585854,戈登广场,51.5243,-0.1309,,,,tt12976224,,108171,https://www.wikidata.org/wiki/Q105982644,https://www.wikidata.org/wiki/Q5585854,Wikidata P915/P625/P6375/P577
Q105982644,艾塞克斯之蛇 (電視劇),television series,,Q1011062,摩尔登镇 (艾塞克斯郡),51.731666666,0.675833333,,,,tt12976224,,108171,https://www.wikidata.org/wiki/Q105982644,https://www.wikidata.org/wiki/Q1011062,Wikidata P915/P625/P6375/P577
Q23042070,英国儿童好声音,television series,,Q3501089,埃尔斯特里影城,51.6587,-0.2758,,,,,,,https://www.wikidata.org/wiki/Q23042070,https://www.wikidata.org/wiki/Q3501089,Wikidata P915/P625/P6375/P577
Q33162,英国疯狂汽车秀,television series,,Q2346748,Dunsfold,51.116111111,-0.563805555,,,,tt1628033,,45,https://www.wikidata.org/wiki/Q33162,https://www.wikidata.org/wiki/Q2346748,Wikidata P915/P625/P6375/P577
Q33162,英国疯狂汽车秀,television series,,Q2630372,Top Gear测试赛道,51.1164,-0.541463,,,,tt1628033,,45,https://www.wikidata.org/wiki/Q33162,https://www.wikidata.org/wiki/Q2630372,Wikidata P915/P625/P6375/P577
Q33162,英国疯狂汽车秀,television series,,Q946638,丹斯佛德機場,51.115,-0.5325,,,,tt1628033,,45,https://www.wikidata.org/wiki/Q33162,https://www.wikidata.org/wiki/Q946638,Wikidata P915/P625/P6375/P577
Q33162,英国疯狂汽车秀,television series,,Q213465,吉尔福德,51.2354,-0.5746,,,,tt1628033,,45,https://www.wikidata.org/wiki/Q33162,https://www.wikidata.org/wiki/Q213465,Wikidata P915/P625/P6375/P577
Q33162,英国疯狂汽车秀,television series,,Q23276,萨里郡,51.25,-0.45,,,,tt1628033,,45,https://www.wikidata.org/wiki/Q33162,https://www.wikidata.org/wiki/Q23276,Wikidata P915/P625/P6375/P577
Q1823010,英國好聲音,television series,,Q795613,BBC電視中心,51.5099,-0.2263,,,,tt1971245,,39614,https://www.wikidata.org/wiki/Q1823010,https://www.wikidata.org/wiki/Q795613,Wikidata P915/P625/P6375/P577
Q1823010,英國好聲音,television series,,Q39086499,LH2 Studios,51.524267,-0.276538,,,,tt1971245,,39614,https://www.wikidata.org/wiki/Q1823010,https://www.wikidata.org/wiki/Q39086499,Wikidata P915/P625/P6375/P577
Q1823010,英國好聲音,television series,,Q7734970,喷泉制作室,51.5612,-0.2818,,,,tt1971245,,39614,https://www.wikidata.org/wiki/Q1823010,https://www.wikidata.org/wiki/Q7734970,Wikidata P915/P625/P6375/P577
Q1823010,英國好聲音,television series,,Q3501089,埃尔斯特里影城,51.6587,-0.2758,,,,tt1971245,,39614,https://www.wikidata.org/wiki/Q1823010,https://www.wikidata.org/wiki/Q3501089,Wikidata P915/P625/P6375/P577
Q15129848,荒郊疑云,television series,2013-10-29,Q213154,阿伯里斯特威斯,52.416666666,-4.066666666,,,,tt2575968,,60605,https://www.wikidata.org/wiki/Q15129848,https://www.wikidata.org/wiki/Q213154,Wikidata P915/P625/P6375/P577
Q16473347,荣耀之女,television series,,Q84,伦敦,51.507222222,-0.1275,,,,tt3021686,,61123,https://www.wikidata.org/wiki/Q16473347,https://www.wikidata.org/wiki/Q84,Wikidata P915/P625/P6375/P577
Q16473347,荣耀之女,television series,,Q1506093,羅姆尼濕地,51.023,0.915,,,,tt3021686,,61123,https://www.wikidata.org/wiki/Q16473347,https://www.wikidata.org/wiki/Q1506093,Wikidata P915/P625/P6375/P577
Q24965508,菲利普·狄克的電子夢,television series,,Q145,英国,54.6,-2.0,,,,tt5711280,,70391,https://www.wikidata.org/wiki/Q24965508,https://www.wikidata.org/wiki/Q145,Wikidata P915/P625/P6375/P577
Q23905882,裸體吸引,television series,,Q7748066,倫敦攝影棚,51.507330555,-0.112369444,,,,tt5969074,,67385,https://www.wikidata.org/wiki/Q23905882,https://www.wikidata.org/wiki/Q7748066,Wikidata P915/P625/P6375/P577
Q63066708,謎失港灣,television series,,Q145,英国,54.6,-2.0,,,,tt8425404,,87773,https://www.wikidata.org/wiki/Q63066708,https://www.wikidata.org/wiki/Q145,Wikidata P915/P625/P6375/P577
Q2292435,谋杀现场：福尔摩斯的黑暗初始,television series,,Q23436,爱丁堡,55.953333333,-3.189166666,,,,tt1333192,,9676,https://www.wikidata.org/wiki/Q2292435,https://www.wikidata.org/wiki/Q23436,Wikidata P915/P625/P6375/P577
Q48817189,起源號,television series,,Q145,英国,54.6,-2.0,,,,tt7801780,,82875,https://www.wikidata.org/wiki/Q48817189,https://www.wikidata.org/wiki/Q145,Wikidata P915/P625/P6375/P577
Q116864342,超越天堂,television series,,Q1024896,卢港,50.3535,-4.454,,,,tt21161156,,205072,https://www.wikidata.org/wiki/Q116864342,https://www.wikidata.org/wiki/Q1024896,Wikidata P915/P625/P6375/P577
Q125564066,輪轉世代,television series,,Q84,伦敦,51.507222222,-0.1275,,,,tt13723084,,243954,https://www.wikidata.org/wiki/Q125564066,https://www.wikidata.org/wiki/Q84,Wikidata P915/P625/P6375/P577
Q17018158,追捕,television series,,Q18125,曼彻斯特,53.466666666,-2.233333333,,,,tt3315020,,61472,https://www.wikidata.org/wiki/Q17018158,https://www.wikidata.org/wiki/Q18125,Wikidata P915/P625/P6375/P577
Q39049904,追殺夏娃,television series,2018-04-08,Q84,伦敦,51.507222222,-0.1275,,,,tt7016936,,72750,https://www.wikidata.org/wiki/Q39049904,https://www.wikidata.org/wiki/Q84,Wikidata P915/P625/P6375/P577
Q7732398,逃脫大師,television series,,Q84,伦敦,51.507222222,-0.1275,,,,tt2649522,,46700,https://www.wikidata.org/wiki/Q7732398,https://www.wikidata.org/wiki/Q84,Wikidata P915/P625/P6375/P577
Q7732398,逃脫大師,television series,,Q23436,爱丁堡,55.953333333,-3.189166666,,,,tt2649522,,46700,https://www.wikidata.org/wiki/Q7732398,https://www.wikidata.org/wiki/Q23436,Wikidata P915/P625/P6375/P577
Q275269,遠大前程,television series,,Q661896,松木制片厂,51.548611111,-0.535,,,,tt0096601,,39549,https://www.wikidata.org/wiki/Q275269,https://www.wikidata.org/wiki/Q661896,Wikidata P915/P625/P6375/P577
Q21998199,邊境 (2016年電視劇),television series,,Q17816264,Charlestown Harbour,56.035,-3.50046,,,,tt4686698,,64555,https://www.wikidata.org/wiki/Q21998199,https://www.wikidata.org/wiki/Q17816264,Wikidata P915/P625/P6375/P577
Q15104549,邊隧謎案,television series,,Q145,英国,54.6,-2.0,,,,tt2711738,,56336,https://www.wikidata.org/wiki/Q15104549,https://www.wikidata.org/wiki/Q145,Wikidata P915/P625/P6375/P577
Q6553279,重任在肩,television series,,Q2256,伯明翰,52.48,-1.9025,,,,tt2303687,,43982,https://www.wikidata.org/wiki/Q6553279,https://www.wikidata.org/wiki/Q2256,Wikidata P915/P625/P6375/P577
Q6553279,重任在肩,television series,,Q10686,贝尔法斯特,54.596666666,-5.93,,,,tt2303687,,43982,https://www.wikidata.org/wiki/Q6553279,https://www.wikidata.org/wiki/Q10686,Wikidata P915/P625/P6375/P577
Q56277874,金魔,television series,2020-04-17,Q84,伦敦,51.507222222,-0.1275,,,,tt7939218,,99741,https://www.wikidata.org/wiki/Q56277874,https://www.wikidata.org/wiki/Q84,Wikidata P915/P625/P6375/P577
Q108617654,鑽油平台危機,television series,,Q23436,爱丁堡,55.953333333,-3.189166666,,,,tt14273790,,112581,https://www.wikidata.org/wiki/Q108617654,https://www.wikidata.org/wiki/Q23436,Wikidata P915/P625/P6375/P577
Q108617654,鑽油平台危機,television series,,Q22,苏格兰,57.0,-5.0,,,,tt14273790,,112581,https://www.wikidata.org/wiki/Q108617654,https://www.wikidata.org/wiki/Q22,Wikidata P915/P625/P6375/P577
Q16992370,雪镇疑杀,television series,,Q145,英国,54.6,-2.0,,,,tt3498622,,61335,https://www.wikidata.org/wiki/Q16992370,https://www.wikidata.org/wiki/Q145,Wikidata P915/P625/P6375/P577
Q27156883,零异频道,television series,,Q772507,塞尔扣克,55.533333333,-2.833333333,,,,tt4820370,,67752,https://www.wikidata.org/wiki/Q27156883,https://www.wikidata.org/wiki/Q772507,Wikidata P915/P625/P6375/P577
Q30460060,電視連續劇 不列顛尼亞,television series,,Q25,威尔士,52.35,-3.633333333,,,,tt5932548,,70484,https://www.wikidata.org/wiki/Q30460060,https://www.wikidata.org/wiki/Q25,Wikidata P915/P625/P6375/P577
Q1808310,靈魂之海,television series,,Q23436,爱丁堡,55.953333333,-3.189166666,,,,tt0372091,,14358,https://www.wikidata.org/wiki/Q1808310,https://www.wikidata.org/wiki/Q23436,Wikidata P915/P625/P6375/P577
Q332554,靚女笑口組,television series,,Q251630,荷蘭公園,51.503781,-0.204417,,,,tt0105929,,4493,https://www.wikidata.org/wiki/Q332554,https://www.wikidata.org/wiki/Q251630,Wikidata P915/P625/P6375/P577
Q212731,非常大酒店,television series,,Q2740404,伍尔博恩,51.581,-0.691,,,,tt0072500,,2207,https://www.wikidata.org/wiki/Q212731,https://www.wikidata.org/wiki/Q2740404,Wikidata P915/P625/P6375/P577
Q2261960,鞋盒動物園,television series,,Q23436,爱丁堡,55.953333333,-3.189166666,,,,tt0406468,,2033,https://www.wikidata.org/wiki/Q2261960,https://www.wikidata.org/wiki/Q23436,Wikidata P915/P625/P6375/P577
Q18890182,香蕉,television series,,Q18125,曼彻斯特,53.466666666,-2.233333333,,,,tt3848126,,61931,https://www.wikidata.org/wiki/Q18890182,https://www.wikidata.org/wiki/Q18125,Wikidata P915/P625/P6375/P577
Q54999845,魔約之書,television series,,Q145,英国,54.6,-2.0,,,,tt2177461,,77236,https://www.wikidata.org/wiki/Q54999845,https://www.wikidata.org/wiki/Q145,Wikidata P915/P625/P6375/P577
Q5192414,黃瓜,television series,,Q18125,曼彻斯特,53.466666666,-2.233333333,,,,tt3848112,,61932,https://www.wikidata.org/wiki/Q5192414,https://www.wikidata.org/wiki/Q18125,Wikidata P915/P625/P6375/P577
Q131324617,黑幫領地,television series,,Q84,伦敦,51.507222222,-0.1275,,,,tt31510819,,247718,https://www.wikidata.org/wiki/Q131324617,https://www.wikidata.org/wiki/Q84,Wikidata P915/P625/P6375/P577
Q56195117,黑暗元素,television series,,Q84,伦敦,51.507222222,-0.1275,,,,tt5607976,,68507,https://www.wikidata.org/wiki/Q56195117,https://www.wikidata.org/wiki/Q84,Wikidata P915/P625/P6375/P577
Q56195117,黑暗元素,television series,,Q2536016,克里克豪厄尔,51.8597,-3.1372,,,,tt5607976,,68507,https://www.wikidata.org/wiki/Q56195117,https://www.wikidata.org/wiki/Q2536016,Wikidata P915/P625/P6375/P577
Q56195117,黑暗元素,television series,,Q10690,加地夫,51.481666666,-3.179166666,,,,tt5607976,,68507,https://www.wikidata.org/wiki/Q56195117,https://www.wikidata.org/wiki/Q10690,Wikidata P915/P625/P6375/P577
Q56195117,黑暗元素,television series,,Q23154,布里斯托尔,51.453611111,-2.5975,,,,tt5607976,,68507,https://www.wikidata.org/wiki/Q56195117,https://www.wikidata.org/wiki/Q23154,Wikidata P915/P625/P6375/P577
Q56195117,黑暗元素,television series,,Q804282,布雷纳凡,51.773630555,-3.082780555,,,,tt5607976,,68507,https://www.wikidata.org/wiki/Q56195117,https://www.wikidata.org/wiki/Q804282,Wikidata P915/P625/P6375/P577
Q56195117,黑暗元素,television series,,Q904522,布雷肯比肯斯,51.883333333,-3.433333333,,,,tt5607976,,68507,https://www.wikidata.org/wiki/Q56195117,https://www.wikidata.org/wiki/Q904522,Wikidata P915/P625/P6375/P577
Q56195117,黑暗元素,television series,,Q34217,牛津,51.751944444,-1.257777777,,,,tt5607976,,68507,https://www.wikidata.org/wiki/Q56195117,https://www.wikidata.org/wiki/Q34217,Wikidata P915/P625/P6375/P577
Q558112,黑镜,television series,,Q84,伦敦,51.507222222,-0.1275,,,,tt2085059,,42009,https://www.wikidata.org/wiki/Q558112,https://www.wikidata.org/wiki/Q84,Wikidata P915/P625/P6375/P577
Q72930269,龍之家族,television series,,Q23148,康沃尔郡,50.3,-4.9,,,,tt11198330,,94997,https://www.wikidata.org/wiki/Q72930269,https://www.wikidata.org/wiki/Q23148,Wikidata P915/P625/P6375/P577
Q72930269,龍之家族,television series,,Q145,英国,54.6,-2.0,,,,tt11198330,,94997,https://www.wikidata.org/wiki/Q72930269,https://www.wikidata.org/wiki/Q145,Wikidata P915/P625/P6375/P577
Q72930269,龍之家族,television series,,Q19835,華納兄弟利維斯登製片廠,51.693333333,-0.419722222,,,,tt11198330,,94997,https://www.wikidata.org/wiki/Q72930269,https://www.wikidata.org/wiki/Q19835,Wikidata P915/P625/P6375/P577
Q5305406,龙穴,television series,,Q6805379,英國媒體城,53.472778,-2.297222,,,,tt0443370,,13678,https://www.wikidata.org/wiki/Q5305406,https://www.wikidata.org/wiki/Q6805379,Wikidata P915/P625/P6375/P577
Q125918935,73碼,television series episode,2024-05-25,Q42291482,BBC威爾斯總部大樓,51.476666666,-3.179444444,,,,tt28704625,,,https://www.wikidata.org/wiki/Q125918935,https://www.wikidata.org/wiki/Q42291482,Wikidata P915/P625/P6375/P577
Q125918935,73碼,television series episode,2024-05-25,Q867902,加的夫城运动场,51.472778,-3.203056,,,,tt28704625,,,https://www.wikidata.org/wiki/Q125918935,https://www.wikidata.org/wiki/Q867902,Wikidata P915/P625/P6375/P577
Q125918935,73碼,television series episode,2024-05-25,Q909119,卡菲利,51.578,-3.218,,,,tt28704625,,,https://www.wikidata.org/wiki/Q125918935,https://www.wikidata.org/wiki/Q909119,Wikidata P915/P625/P6375/P577
Q125918935,73碼,television series episode,2024-05-25,Q25,威尔士,52.35,-3.633333333,,,,tt28704625,,,https://www.wikidata.org/wiki/Q125918935,https://www.wikidata.org/wiki/Q25,Wikidata P915/P625/P6375/P577
Q119129456,Aldhani,television series episode,2022-09-28,Q4979489,Brunswick Centre,51.524,-0.124,,,,tt13847542,,,https://www.wikidata.org/wiki/Q119129456,https://www.wikidata.org/wiki/Q4979489,Wikidata P915/P625/P6375/P577
Q17426152,An Impossible Job,television series episode,1994-01-01,Q84,伦敦,51.507222222,-0.1275,,,,tt3823528,,,https://www.wikidata.org/wiki/Q17426152,https://www.wikidata.org/wiki/Q84,Wikidata P915/P625/P6375/P577
Q119129459,Announcement,television series episode,2022-10-19,Q2319878,巴比肯屋村,51.519166666,-0.093888888,,,,tt13847652,,,https://www.wikidata.org/wiki/Q119129459,https://www.wikidata.org/wiki/Q2319878,Wikidata P915/P625/P6375/P577
Q46405175,Bah humbug-atti,television series episode,2017-12-22,Q2737681,大图村,51.963,-1.435,,,,tt6068866,,,https://www.wikidata.org/wiki/Q46405175,https://www.wikidata.org/wiki/Q2737681,Wikidata P915/P625/P6375/P577
Q46405175,Bah humbug-atti,television series episode,2017-12-22,Q919778,邓斯特布尔,51.886,-0.52102,,,,tt6068866,,,https://www.wikidata.org/wiki/Q46405175,https://www.wikidata.org/wiki/Q919778,Wikidata P915/P625/P6375/P577
Q4926623,Blind Young Things,television series episode,,Q3410,赫特福德郡,51.9,-0.2,,,,tt1049474,,,https://www.wikidata.org/wiki/Q4926623,https://www.wikidata.org/wiki/Q3410,Wikidata P915/P625/P6375/P577
Q113502443,Brian Clarke: The Story So Far (1979),television series episode,1979-03-15,Q7270030,Queen's Medical Centre,52.9436,-1.1857,,,,tt3974260,,,https://www.wikidata.org/wiki/Q113502443,https://www.wikidata.org/wiki/Q7270030,Wikidata P915/P625/P6375/P577
Q113502443,Brian Clarke: The Story So Far (1979),television series episode,1979-03-15,Q78596928,"St Gabriel's Church, Blackburn",53.774479,-2.476983,,,,tt3974260,,,https://www.wikidata.org/wiki/Q113502443,https://www.wikidata.org/wiki/Q78596928,Wikidata P915/P625/P6375/P577
Q113502443,Brian Clarke: The Story So Far (1979),television series episode,1979-03-15,Q102328757,"St Lawrence's Church, Longridge",53.8253,-2.601,,,,tt3974260,,,https://www.wikidata.org/wiki/Q113502443,https://www.wikidata.org/wiki/Q102328757,Wikidata P915/P625/P6375/P577
Q113502443,Brian Clarke: The Story So Far (1979),television series episode,1979-03-15,Q84,伦敦,51.507222222,-0.1275,,,,tt3974260,,,https://www.wikidata.org/wiki/Q113502443,https://www.wikidata.org/wiki/Q84,Wikidata P915/P625/P6375/P577
Q136849363,Death: The High Cost of Living,television series episode,2025-07-31,Q7709865,Thames Barrier Park,51.5008,0.0341667,,,,tt35879457,,,https://www.wikidata.org/wiki/Q136849363,https://www.wikidata.org/wiki/Q7709865,Wikidata P915/P625/P6375/P577
Q125918937,Dot and Bubble,television series episode,2024-06-01,Q5038370,加的夫灣攔河壩,51.44812,-3.1647,,,,tt28718575,,,https://www.wikidata.org/wiki/Q125918937,https://www.wikidata.org/wiki/Q5038370,Wikidata P915/P625/P6375/P577
Q125918937,Dot and Bubble,television series episode,2024-06-01,Q1420500,斯旺西大学,51.609722222,-3.980555555,,,,tt28718575,,,https://www.wikidata.org/wiki/Q125918937,https://www.wikidata.org/wiki/Q1420500,Wikidata P915/P625/P6375/P577
Q137997040,Episode 10,television series episode,http://www,Q10686,贝尔法斯特,54.596666666,-5.93,,,,http://www.wikidata.org/.well-known/genid/023635261e441be0277c403c83c34cba,,,https://www.wikidata.org/wiki/Q137997040,https://www.wikidata.org/wiki/Q10686,Wikidata P915/P625/P6375/P577
Q137997041,Episode 11,television series episode,http://www,Q10686,贝尔法斯特,54.596666666,-5.93,,,,http://www.wikidata.org/.well-known/genid/e33c913143d493d489b83cd660e97408,,,https://www.wikidata.org/wiki/Q137997041,https://www.wikidata.org/wiki/Q10686,Wikidata P915/P625/P6375/P577
Q137997044,Episode 12,television series episode,http://www,Q10686,贝尔法斯特,54.596666666,-5.93,,,,http://www.wikidata.org/.well-known/genid/50e2175bb1727808c918137bb88140a2,,,https://www.wikidata.org/wiki/Q137997044,https://www.wikidata.org/wiki/Q10686,Wikidata P915/P625/P6375/P577
Q137997037,Episode 7,television series episode,,Q10686,贝尔法斯特,54.596666666,-5.93,,,,tt38991523,,,https://www.wikidata.org/wiki/Q137997037,https://www.wikidata.org/wiki/Q10686,Wikidata P915/P625/P6375/P577
Q137997038,Episode 8,television series episode,http://www,Q10686,贝尔法斯特,54.596666666,-5.93,,,,http://www.wikidata.org/.well-known/genid/ad8f62c3d66bd7d094a671b9473b5fcf,,,https://www.wikidata.org/wiki/Q137997038,https://www.wikidata.org/wiki/Q10686,Wikidata P915/P625/P6375/P577
Q137997039,Episode 9,television series episode,http://www,Q10686,贝尔法斯特,54.596666666,-5.93,,,,http://www.wikidata.org/.well-known/genid/b8b0289433d04c2363a74e5c482935c4,,,https://www.wikidata.org/wiki/Q137997039,https://www.wikidata.org/wiki/Q10686,Wikidata P915/P625/P6375/P577
Q137833394,In the Name of the Mother,television series episode,2026-02-15,Q10686,贝尔法斯特,54.596666666,-5.93,,,,tt32314204,,,https://www.wikidata.org/wiki/Q137833394,https://www.wikidata.org/wiki/Q10686,Wikidata P915/P625/P6375/P577
Q19057748,London: Part 1,television series episode,2013-09-26,Q84,伦敦,51.507222222,-0.1275,,,,tt2909126,,,https://www.wikidata.org/wiki/Q19057748,https://www.wikidata.org/wiki/Q84,Wikidata P915/P625/P6375/P577
Q1436102,Mrs McGinty’s Dead,television series episode,2008-01-01,Q15225335,Horsted Keynes railway station,51.0461,-0.0446,,,,tt0772597,,,https://www.wikidata.org/wiki/Q1436102,https://www.wikidata.org/wiki/Q15225335,Wikidata P915/P625/P6375/P577
Q1436102,Mrs McGinty’s Dead,television series episode,2008-01-01,Q7331011,Richmond Theatre,51.4621,-0.30381,"The Green, Richmond upon Thames, TW9 1QJ, England",,,tt0772597,,,https://www.wikidata.org/wiki/Q1436102,https://www.wikidata.org/wiki/Q7331011,Wikidata P915/P625/P6375/P577
Q1436102,Mrs McGinty’s Dead,television series episode,2008-01-01,Q1850580,汉布尔登,51.571877777,-0.867897222,,,,tt0772597,,,https://www.wikidata.org/wiki/Q1436102,https://www.wikidata.org/wiki/Q1850580,Wikidata P915/P625/P6375/P577
Q7005280,New Allegiances,television series episode,2008-10-27,Q84,伦敦,51.507222222,-0.1275,,,,tt1203862,,,https://www.wikidata.org/wiki/Q7005280,https://www.wikidata.org/wiki/Q84,Wikidata P915/P625/P6375/P577
Q45423599,"Past, Present or Future",television series episode,2017-12-08,Q2737681,大图村,51.963,-1.435,,,,tt6068862,,,https://www.wikidata.org/wiki/Q45423599,https://www.wikidata.org/wiki/Q2737681,Wikidata P915/P625/P6375/P577
Q45423599,"Past, Present or Future",television series episode,2017-12-08,Q5380061,恩斯通机场,51.9297,-1.4275,,,,tt6068862,,,https://www.wikidata.org/wiki/Q45423599,https://www.wikidata.org/wiki/Q5380061,Wikidata P915/P625/P6375/P577
Q125918939,Rogue,television series episode,2024-06-08,Q6519563,Leigh Court,51.469722222,-2.659166666,,,,tt28764089,,,https://www.wikidata.org/wiki/Q125918939,https://www.wikidata.org/wiki/Q6519563,Wikidata P915/P625/P6375/P577
Q125918939,Rogue,television series episode,2024-06-08,Q7837467,特雷迪加宅第,51.5616,-3.02814,,,,tt28764089,,,https://www.wikidata.org/wiki/Q125918939,https://www.wikidata.org/wiki/Q7837467,Wikidata P915/P625/P6375/P577
Q125918939,Rogue,television series episode,2024-06-08,Q6759081,馬格姆國家公園,51.5628,-3.72556,,,,tt28764089,,,https://www.wikidata.org/wiki/Q125918939,https://www.wikidata.org/wiki/Q6759081,Wikidata P915/P625/P6375/P577
Q137833393,Seven,television series episode,2026-02-06,Q10686,贝尔法斯特,54.596666666,-5.93,,,,tt32314201,,,https://www.wikidata.org/wiki/Q137833393,https://www.wikidata.org/wiki/Q10686,Wikidata P915/P625/P6375/P577
Q1197563,Taken at the Flood,television series episode,2006-01-01,Q16957681,Chilworth Manor,51.2206,-0.531,,,,tt0478227,1633382,,https://www.wikidata.org/wiki/Q1197563,https://www.wikidata.org/wiki/Q16957681,Wikidata P915/P625/P6375/P577
Q1197563,Taken at the Flood,television series episode,2006-01-01,Q5297593,Dorchester Abbey,51.6437,-1.1644,,,,tt0478227,1633382,,https://www.wikidata.org/wiki/Q1197563,https://www.wikidata.org/wiki/Q5297593,Wikidata P915/P625/P6375/P577
Q1197563,Taken at the Flood,television series episode,2006-01-01,Q17549614,The George Hotel,51.6439,-1.16575,"High Street, Dorchester-On-Thames, Wallingford, OX10 7HH",,,tt0478227,1633382,,https://www.wikidata.org/wiki/Q1197563,https://www.wikidata.org/wiki/Q17549614,Wikidata P915/P625/P6375/P577
Q1197563,Taken at the Flood,television series episode,2006-01-01,Q16974828,恩格爾菲爾德府,51.4431,-1.10603,,,,tt0478227,1633382,,https://www.wikidata.org/wiki/Q1197563,https://www.wikidata.org/wiki/Q16974828,Wikidata P915/P625/P6375/P577
Q1197563,Taken at the Flood,television series episode,2006-01-01,Q1243780,泰晤士河畔多切斯特,51.644,-1.166,,,,tt0478227,1633382,,https://www.wikidata.org/wiki/Q1197563,https://www.wikidata.org/wiki/Q1243780,Wikidata P915/P625/P6375/P577
Q125881931,The Devil's Chord,television series episode,2024-05-11,Q10690,加地夫,51.481666666,-3.179166666,,,,tt28306434,,,https://www.wikidata.org/wiki/Q125881931,https://www.wikidata.org/wiki/Q10690,Wikidata P915/P625/P6375/P577
Q46403381,The Falls Guys,television series episode,2017-12-15,Q2737681,大图村,51.963,-1.435,,,,tt6068864,,,https://www.wikidata.org/wiki/Q46403381,https://www.wikidata.org/wiki/Q2737681,Wikidata P915/P625/P6375/P577
Q28114440,The Holy Trinity,television series episode,2016-11-18,Q3783997,伦敦希思罗机场5号航站楼,51.4728,-0.48756,"Heathrow Airport Limited, The Compass Centre, Nelson Road, Hounslow, Middlesex, TW6 2GW, United Kingdom",,,tt5715192,,,https://www.wikidata.org/wiki/Q28114440,https://www.wikidata.org/wiki/Q3783997,Wikidata P915/P625/P6375/P577
Q28114440,The Holy Trinity,television series episode,2016-11-18,Q7275699,罗顿皇家空军基地,51.51,-1.79833,,,,tt5715192,,,https://www.wikidata.org/wiki/Q28114440,https://www.wikidata.org/wiki/Q7275699,Wikidata P915/P625/P6375/P577
Q137833395,The Morrow,television series episode,2026-02-22,Q10686,贝尔法斯特,54.596666666,-5.93,,,,tt32314212,,,https://www.wikidata.org/wiki/Q137833395,https://www.wikidata.org/wiki/Q10686,Wikidata P915/P625/P6375/P577
Q114032081,The Sound of Her Wings,television series episode,2022-08-05,Q7330838,Richmond Green,51.461666666,-0.306944444,,,,tt10573626,,,https://www.wikidata.org/wiki/Q114032081,https://www.wikidata.org/wiki/Q7330838,Wikidata P915/P625/P6375/P577
Q2421373,Third Girl,television series episode,2008-01-01,Q7498342,Shirburn Castle,51.65826,-0.99436,,,,tt0981210,,,https://www.wikidata.org/wiki/Q2421373,https://www.wikidata.org/wiki/Q7498342,Wikidata P915/P625/P6375/P577
Q2421373,Third Girl,television series episode,2008-01-01,Q8038699,羅瑟姆公園,51.6773,-0.196574,,,,tt0981210,,,https://www.wikidata.org/wiki/Q2421373,https://www.wikidata.org/wiki/Q8038699,Wikidata P915/P625/P6375/P577
Q28530979,[censored] to [censored],television series episode,2017-01-27,Q1012033,奥古斯都堡,57.1432,-4.68066,,,,tt6068854,,,https://www.wikidata.org/wiki/Q28530979,https://www.wikidata.org/wiki/Q1012033,Wikidata P915/P625/P6375/P577
Q28530979,[censored] to [censored],television series episode,2017-01-27,Q7275699,罗顿皇家空军基地,51.51,-1.79833,,,,tt6068854,,,https://www.wikidata.org/wiki/Q28530979,https://www.wikidata.org/wiki/Q7275699,Wikidata P915/P625/P6375/P577
Q15581476,三人征兆,television series episode,2014-01-05,Q2916209,倫敦郡會堂,51.501944444,-0.118888888,"1 Belvedere Road, London",,,tt2781042,,,https://www.wikidata.org/wiki/Q15581476,https://www.wikidata.org/wiki/Q2916209,Wikidata P915/P625/P6375/P577
Q15581476,三人征兆,television series episode,2014-01-05,Q5580261,哥德尼舍堂,51.4523,-2.6154,,,,tt2781042,,,https://www.wikidata.org/wiki/Q15581476,https://www.wikidata.org/wiki/Q5580261,Wikidata P915/P625/P6375/P577
Q15581476,三人征兆,television series episode,2014-01-05,Q7547691,斯尼德公園,51.4766,-2.6421,,,,tt2781042,,,https://www.wikidata.org/wiki/Q15581476,https://www.wikidata.org/wiki/Q7547691,Wikidata P915/P625/P6375/P577
Q15581476,三人征兆,television series episode,2014-01-05,Q7927014,維多利亞堂,51.45843,-2.60969,,,,tt2781042,,,https://www.wikidata.org/wiki/Q15581476,https://www.wikidata.org/wiki/Q7927014,Wikidata P915/P625/P6375/P577
Q2477742,借屍還魂,television series episode,2005-04-09,Q822875,Church Street,51.8127,-2.7148,,,,tt0563001,,,https://www.wikidata.org/wiki/Q2477742,https://www.wikidata.org/wiki/Q822875,Wikidata P915/P625/P6375/P577
Q2477742,借屍還魂,television series episode,2005-04-09,Q29491444,"Headlands School, Paget Place",51.442902,-3.1671385,,,,tt0563001,,,https://www.wikidata.org/wiki/Q2477742,https://www.wikidata.org/wiki/Q29491444,Wikidata P915/P625/P6375/P577
Q2477742,借屍還魂,television series episode,2005-04-09,Q7012089,New Theatre,51.4837,-3.17553,"Park Place, Cardiff, South Glamorgan, CF10 3LN, Wales",,,tt0563001,,,https://www.wikidata.org/wiki/Q2477742,https://www.wikidata.org/wiki/Q7012089,Wikidata P915/P625/P6375/P577
Q2477742,借屍還魂,television series episode,2005-04-09,Q106620558,St Mary's Street,51.811194444,-2.713,"St Mary's Street, Monmouth",,,tt0563001,,,https://www.wikidata.org/wiki/Q2477742,https://www.wikidata.org/wiki/Q106620558,Wikidata P915/P625/P6375/P577
Q2477742,借屍還魂,television series episode,2005-04-09,Q7653703,Swansea Marina,51.6158,-3.93833,,,,tt0563001,,,https://www.wikidata.org/wiki/Q2477742,https://www.wikidata.org/wiki/Q7653703,Wikidata P915/P625/P6375/P577
Q2477742,借屍還魂,television series episode,2005-04-09,Q10690,加地夫,51.481666666,-3.179166666,,,,tt0563001,,,https://www.wikidata.org/wiki/Q2477742,https://www.wikidata.org/wiki/Q10690,Wikidata P915/P625/P6375/P577
Q2477742,借屍還魂,television series episode,2005-04-09,Q926350,博福特阿姆斯酒店,51.812,-2.71496,"13 Beaufort Arms Court Shopping Mews, Agincourt Square, Monmouth NP25 3UA",,,tt0563001,,,https://www.wikidata.org/wiki/Q2477742,https://www.wikidata.org/wiki/Q926350,Wikidata P915/P625/P6375/P577
Q2477742,借屍還魂,television series episode,2005-04-09,Q23051,斯旺西,51.616666666,-3.95,,,,tt0563001,,,https://www.wikidata.org/wiki/Q2477742,https://www.wikidata.org/wiki/Q23051,Wikidata P915/P625/P6375/P577
Q2477742,借屍還魂,television series episode,2005-04-09,Q427792,珀纳斯,51.435833333,-3.175,,,,tt0563001,,,https://www.wikidata.org/wiki/Q2477742,https://www.wikidata.org/wiki/Q427792,Wikidata P915/P625/P6375/P577
Q2477742,借屍還魂,television series episode,2005-04-09,Q101254,纽波特,51.588611111,-2.997777777,,,,tt0563001,,,https://www.wikidata.org/wiki/Q2477742,https://www.wikidata.org/wiki/Q101254,Wikidata P915/P625/P6375/P577
Q2477742,借屍還魂,television series episode,2005-04-09,Q156990,蒙茅斯,51.81,-2.72,,,,tt0563001,,,https://www.wikidata.org/wiki/Q2477742,https://www.wikidata.org/wiki/Q156990,Wikidata P915/P625/P6375/P577
Q137833390,僱傭騎士,television series episode,2026-01-18,Q10686,贝尔法斯特,54.596666666,-5.93,,,,tt27497823,,,https://www.wikidata.org/wiki/Q137833390,https://www.wikidata.org/wiki/Q10686,Wikidata P915/P625/P6375/P577
Q6820409,圣诞快乐，憨豆先生,television series episode,1992-12-29,Q2321706,泰晤士河畔金斯頓,51.4103,-0.2995,,,,tt0365495,931452,,https://www.wikidata.org/wiki/Q6820409,https://www.wikidata.org/wiki/Q2321706,Wikidata P915/P625/P6375/P577
Q119082600,在海的另一边,television series episode,2023-06-15,Q964785,惠特斯特布尔,51.360694444,1.025694444,,,,tt27731623,,,https://www.wikidata.org/wiki/Q119082600,https://www.wikidata.org/wiki/Q964785,Wikidata P915/P625/P6375/P577
Q1573859,天使攻佔曼哈頓,television series episode,2012-09-29,Q24662538,Queen's Buildings,51.483788,-3.16896,,,,tt2378951,,,https://www.wikidata.org/wiki/Q1573859,https://www.wikidata.org/wiki/Q24662538,Wikidata P915/P625/P6375/P577
Q1573859,天使攻佔曼哈頓,television series episode,2012-09-29,Q10690,加地夫,51.481666666,-3.179166666,,,,tt2378951,,,https://www.wikidata.org/wiki/Q1573859,https://www.wikidata.org/wiki/Q10690,Wikidata P915/P625/P6375/P577
Q1573859,天使攻佔曼哈頓,television series episode,2012-09-29,Q990125,拉内利,51.683333333,-4.15,,,,tt2378951,,,https://www.wikidata.org/wiki/Q1573859,https://www.wikidata.org/wiki/Q990125,Wikidata P915/P625/P6375/P577
Q119082603,恶魔 79,television series episode,2023-06-15,Q54961,哈罗,51.5836,-0.3464,,,,tt27731671,,,https://www.wikidata.org/wiki/Q119082603,https://www.wikidata.org/wiki/Q54961,Wikidata P915/P625/P6375/P577
Q137833391,硬鹹牛肉,television series episode,2026-01-25,Q10686,贝尔法斯特,54.596666666,-5.93,,,,tt32314131,,,https://www.wikidata.org/wiki/Q137833391,https://www.wikidata.org/wiki/Q10686,Wikidata P915/P625/P6375/P577
Q64481618,碎片,television series episode,2019-06-05,Q676689,格雷夫森德,51.441666666,0.368611111,,,,tt8758202,,,https://www.wikidata.org/wiki/Q64481618,https://www.wikidata.org/wiki/Q676689,Wikidata P915/P625/P6375/P577
Q64481618,碎片,television series episode,2019-06-05,Q4581969,维多利亚女王街,51.512,-0.09993,,,,tt8758202,,,https://www.wikidata.org/wiki/Q64481618,https://www.wikidata.org/wiki/Q4581969,Wikidata P915/P625/P6375/P577
Q124004080,神秘博士：红宝石路教堂,television series episode,2023-12-25,Q17742126,St Mary's Church,51.548,-2.9488,,,,tt28289422,,,https://www.wikidata.org/wiki/Q124004080,https://www.wikidata.org/wiki/Q17742126,Wikidata P915/P625/P6375/P577
Q2052558,罗斯,television series episode,2005-03-26,Q4972142,BBC廣播站,51.4976,-3.2273,,,,tt0562992,,,https://www.wikidata.org/wiki/Q2052558,https://www.wikidata.org/wiki/Q4972142,Wikidata P915/P625/P6375/P577
Q2052558,罗斯,television series episode,2005-03-26,Q42291511,Brandon Estate,51.483,-0.1038,,,,tt0562992,,,https://www.wikidata.org/wiki/Q2052558,https://www.wikidata.org/wiki/Q42291511,Wikidata P915/P625/P6375/P577
Q2052558,罗斯,television series episode,2005-03-26,Q5515255,Gabalfa,51.5,-3.204,,,,tt0562992,,,https://www.wikidata.org/wiki/Q2052558,https://www.wikidata.org/wiki/Q5515255,Wikidata P915/P625/P6375/P577
Q2052558,罗斯,television series episode,2005-03-26,Q104657817,Working Street,51.480650274,-3.177534762,,,,tt0562992,,,https://www.wikidata.org/wiki/Q2052558,https://www.wikidata.org/wiki/Q104657817,Wikidata P915/P625/P6375/P577
Q2052558,罗斯,television series episode,2005-03-26,Q84,伦敦,51.507222222,-0.1275,,,,tt0562992,,,https://www.wikidata.org/wiki/Q2052558,https://www.wikidata.org/wiki/Q84,Wikidata P915/P625/P6375/P577
Q2052558,罗斯,television series episode,2005-03-26,Q160659,伦敦眼,51.503333333,-0.119722222,,,,tt0562992,,,https://www.wikidata.org/wiki/Q2052558,https://www.wikidata.org/wiki/Q160659,Wikidata P915/P625/P6375/P577
Q2052558,罗斯,television series episode,2005-03-26,Q10690,加地夫,51.481666666,-3.179166666,,,,tt0562992,,,https://www.wikidata.org/wiki/Q2052558,https://www.wikidata.org/wiki/Q10690,Wikidata P915/P625/P6375/P577
Q2052558,罗斯,television series episode,2005-03-26,Q5595745,格兰奇敦,51.4675,-3.18528,,,,tt0562992,,,https://www.wikidata.org/wiki/Q2052558,https://www.wikidata.org/wiki/Q5595745,Wikidata P915/P625/P6375/P577
Q2052558,罗斯,television series episode,2005-03-26,Q101254,纽波特,51.588611111,-2.997777777,,,,tt0562992,,,https://www.wikidata.org/wiki/Q2052558,https://www.wikidata.org/wiki/Q101254,Wikidata P915/P625/P6375/P577
Q50402975,罗斯的婚礼：上,television series episode,,Q62378,倫敦塔,51.5082,-0.076198055,"Tower Hill, London EC3N 4AB",,,tt0583566,,,https://www.wikidata.org/wiki/Q50402975,https://www.wikidata.org/wiki/Q62378,Wikidata P915/P625/P6375/P577
Q50402975,罗斯的婚礼：上,television series episode,,Q7734970,喷泉制作室,51.5612,-0.2818,,,,tt0583566,,,https://www.wikidata.org/wiki/Q50402975,https://www.wikidata.org/wiki/Q7734970,Wikidata P915/P625/P6375/P577
Q50402975,罗斯的婚礼：上,television series episode,,Q932992,格罗夫纳广场,51.511388888,-0.151388888,,,,tt0583566,,,https://www.wikidata.org/wiki/Q50402975,https://www.wikidata.org/wiki/Q932992,Wikidata P915/P625/P6375/P577
Q137833392,鄉紳,television series episode,2026-02-01,Q10686,贝尔法斯特,54.596666666,-5.93,,,,tt32314197,,,https://www.wikidata.org/wiki/Q137833392,https://www.wikidata.org/wiki/Q10686,Wikidata P915/P625/P6375/P577
Q5522376,骨頭花園,television series episode,2012-04-22,Q189592,安特里姆郡,54.865,-6.28,,,,tt2069319,,,https://www.wikidata.org/wiki/Q5522376,https://www.wikidata.org/wiki/Q189592,Wikidata P915/P625/P6375/P577
Q5522376,骨頭花園,television series episode,2012-04-22,Q58270,班布里奇,54.343,-6.26,,,,tt2069319,,,https://www.wikidata.org/wiki/Q5522376,https://www.wikidata.org/wiki/Q58270,Wikidata P915/P625/P6375/P577
Q5522376,骨頭花園,television series episode,2012-04-22,Q10686,贝尔法斯特,54.596666666,-5.93,,,,tt2069319,,,https://www.wikidata.org/wiki/Q5522376,https://www.wikidata.org/wiki/Q10686,Wikidata P915/P625/P6375/P577
Q84358761,鬧鬼的迪奧達蒂別墅,television series episode,2020-02-16,Q3405886,梅尔西尔毛尔,51.485555555,-3.610277777,,,,tt9361038,,,https://www.wikidata.org/wiki/Q84358761,https://www.wikidata.org/wiki/Q3405886,Wikidata P915/P625/P6375/P577
Q7521850,Frank Sinatra: In Concert at the Royal Festival Hall,television special,1970-11-22,Q647390,皇家節日大廳,51.505836111,-0.116788888,,,,tt1087448,271278,,https://www.wikidata.org/wiki/Q7521850,https://www.wikidata.org/wiki/Q647390,Wikidata P915/P625/P6375/P577
Q1817809,The Confessions Tour: Live from London,television special,,Q815571,温布利体育馆,51.558081,-0.282773,,,,tt0902306,18527,,https://www.wikidata.org/wiki/Q1817809,https://www.wikidata.org/wiki/Q815571,Wikidata P915/P625/P6375/P577
Q110207138,哈利·波特20周年：重返霍格沃兹,television special,2022-01-01,Q27924395,伦敦华纳兄弟工作室之旅─哈利·波特的制作,51.690447,-0.418095,,,,tt16116174,899082,,https://www.wikidata.org/wiki/Q110207138,https://www.wikidata.org/wiki/Q27924395,Wikidata P915/P625/P6375/P577
Q7763757,The Shell Seekers,two-part television film,2006-01-01,Q84,伦敦,51.507222222,-0.1275,,,,tt0758720,8680,,https://www.wikidata.org/wiki/Q7763757,https://www.wikidata.org/wiki/Q84,Wikidata P915/P625/P6375/P577
Q97105980,Charity Shop Sue,web series,,Q4383991,布尔韦尔,53.0005,-1.19723,,,,tt11685208,,158660,https://www.wikidata.org/wiki/Q97105980,https://www.wikidata.org/wiki/Q4383991,Wikidata P915/P625/P6375/P577
Q53722967,vDud,web series,2017-02-07,Q84,伦敦,51.507222222,-0.1275,,,,tt8948264,,,https://www.wikidata.org/wiki/Q53722967,https://www.wikidata.org/wiki/Q84,Wikidata P915/P625/P6375/P577
Q110124169,洛克靈異偵探社,web series,,Q84,伦敦,51.507222222,-0.1275,,,,tt13802576,,213241,https://www.wikidata.org/wiki/Q110124169,https://www.wikidata.org/wiki/Q84,Wikidata P915/P625/P6375/P577
